date_time,Dry Bulb Temperature,Relative Humidity,Wind Speed,Wind Direction,Global Horizontal Radiation,Direct Normal Radiation,Diffuse Horizontal Radiation
1976-01-01 01:00:00,2.8,52,5.2,80,0,0,0
1976-01-01 02:00:00,2.2,55,2.6,90,0,0,0
1976-01-01 03:00:00,1.1,62,2.1,10,0,0,0
1976-01-01 04:00:00,2.2,50,4.1,60,0,0,0
1976-01-01 05:00:00,-1.1,82,0.0,0,0,0,0
1976-01-01 06:00:00,0.6,59,3.1,80,0,0,0
1976-01-01 07:00:00,0.0,64,2.6,50,0,0,0
1976-01-01 08:00:00,-1.1,78,3.1,310,3,4,2
1976-01-01 09:00:00,-1.7,92,3.1,270,47,222,28
1976-01-01 10:00:00,0.0,89,3.1,260,159,450,65
1976-01-01 11:00:00,1.7,79,2.6,310,261,582,86
1976-01-01 12:00:00,2.2,73,2.6,260,324,654,93
1976-01-01 13:00:00,3.9,62,3.6,310,336,683,89
1976-01-01 14:00:00,5.0,58,2.6,290,299,619,95
1976-01-01 15:00:00,4.4,55,3.1,330,209,521,77
1976-01-01 16:00:00,3.9,60,2.1,310,94,288,53
1976-01-01 17:00:00,2.2,52,3.6,160,16,33,13
1976-01-01 18:00:00,1.7,59,2.6,80,0,0,0
1976-01-01 19:00:00,0.6,59,1.5,100,0,0,0
1976-01-01 20:00:00,-1.1,69,1.0,200,0,0,0
1976-01-01 21:00:00,0.0,67,1.0,30,0,0,0
1976-01-01 22:00:00,-0.6,72,2.6,80,0,0,0
1976-01-01 23:00:00,-3.3,88,2.6,300,0,0,0
1976-01-02 00:00:00,-2.8,85,1.5,270,0,0,0
1976-01-02 01:00:00,-1.7,89,0.0,0,0,0,0
1976-01-02 02:00:00,-1.7,89,0.0,0,0,0,0
1976-01-02 03:00:00,-0.6,85,0.0,0,0,0,0
1976-01-02 04:00:00,-1.7,89,0.0,0,0,0,0
1976-01-02 05:00:00,-1.1,89,0.0,0,0,0,0
1976-01-02 06:00:00,-1.1,85,0.0,0,0,0,0
1976-01-02 07:00:00,0.0,72,3.1,140,0,0,0
1976-01-02 08:00:00,0.6,64,4.1,120,1,0,1
1976-01-02 09:00:00,0.6,67,4.1,180,18,5,18
1976-01-02 10:00:00,1.7,59,7.7,140,90,52,79
1976-01-02 11:00:00,2.2,52,7.2,150,238,488,91
1976-01-02 12:00:00,4.4,49,4.6,130,234,351,110
1976-01-02 13:00:00,4.4,49,7.7,130,215,170,153
1976-01-02 14:00:00,5.0,49,5.2,120,184,42,170
1976-01-02 15:00:00,4.4,51,5.7,120,116,3,115
1976-01-02 16:00:00,3.9,53,4.1,130,76,5,76
1976-01-02 17:00:00,3.3,55,4.1,130,10,1,10
1976-01-02 18:00:00,2.8,62,3.6,140,0,0,0
1976-01-02 19:00:00,2.8,59,5.7,130,0,0,0
1976-01-02 20:00:00,2.8,59,5.2,130,0,0,0
1976-01-02 21:00:00,2.2,59,6.2,130,0,0,0
1976-01-02 22:00:00,2.8,65,5.2,130,0,0,0
1976-01-02 23:00:00,2.2,62,4.6,130,0,0,0
1976-01-03 00:00:00,1.7,73,5.2,130,0,0,0
1976-01-03 01:00:00,1.7,79,5.2,120,0,0,0
1976-01-03 02:00:00,1.7,73,6.7,120,0,0,0
1976-01-03 03:00:00,1.7,76,5.2,120,0,0,0
1976-01-03 04:00:00,1.1,85,6.7,120,0,0,0
1976-01-03 05:00:00,1.1,89,6.7,120,0,0,0
1976-01-03 06:00:00,1.1,85,5.7,130,0,0,0
1976-01-03 07:00:00,1.1,85,6.7,130,0,0,0
1976-01-03 08:00:00,1.1,85,5.2,140,1,0,1
1976-01-03 09:00:00,0.6,89,5.7,130,16,0,16
1976-01-03 10:00:00,0.6,89,6.7,120,35,2,34
1976-01-03 11:00:00,0.6,92,6.2,130,59,3,58
1976-01-03 12:00:00,1.1,89,5.2,120,93,1,93
1976-01-03 13:00:00,1.1,89,6.2,130,96,1,96
1976-01-03 14:00:00,1.1,92,7.7,120,87,1,87
1976-01-03 15:00:00,1.7,89,6.7,130,64,1,64
1976-01-03 16:00:00,1.7,92,7.2,130,50,1,50
1976-01-03 17:00:00,2.2,92,5.7,140,7,0,7
1976-01-03 18:00:00,2.8,85,5.7,120,0,0,0
1976-01-03 19:00:00,2.2,89,6.2,120,0,0,0
1976-01-03 20:00:00,2.2,92,6.2,130,0,0,0
1976-01-03 21:00:00,2.8,92,6.2,130,0,0,0
1976-01-03 22:00:00,3.3,89,4.6,120,0,0,0
1976-01-03 23:00:00,2.8,92,5.2,130,0,0,0
1976-01-04 00:00:00,3.3,93,6.2,130,0,0,0
1976-01-04 01:00:00,3.3,93,6.2,130,0,0,0
1976-01-04 02:00:00,2.8,96,6.2,130,0,0,0
1976-01-04 03:00:00,2.8,96,5.7,130,0,0,0
1976-01-04 04:00:00,2.8,96,5.7,140,0,0,0
1976-01-04 05:00:00,2.8,96,6.2,130,0,0,0
1976-01-04 06:00:00,3.3,93,6.2,130,0,0,0
1976-01-04 07:00:00,3.9,96,4.6,130,0,0,0
1976-01-04 08:00:00,5.0,93,3.6,140,1,0,1
1976-01-04 09:00:00,8.9,89,7.7,210,20,0,20
1976-01-04 10:00:00,10.0,83,11.3,180,58,0,58
1976-01-04 11:00:00,9.4,89,7.7,210,83,0,83
1976-01-04 12:00:00,10.0,89,7.7,210,97,1,97
1976-01-04 13:00:00,10.0,89,10.3,200,101,1,101
1976-01-04 14:00:00,10.0,89,6.2,220,88,1,88
1976-01-04 15:00:00,10.0,89,7.7,220,69,1,68
1976-01-04 16:00:00,10.0,89,8.8,210,35,0,35
1976-01-04 17:00:00,10.0,93,6.2,210,8,0,8
1976-01-04 18:00:00,10.0,93,6.2,180,0,0,0
1976-01-04 19:00:00,10.6,86,4.6,200,0,0,0
1976-01-04 20:00:00,10.6,86,4.1,240,0,0,0
1976-01-04 21:00:00,9.4,80,5.7,290,0,0,0
1976-01-04 22:00:00,7.2,83,4.6,290,0,0,0
1976-01-04 23:00:00,6.7,83,0.0,0,0,0,0
1976-01-05 00:00:00,6.1,83,1.0,30,0,0,0
1976-01-05 01:00:00,5.6,93,1.5,160,0,0,0
1976-01-05 02:00:00,5.6,93,3.1,100,0,0,0
1976-01-05 03:00:00,5.6,93,3.6,110,0,0,0
1976-01-05 04:00:00,3.9,96,3.6,110,0,0,0
1976-01-05 05:00:00,5.0,89,0.0,0,0,0,0
1976-01-05 06:00:00,4.4,93,3.6,110,0,0,0
1976-01-05 07:00:00,5.0,89,2.1,80,0,0,0
1976-01-05 08:00:00,5.0,89,3.1,120,1,0,1
1976-01-05 09:00:00,5.0,86,5.2,250,17,0,17
1976-01-05 10:00:00,3.9,89,5.2,260,49,0,49
1976-01-05 11:00:00,5.6,86,3.1,240,204,346,99
1976-01-05 12:00:00,6.7,80,2.6,260,234,195,164
1976-01-05 13:00:00,7.8,77,2.6,210,233,89,200
1976-01-05 14:00:00,8.3,68,3.6,250,181,170,124
1976-01-05 15:00:00,7.8,68,7.7,220,109,13,106
1976-01-05 16:00:00,7.2,74,5.7,230,25,2,25
1976-01-05 17:00:00,6.1,83,7.2,220,6,1,6
1976-01-05 18:00:00,6.1,83,1.5,180,0,0,0
1976-01-05 19:00:00,5.6,89,5.2,210,0,0,0
1976-01-05 20:00:00,5.6,86,7.2,210,0,0,0
1976-01-05 21:00:00,5.0,89,7.7,220,0,0,0
1976-01-05 22:00:00,5.0,89,7.2,230,0,0,0
1976-01-05 23:00:00,5.0,86,4.6,230,0,0,0
1976-01-06 00:00:00,3.9,86,2.6,240,0,0,0
1976-01-06 01:00:00,3.3,89,0.0,0,0,0,0
1976-01-06 02:00:00,3.9,86,2.1,190,0,0,0
1976-01-06 03:00:00,3.9,89,4.1,210,0,0,0
1976-01-06 04:00:00,3.9,86,4.1,200,0,0,0
1976-01-06 05:00:00,3.9,89,4.6,210,0,0,0
1976-01-06 06:00:00,3.3,86,0.0,0,0,0,0
1976-01-06 07:00:00,3.9,86,2.1,190,0,0,0
1976-01-06 08:00:00,3.9,86,2.6,230,0,0,0
1976-01-06 09:00:00,4.4,82,2.1,200,20,3,20
1976-01-06 10:00:00,5.6,79,2.6,240,94,30,88
1976-01-06 11:00:00,6.1,79,2.6,250,134,37,123
1976-01-06 12:00:00,6.1,76,1.5,190,215,98,180
1976-01-06 13:00:00,6.7,71,1.5,220,171,108,131
1976-01-06 14:00:00,7.2,68,3.1,240,79,36,67
1976-01-06 15:00:00,7.2,68,2.6,210,107,14,103
1976-01-06 16:00:00,6.7,71,4.1,220,47,3,46
1976-01-06 17:00:00,6.7,74,4.1,220,15,0,15
1976-01-06 18:00:00,6.1,76,5.2,200,0,0,0
1976-01-06 19:00:00,6.1,76,6.2,210,0,0,0
1976-01-06 20:00:00,6.1,83,5.7,210,0,0,0
1976-01-06 21:00:00,5.0,86,5.2,210,0,0,0
1976-01-06 22:00:00,4.4,86,3.1,200,0,0,0
1976-01-06 23:00:00,3.9,89,4.1,170,0,0,0
1976-01-07 00:00:00,2.8,92,4.1,130,0,0,0
1976-01-07 01:00:00,2.2,96,5.2,120,0,0,0
1976-01-07 02:00:00,3.3,93,4.6,130,0,0,0
1976-01-07 03:00:00,3.3,93,4.1,130,0,0,0
1976-01-07 04:00:00,2.2,96,5.2,120,0,0,0
1976-01-07 05:00:00,2.8,96,5.2,120,0,0,0
1976-01-07 06:00:00,3.3,93,6.2,130,0,0,0
1976-01-07 07:00:00,3.3,96,6.2,130,0,0,0
1976-01-07 08:00:00,3.3,96,4.1,130,1,0,1
1976-01-07 09:00:00,3.9,93,6.7,130,18,1,17
1976-01-07 10:00:00,3.9,93,7.7,120,50,1,50
1976-01-07 11:00:00,4.4,93,5.7,120,77,3,76
1976-01-07 12:00:00,4.4,93,7.7,130,89,2,88
1976-01-07 13:00:00,4.4,93,5.2,130,112,1,112
1976-01-07 14:00:00,5.0,93,7.2,130,94,0,94
1976-01-07 15:00:00,5.6,93,5.2,130,64,1,64
1976-01-07 16:00:00,5.6,96,4.6,120,35,1,35
1976-01-07 17:00:00,6.7,93,5.7,120,16,0,16
1976-01-07 18:00:00,6.1,93,6.7,120,0,0,0
1976-01-07 19:00:00,6.1,93,5.2,130,0,0,0
1976-01-07 20:00:00,6.1,96,5.2,90,0,0,0
1976-01-07 21:00:00,7.8,96,3.6,140,0,0,0
1976-01-07 22:00:00,11.1,90,4.1,190,0,0,0
1976-01-07 23:00:00,11.1,90,3.6,200,0,0,0
1976-01-08 00:00:00,7.2,93,4.1,110,0,0,0
1976-01-08 01:00:00,5.6,93,6.2,110,0,0,0
1976-01-08 02:00:00,5.0,93,6.7,120,0,0,0
1976-01-08 03:00:00,5.0,93,4.1,100,0,0,0
1976-01-08 04:00:00,5.6,93,2.6,100,0,0,0
1976-01-08 05:00:00,8.9,83,3.6,190,0,0,0
1976-01-08 06:00:00,8.9,80,4.1,190,0,0,0
1976-01-08 07:00:00,8.3,77,3.1,190,0,0,0
1976-01-08 08:00:00,8.3,83,2.6,110,1,0,1
1976-01-08 09:00:00,8.9,80,3.6,170,31,1,31
1976-01-08 10:00:00,8.9,80,3.6,200,101,1,101
1976-01-08 11:00:00,8.9,80,3.1,240,141,0,141
1976-01-08 12:00:00,10.0,77,5.2,200,170,1,170
1976-01-08 13:00:00,10.0,74,5.2,210,179,1,179
1976-01-08 14:00:00,10.0,74,6.2,200,173,0,173
1976-01-08 15:00:00,9.4,80,4.6,200,109,36,99
1976-01-08 16:00:00,8.9,83,6.2,190,60,38,54
1976-01-08 17:00:00,6.7,83,4.1,240,8,1,8
1976-01-08 18:00:00,6.1,86,5.2,200,0,0,0
1976-01-08 19:00:00,6.7,89,5.7,200,0,0,0
1976-01-08 20:00:00,6.7,86,6.2,220,0,0,0
1976-01-08 21:00:00,6.1,86,4.1,230,0,0,0
1976-01-08 22:00:00,6.1,86,4.1,180,0,0,0
1976-01-08 23:00:00,6.7,86,5.2,180,0,0,0
1976-01-09 00:00:00,5.6,86,6.2,210,0,0,0
1976-01-09 01:00:00,5.6,86,5.2,220,0,0,0
1976-01-09 02:00:00,5.6,86,6.7,210,0,0,0
1976-01-09 03:00:00,5.6,86,2.6,220,0,0,0
1976-01-09 04:00:00,5.6,79,0.0,0,0,0,0
1976-01-09 05:00:00,5.0,86,2.1,250,0,0,0
1976-01-09 06:00:00,3.3,93,0.0,0,0,0,0
1976-01-09 07:00:00,3.3,93,0.0,0,0,0,0
1976-01-09 08:00:00,2.8,92,1.5,70,5,21,2
1976-01-09 09:00:00,3.3,93,1.5,140,53,326,24
1976-01-09 10:00:00,5.6,86,1.5,140,168,626,33
1976-01-09 11:00:00,6.7,83,3.1,210,183,225,113
1976-01-09 12:00:00,6.7,80,2.6,170,200,162,141
1976-01-09 13:00:00,7.2,77,3.6,200,334,558,124
1976-01-09 14:00:00,6.7,76,1.5,210,225,283,127
1976-01-09 15:00:00,6.7,76,2.1,350,160,142,121
1976-01-09 16:00:00,7.2,74,0.0,0,79,103,62
1976-01-09 17:00:00,7.2,71,0.0,0,25,29,22
1976-01-09 18:00:00,6.1,76,3.1,190,0,0,0
1976-01-09 19:00:00,5.6,86,3.1,190,0,0,0
1976-01-09 20:00:00,5.6,86,3.6,180,0,0,0
1976-01-09 21:00:00,5.0,86,3.1,200,0,0,0
1976-01-09 22:00:00,5.6,83,2.1,140,0,0,0
1976-01-09 23:00:00,5.6,83,5.2,190,0,0,0
1976-01-10 00:00:00,5.6,83,5.2,200,0,0,0
1976-01-10 01:00:00,6.1,76,5.2,200,0,0,0
1976-01-10 02:00:00,6.1,76,5.2,210,0,0,0
1976-01-10 03:00:00,6.7,74,5.7,200,0,0,0
1976-01-10 04:00:00,6.7,74,7.7,190,0,0,0
1976-01-10 05:00:00,6.7,71,8.2,200,0,0,0
1976-01-10 06:00:00,6.7,68,8.2,210,0,0,0
1976-01-10 07:00:00,6.7,71,9.3,200,0,0,0
1976-01-10 08:00:00,6.7,71,7.7,220,1,0,1
1976-01-10 09:00:00,6.7,74,7.7,210,20,10,19
1976-01-10 10:00:00,6.7,76,10.3,210,46,6,45
1976-01-10 11:00:00,6.7,76,10.3,210,81,8,78
1976-01-10 12:00:00,7.2,74,9.3,200,90,2,90
1976-01-10 13:00:00,7.8,71,8.2,200,107,1,106
1976-01-10 14:00:00,8.3,68,8.2,200,194,2,194
1976-01-10 15:00:00,8.3,68,8.2,190,115,4,114
1976-01-10 16:00:00,8.3,71,7.7,200,76,1,76
1976-01-10 17:00:00,8.3,74,8.8,200,21,0,21
1976-01-10 18:00:00,8.3,74,10.3,190,0,0,0
1976-01-10 19:00:00,8.3,80,7.2,200,0,0,0
1976-01-10 20:00:00,8.3,80,7.7,210,0,0,0
1976-01-10 21:00:00,8.9,77,8.8,230,0,0,0
1976-01-10 22:00:00,8.3,86,7.7,210,0,0,0
1976-01-10 23:00:00,8.3,86,9.3,220,0,0,0
1976-01-11 00:00:00,8.3,89,8.2,230,0,0,0
1976-01-11 01:00:00,8.3,86,7.7,250,0,0,0
1976-01-11 02:00:00,7.2,89,3.1,250,0,0,0
1976-01-11 03:00:00,7.2,83,4.1,250,0,0,0
1976-01-11 04:00:00,6.7,86,3.1,310,0,0,0
1976-01-11 05:00:00,6.1,93,2.1,350,0,0,0
1976-01-11 06:00:00,6.1,89,1.5,250,0,0,0
1976-01-11 07:00:00,5.0,86,2.1,330,0,0,0
1976-01-11 08:00:00,4.4,86,2.6,160,4,11,2
1976-01-11 09:00:00,5.0,86,6.2,220,55,345,24
1976-01-11 10:00:00,6.7,83,5.7,210,120,266,63
1976-01-11 11:00:00,8.3,74,6.2,190,205,444,66
1976-01-11 12:00:00,8.9,68,5.7,190,151,58,129
1976-01-11 13:00:00,8.9,68,5.2,200,191,62,167
1976-01-11 14:00:00,8.3,66,6.7,220,151,7,148
1976-01-11 15:00:00,6.7,80,8.2,230,72,10,69
1976-01-11 16:00:00,5.6,79,0.0,0,66,48,58
1976-01-11 17:00:00,5.6,79,2.1,180,20,13,19
1976-01-11 18:00:00,5.6,79,2.6,180,0,0,0
1976-01-11 19:00:00,4.4,86,4.1,190,0,0,0
1976-01-11 20:00:00,5.0,82,4.1,170,0,0,0
1976-01-11 21:00:00,5.0,82,4.1,220,0,0,0
1976-01-11 22:00:00,4.4,86,4.1,160,0,0,0
1976-01-11 23:00:00,5.0,82,4.1,180,0,0,0
1976-01-12 00:00:00,5.0,86,4.1,210,0,0,0
1976-01-12 01:00:00,4.4,86,7.7,230,0,0,0
1976-01-12 02:00:00,3.9,89,3.6,250,0,0,0
1976-01-12 03:00:00,3.3,89,3.6,220,0,0,0
1976-01-12 04:00:00,2.8,92,2.1,230,0,0,0
1976-01-12 05:00:00,3.3,93,0.0,0,0,0,0
1976-01-12 06:00:00,2.8,89,2.1,210,0,0,0
1976-01-12 07:00:00,2.8,89,0.0,0,0,0,0
1976-01-12 08:00:00,3.3,86,2.1,180,1,2,1
1976-01-12 09:00:00,3.3,89,5.2,210,33,20,31
1976-01-12 10:00:00,5.0,86,4.6,220,97,68,82
1976-01-12 11:00:00,6.1,83,6.2,220,133,28,124
1976-01-12 12:00:00,7.2,74,6.7,230,175,52,156
1976-01-12 13:00:00,8.3,66,5.2,220,313,482,127
1976-01-12 14:00:00,7.8,61,5.2,230,292,474,125
1976-01-12 15:00:00,7.2,60,4.1,230,169,222,107
1976-01-12 16:00:00,7.2,63,2.6,230,75,60,65
1976-01-12 17:00:00,6.7,71,3.6,200,6,1,5
1976-01-12 18:00:00,4.4,86,3.6,210,0,0,0
1976-01-12 19:00:00,4.4,86,2.6,130,0,0,0
1976-01-12 20:00:00,3.9,93,4.1,120,0,0,0
1976-01-12 21:00:00,3.9,93,1.5,120,0,0,0
1976-01-12 22:00:00,3.9,89,3.6,130,0,0,0
1976-01-12 23:00:00,3.9,93,4.6,140,0,0,0
1976-01-13 00:00:00,3.9,89,3.6,130,0,0,0
1976-01-13 01:00:00,3.9,89,4.1,150,0,0,0
1976-01-13 02:00:00,3.3,93,3.6,120,0,0,0
1976-01-13 03:00:00,3.3,93,2.6,130,0,0,0
1976-01-13 04:00:00,3.3,93,3.6,120,0,0,0
1976-01-13 05:00:00,3.3,93,4.6,130,0,0,0
1976-01-13 06:00:00,3.3,93,6.2,120,0,0,0
1976-01-13 07:00:00,1.7,100,5.7,120,0,0,0
1976-01-13 08:00:00,3.3,89,4.6,140,0,0,0
1976-01-13 09:00:00,3.9,86,4.6,120,15,2,14
1976-01-13 10:00:00,3.9,89,5.2,120,33,1,33
1976-01-13 11:00:00,3.9,89,6.2,130,61,6,59
1976-01-13 12:00:00,4.4,86,6.7,120,97,2,96
1976-01-13 13:00:00,4.4,89,6.2,120,113,5,111
1976-01-13 14:00:00,4.4,93,5.7,120,89,2,88
1976-01-13 15:00:00,4.4,89,6.2,130,114,2,113
1976-01-13 16:00:00,4.4,89,5.2,140,59,0,59
1976-01-13 17:00:00,3.9,93,7.2,140,11,0,11
1976-01-13 18:00:00,3.9,93,7.2,130,0,0,0
1976-01-13 19:00:00,3.9,93,7.2,130,0,0,0
1976-01-13 20:00:00,3.9,93,7.2,130,0,0,0
1976-01-13 21:00:00,3.9,93,7.2,130,0,0,0
1976-01-13 22:00:00,4.4,93,7.2,130,0,0,0
1976-01-13 23:00:00,5.0,89,7.2,130,0,0,0
1976-01-14 00:00:00,5.0,93,7.7,130,0,0,0
1976-01-14 01:00:00,5.6,93,6.7,130,0,0,0
1976-01-14 02:00:00,6.1,93,5.7,130,0,0,0
1976-01-14 03:00:00,7.8,86,5.7,120,0,0,0
1976-01-14 04:00:00,10.6,86,8.8,190,0,0,0
1976-01-14 05:00:00,10.6,86,9.3,200,0,0,0
1976-01-14 06:00:00,10.6,86,8.2,180,0,0,0
1976-01-14 07:00:00,10.6,86,11.3,210,0,0,0
1976-01-14 08:00:00,10.6,86,9.8,210,1,0,1
1976-01-14 09:00:00,11.1,86,9.8,220,22,1,22
1976-01-14 10:00:00,11.1,86,8.2,240,100,1,99
1976-01-14 11:00:00,11.1,90,3.6,210,161,1,161
1976-01-14 12:00:00,11.7,86,5.2,200,177,2,177
1976-01-14 13:00:00,11.7,86,3.6,200,180,1,179
1976-01-14 14:00:00,11.7,86,4.6,210,103,1,103
1976-01-14 15:00:00,11.7,86,3.6,210,80,1,79
1976-01-14 16:00:00,11.1,93,2.6,220,74,0,74
1976-01-14 17:00:00,11.1,93,2.6,220,20,0,20
1976-01-14 18:00:00,12.2,86,7.7,200,0,0,0
1976-01-14 19:00:00,11.7,90,6.2,220,0,0,0
1976-01-14 20:00:00,12.8,83,8.2,220,0,0,0
1976-01-14 21:00:00,12.2,86,5.7,210,0,0,0
1976-01-14 22:00:00,12.2,83,3.1,240,0,0,0
1976-01-14 23:00:00,12.8,80,4.1,200,0,0,0
1976-01-15 00:00:00,12.8,80,5.7,230,0,0,0
1976-01-15 01:00:00,12.8,77,7.7,220,0,0,0
1976-01-15 02:00:00,12.8,77,7.7,220,0,0,0
1976-01-15 03:00:00,12.8,77,7.7,210,0,0,0
1976-01-15 04:00:00,12.8,77,6.2,210,0,0,0
1976-01-15 05:00:00,12.8,77,4.6,220,0,0,0
1976-01-15 06:00:00,12.8,80,6.2,220,0,0,0
1976-01-15 07:00:00,12.8,80,7.7,230,0,0,0
1976-01-15 08:00:00,13.3,75,7.2,220,2,0,2
1976-01-15 09:00:00,13.3,78,4.1,190,33,0,33
1976-01-15 10:00:00,13.3,78,5.2,200,84,0,84
1976-01-15 11:00:00,13.3,78,5.2,230,82,1,81
1976-01-15 12:00:00,13.9,78,4.1,190,173,1,173
1976-01-15 13:00:00,14.4,75,7.2,210,106,0,106
1976-01-15 14:00:00,13.9,78,7.2,220,173,0,173
1976-01-15 15:00:00,13.9,78,6.7,190,77,1,77
1976-01-15 16:00:00,14.4,75,2.6,200,78,1,78
1976-01-15 17:00:00,12.8,83,4.1,130,19,0,19
1976-01-15 18:00:00,12.2,86,2.6,100,0,0,0
1976-01-15 19:00:00,12.2,86,4.1,100,0,0,0
1976-01-15 20:00:00,11.7,90,4.1,130,0,0,0
1976-01-15 21:00:00,10.6,93,2.6,90,0,0,0
1976-01-15 22:00:00,10.6,96,1.5,170,0,0,0
1976-01-15 23:00:00,9.4,96,3.6,100,0,0,0
1976-01-16 00:00:00,8.9,96,0.0,0,0,0,0
1976-01-16 01:00:00,8.3,96,0.0,0,0,0,0
1976-01-16 02:00:00,6.7,96,2.1,310,0,0,0
1976-01-16 03:00:00,7.2,100,0.0,0,0,0,0
1976-01-16 04:00:00,6.7,100,0.0,0,0,0,0
1976-01-16 05:00:00,7.2,100,0.0,0,0,0,0
1976-01-16 06:00:00,7.2,100,0.0,0,0,0,0
1976-01-16 07:00:00,7.2,100,0.0,0,0,0,0
1976-01-16 08:00:00,6.7,100,0.0,0,2,0,2
1976-01-16 09:00:00,6.7,100,2.6,310,39,0,39
1976-01-16 10:00:00,6.7,100,2.6,320,102,1,102
1976-01-16 11:00:00,7.2,100,0.0,0,172,1,172
1976-01-16 12:00:00,7.2,100,2.1,310,194,1,194
1976-01-16 13:00:00,7.8,100,0.0,0,200,1,200
1976-01-16 14:00:00,7.8,100,0.0,0,189,0,189
1976-01-16 15:00:00,8.9,100,2.1,200,141,0,141
1976-01-16 16:00:00,8.9,100,2.1,200,88,0,88
1976-01-16 17:00:00,8.3,100,0.0,0,22,0,22
1976-01-16 18:00:00,8.3,100,0.0,0,0,0,0
1976-01-16 19:00:00,7.2,100,0.0,0,0,0,0
1976-01-16 20:00:00,7.8,100,0.0,0,0,0,0
1976-01-16 21:00:00,7.2,100,0.0,0,0,0,0
1976-01-16 22:00:00,7.2,100,0.0,0,0,0,0
1976-01-16 23:00:00,7.2,100,0.0,0,0,0,0
1976-01-17 00:00:00,7.2,100,0.0,0,0,0,0
1976-01-17 01:00:00,7.2,100,0.0,0,0,0,0
1976-01-17 02:00:00,7.2,100,0.0,0,0,0,0
1976-01-17 03:00:00,7.2,96,0.0,0,0,0,0
1976-01-17 04:00:00,7.2,96,2.1,180,0,0,0
1976-01-17 05:00:00,7.2,96,1.5,180,0,0,0
1976-01-17 06:00:00,6.7,100,3.1,180,0,0,0
1976-01-17 07:00:00,6.1,100,3.6,180,0,0,0
1976-01-17 08:00:00,6.1,100,2.6,90,2,0,2
1976-01-17 09:00:00,6.1,100,3.1,90,44,1,44
1976-01-17 10:00:00,6.1,100,3.6,120,64,1,64
1976-01-17 11:00:00,6.1,100,3.6,110,100,0,100
1976-01-17 12:00:00,6.7,96,2.1,100,114,1,114
1976-01-17 13:00:00,7.2,96,2.1,80,118,0,118
1976-01-17 14:00:00,7.2,96,2.6,100,106,0,106
1976-01-17 15:00:00,7.2,96,3.1,100,88,2,87
1976-01-17 16:00:00,7.8,96,2.6,120,85,1,85
1976-01-17 17:00:00,8.3,93,4.1,190,24,0,24
1976-01-17 18:00:00,8.3,93,2.6,210,0,0,0
1976-01-17 19:00:00,8.3,96,2.1,40,0,0,0
1976-01-17 20:00:00,7.8,96,1.5,170,0,0,0
1976-01-17 21:00:00,7.2,96,2.6,320,0,0,0
1976-01-17 22:00:00,7.2,89,3.6,320,0,0,0
1976-01-17 23:00:00,4.4,93,3.6,280,0,0,0
1976-01-18 00:00:00,6.7,83,3.6,340,0,0,0
1976-01-18 01:00:00,6.7,86,2.6,320,0,0,0
1976-01-18 02:00:00,6.1,89,2.6,310,0,0,0
1976-01-18 03:00:00,6.1,89,2.6,310,0,0,0
1976-01-18 04:00:00,6.7,83,4.1,340,0,0,0
1976-01-18 05:00:00,6.7,80,4.1,350,0,0,0
1976-01-18 06:00:00,6.1,83,2.6,240,0,0,0
1976-01-18 07:00:00,6.1,83,4.1,300,0,0,0
1976-01-18 08:00:00,5.0,86,1.5,180,2,0,2
1976-01-18 09:00:00,3.9,93,0.0,0,40,128,27
1976-01-18 10:00:00,7.2,80,0.0,0,164,450,60
1976-01-18 11:00:00,7.8,80,0.0,0,221,275,131
1976-01-18 12:00:00,8.9,74,3.1,10,270,348,135
1976-01-18 13:00:00,8.9,71,2.1,350,366,702,84
1976-01-18 14:00:00,10.0,66,4.1,350,331,674,80
1976-01-18 15:00:00,10.0,69,6.7,360,247,604,66
1976-01-18 16:00:00,9.4,71,4.1,320,132,412,53
1976-01-18 17:00:00,8.9,74,2.1,350,31,100,23
1976-01-18 18:00:00,8.3,74,4.6,340,0,0,0
1976-01-18 19:00:00,5.6,83,2.1,290,0,0,0
1976-01-18 20:00:00,5.0,82,3.1,300,0,0,0
1976-01-18 21:00:00,4.4,86,0.0,0,0,0,0
1976-01-18 22:00:00,3.9,89,2.6,290,0,0,0
1976-01-18 23:00:00,3.9,86,2.1,250,0,0,0
1976-01-19 00:00:00,2.8,92,2.6,320,0,0,0
1976-01-19 01:00:00,1.7,92,2.1,300,0,0,0
1976-01-19 02:00:00,1.7,89,2.6,300,0,0,0
1976-01-19 03:00:00,1.1,92,3.1,310,0,0,0
1976-01-19 04:00:00,1.1,89,2.6,310,0,0,0
1976-01-19 05:00:00,0.0,96,2.6,290,0,0,0
1976-01-19 06:00:00,1.7,92,2.6,310,0,0,0
1976-01-19 07:00:00,1.7,92,2.6,300,0,0,0
1976-01-19 08:00:00,1.7,85,2.6,240,2,2,2
1976-01-19 09:00:00,3.9,82,2.6,240,52,164,35
1976-01-19 10:00:00,6.1,79,3.1,290,167,439,64
1976-01-19 11:00:00,9.4,59,5.2,120,275,580,83
1976-01-19 12:00:00,11.1,50,5.2,120,344,643,94
1976-01-19 13:00:00,11.7,47,6.7,120,363,659,96
1976-01-19 14:00:00,12.8,40,8.2,110,328,630,91
1976-01-19 15:00:00,12.8,36,7.7,90,243,546,77
1976-01-19 16:00:00,12.2,34,9.3,90,129,369,57
1976-01-19 17:00:00,11.1,35,8.8,100,29,72,23
1976-01-19 18:00:00,10.0,36,8.8,100,0,0,0
1976-01-19 19:00:00,9.4,38,10.3,110,0,0,0
1976-01-19 20:00:00,9.4,36,8.2,110,0,0,0
1976-01-19 21:00:00,8.9,39,7.2,130,0,0,0
1976-01-19 22:00:00,7.8,46,7.7,120,0,0,0
1976-01-19 23:00:00,7.8,46,7.7,110,0,0,0
1976-01-20 00:00:00,6.7,53,7.2,110,0,0,0
1976-01-20 01:00:00,5.6,60,5.7,120,0,0,0
1976-01-20 02:00:00,5.6,58,4.6,130,0,0,0
1976-01-20 03:00:00,5.0,60,0.0,0,0,0,0
1976-01-20 04:00:00,3.3,70,5.2,110,0,0,0
1976-01-20 05:00:00,4.4,68,7.2,120,0,0,0
1976-01-20 06:00:00,3.9,70,7.2,130,0,0,0
1976-01-20 07:00:00,3.9,70,8.8,130,0,0,0
1976-01-20 08:00:00,3.9,70,8.8,130,6,37,2
1976-01-20 09:00:00,5.0,65,9.3,120,68,418,24
1976-01-20 10:00:00,6.7,58,7.2,130,199,681,38
1976-01-20 11:00:00,7.2,56,8.2,120,311,788,48
1976-01-20 12:00:00,7.8,56,7.2,130,382,837,53
1976-01-20 13:00:00,8.3,54,6.7,130,402,849,55
1976-01-20 14:00:00,8.3,56,7.7,130,366,827,52
1976-01-20 15:00:00,7.8,56,8.2,130,280,764,45
1976-01-20 16:00:00,7.2,58,7.7,130,157,620,35
1976-01-20 17:00:00,5.6,63,7.7,130,39,269,18
1976-01-20 18:00:00,5.0,62,9.8,120,0,0,0
1976-01-20 19:00:00,4.4,65,8.8,130,0,0,0
1976-01-20 20:00:00,3.9,67,7.7,130,0,0,0
1976-01-20 21:00:00,3.9,67,7.2,120,0,0,0
1976-01-20 22:00:00,3.3,70,6.2,130,0,0,0
1976-01-20 23:00:00,3.3,70,7.2,130,0,0,0
1976-01-21 00:00:00,2.8,73,7.2,130,0,0,0
1976-01-21 01:00:00,2.8,73,6.2,130,0,0,0
1976-01-21 02:00:00,0.6,85,3.1,70,0,0,0
1976-01-21 03:00:00,1.1,82,3.1,110,0,0,0
1976-01-21 04:00:00,2.2,73,5.2,130,0,0,0
1976-01-21 05:00:00,0.6,82,2.6,80,0,0,0
1976-01-21 06:00:00,0.0,85,0.0,0,0,0,0
1976-01-21 07:00:00,-0.6,89,2.1,110,0,0,0
1976-01-21 08:00:00,1.7,76,4.6,120,8,48,3
1976-01-21 09:00:00,2.2,79,0.0,0,71,457,22
1976-01-21 10:00:00,3.9,70,2.1,330,172,540,43
1976-01-21 11:00:00,7.2,56,0.0,0,293,759,37
1976-01-21 12:00:00,7.2,56,5.7,130,354,741,60
1976-01-21 13:00:00,7.8,56,7.2,130,392,823,53
1976-01-21 14:00:00,7.2,56,7.2,130,372,826,55
1976-01-21 15:00:00,7.2,56,6.7,130,284,763,47
1976-01-21 16:00:00,6.7,58,7.2,130,163,652,32
1976-01-21 17:00:00,5.0,62,7.2,140,43,308,18
1976-01-21 18:00:00,4.4,65,5.7,120,0,0,0
1976-01-21 19:00:00,3.3,70,5.7,130,0,0,0
1976-01-21 20:00:00,2.8,73,5.2,130,0,0,0
1976-01-21 21:00:00,2.8,73,5.2,120,0,0,0
1976-01-21 22:00:00,1.1,82,3.1,120,0,0,0
1976-01-21 23:00:00,1.1,85,1.5,110,0,0,0
1976-01-22 00:00:00,1.7,79,5.2,130,0,0,0
1976-01-22 01:00:00,1.7,79,4.1,130,0,0,0
1976-01-22 02:00:00,2.2,76,4.6,140,0,0,0
1976-01-22 03:00:00,1.7,79,3.1,90,0,0,0
1976-01-22 04:00:00,2.2,79,0.0,0,0,0,0
1976-01-22 05:00:00,2.2,79,4.1,110,0,0,0
1976-01-22 06:00:00,2.8,73,5.2,140,0,0,0
1976-01-22 07:00:00,3.3,70,6.2,130,0,0,0
1976-01-22 08:00:00,2.8,79,6.2,120,0,0,0
1976-01-22 09:00:00,2.2,92,2.6,50,14,0,14
1976-01-22 10:00:00,2.2,92,2.1,110,46,5,45
1976-01-22 11:00:00,2.8,92,4.1,120,66,4,65
1976-01-22 12:00:00,2.8,92,2.1,120,75,0,75
1976-01-22 13:00:00,3.3,93,1.5,110,87,3,86
1976-01-22 14:00:00,3.3,96,2.1,90,83,3,82
1976-01-22 15:00:00,3.9,93,2.6,110,109,1,109
1976-01-22 16:00:00,5.0,93,0.0,0,64,1,63
1976-01-22 17:00:00,5.0,89,2.6,330,26,0,26
1976-01-22 18:00:00,4.4,93,2.1,290,0,0,0
1976-01-22 19:00:00,4.4,93,0.0,0,0,0,0
1976-01-22 20:00:00,4.4,93,1.5,300,0,0,0
1976-01-22 21:00:00,4.4,93,3.1,290,0,0,0
1976-01-22 22:00:00,5.0,89,3.1,300,0,0,0
1976-01-22 23:00:00,3.9,96,2.1,270,0,0,0
1976-01-23 00:00:00,2.8,96,2.6,290,0,0,0
1976-01-23 01:00:00,2.2,96,2.6,330,0,0,0
1976-01-23 02:00:00,1.1,96,0.0,0,0,0,0
1976-01-23 03:00:00,2.2,96,0.0,0,0,0,0
1976-01-23 04:00:00,2.8,82,0.0,0,0,0,0
1976-01-23 05:00:00,2.2,100,2.6,350,0,0,0
1976-01-23 06:00:00,2.2,100,0.0,0,0,0,0
1976-01-23 07:00:00,2.2,96,0.0,0,0,0,0
1976-01-23 08:00:00,1.7,100,0.0,0,4,0,4
1976-01-23 09:00:00,1.7,96,0.0,0,41,0,41
1976-01-23 10:00:00,2.2,96,3.1,140,116,1,116
1976-01-23 11:00:00,2.8,96,2.6,60,155,0,155
1976-01-23 12:00:00,3.3,89,2.1,300,191,1,191
1976-01-23 13:00:00,3.9,89,3.6,290,212,2,211
1976-01-23 14:00:00,3.9,89,3.6,310,202,8,199
1976-01-23 15:00:00,4.4,86,2.6,310,229,281,139
1976-01-23 16:00:00,4.4,82,0.0,0,106,96,85
1976-01-23 17:00:00,2.8,89,0.0,0,31,24,29
1976-01-23 18:00:00,2.8,89,2.1,110,0,0,0
1976-01-23 19:00:00,2.8,92,2.1,130,0,0,0
1976-01-23 20:00:00,1.7,92,2.6,80,0,0,0
1976-01-23 21:00:00,1.7,89,1.5,50,0,0,0
1976-01-23 22:00:00,1.7,92,0.0,0,0,0,0
1976-01-23 23:00:00,1.7,96,0.0,0,0,0,0
1976-01-24 00:00:00,0.6,96,3.6,270,0,0,0
1976-01-24 01:00:00,0.6,100,2.6,280,0,0,0
1976-01-24 02:00:00,0.0,100,3.1,260,0,0,0
1976-01-24 03:00:00,0.0,100,0.0,0,0,0,0
1976-01-24 04:00:00,0.0,100,0.0,0,0,0,0
1976-01-24 05:00:00,0.0,100,0.0,0,0,0,0
1976-01-24 06:00:00,0.0,100,0.0,0,0,0,0
1976-01-24 07:00:00,0.6,100,0.0,0,0,0,0
1976-01-24 08:00:00,0.6,100,0.0,0,1,0,1
1976-01-24 09:00:00,0.6,100,0.0,0,47,4,47
1976-01-24 10:00:00,0.6,100,0.0,0,90,1,90
1976-01-24 11:00:00,0.6,100,3.6,300,137,8,134
1976-01-24 12:00:00,1.1,96,2.1,220,174,3,173
1976-01-24 13:00:00,1.7,89,2.1,130,173,2,172
1976-01-24 14:00:00,2.2,85,0.0,0,156,6,153
1976-01-24 15:00:00,2.2,85,0.0,0,135,2,134
1976-01-24 16:00:00,2.8,85,2.6,260,153,418,63
1976-01-24 17:00:00,1.1,92,4.1,270,37,75,31
1976-01-24 18:00:00,1.1,92,3.6,300,0,0,0
1976-01-24 19:00:00,0.6,96,2.6,330,0,0,0
1976-01-24 20:00:00,0.6,96,2.1,340,0,0,0
1976-01-24 21:00:00,0.0,100,2.1,60,0,0,0
1976-01-24 22:00:00,0.0,100,0.0,0,0,0,0
1976-01-24 23:00:00,0.0,96,0.0,0,0,0,0
1976-01-25 00:00:00,0.0,96,2.6,70,0,0,0
1976-01-25 01:00:00,-0.6,100,0.0,0,0,0,0
1976-01-25 02:00:00,-0.6,100,0.0,0,0,0,0
1976-01-25 03:00:00,-0.6,100,0.0,0,0,0,0
1976-01-25 04:00:00,-1.1,96,0.0,0,0,0,0
1976-01-25 05:00:00,-1.1,96,0.0,0,0,0,0
1976-01-25 06:00:00,-1.1,96,0.0,0,0,0,0
1976-01-25 07:00:00,-1.1,96,0.0,0,0,0,0
1976-01-25 08:00:00,-1.1,96,0.0,0,4,0,4
1976-01-25 09:00:00,-1.1,96,0.0,0,36,4,36
1976-01-25 10:00:00,-0.6,92,0.0,0,78,4,77
1976-01-25 11:00:00,-0.6,92,0.0,0,124,3,123
1976-01-25 12:00:00,0.0,92,2.1,320,213,5,211
1976-01-25 13:00:00,0.6,89,1.5,350,167,1,167
1976-01-25 14:00:00,1.1,85,2.1,50,176,2,175
1976-01-25 15:00:00,1.7,82,0.0,0,283,542,106
1976-01-25 16:00:00,2.2,82,1.5,270,150,375,69
1976-01-25 17:00:00,1.1,89,0.0,0,43,63,37
1976-01-25 18:00:00,0.6,92,2.6,140,0,0,0
1976-01-25 19:00:00,0.6,92,3.6,180,0,0,0
1976-01-25 20:00:00,0.6,92,2.1,180,0,0,0
1976-01-25 21:00:00,0.6,92,2.6,200,0,0,0
1976-01-25 22:00:00,0.6,92,3.1,200,0,0,0
1976-01-25 23:00:00,0.0,92,2.1,180,0,0,0
1976-01-26 00:00:00,0.0,92,3.1,140,0,0,0
1976-01-26 01:00:00,0.0,92,3.6,150,0,0,0
1976-01-26 02:00:00,0.0,89,0.0,0,0,0,0
1976-01-26 03:00:00,0.0,89,2.1,150,0,0,0
1976-01-26 04:00:00,0.6,85,0.0,0,0,0,0
1976-01-26 05:00:00,0.6,89,3.1,130,0,0,0
1976-01-26 06:00:00,1.1,85,0.0,0,0,0,0
1976-01-26 07:00:00,1.1,85,0.0,0,0,0,0
1976-01-26 08:00:00,1.7,89,0.0,0,0,0,0
1976-01-26 09:00:00,1.7,89,2.6,130,44,3,44
1976-01-26 10:00:00,2.2,89,3.1,120,58,4,57
1976-01-26 11:00:00,3.3,86,0.0,0,124,8,121
1976-01-26 12:00:00,3.9,82,2.1,120,196,9,192
1976-01-26 13:00:00,3.9,86,2.1,90,191,8,188
1976-01-26 14:00:00,5.0,79,2.6,120,171,2,170
1976-01-26 15:00:00,5.6,79,4.6,110,147,3,146
1976-01-26 16:00:00,5.6,83,3.1,100,85,0,85
1976-01-26 17:00:00,5.6,83,2.6,130,27,0,27
1976-01-26 18:00:00,6.1,79,5.2,130,0,0,0
1976-01-26 19:00:00,6.1,79,2.1,100,0,0,0
1976-01-26 20:00:00,6.7,83,3.6,120,0,0,0
1976-01-26 21:00:00,7.2,80,4.1,130,0,0,0
1976-01-26 22:00:00,7.2,80,3.6,120,0,0,0
1976-01-26 23:00:00,11.1,50,5.7,220,0,0,0
1976-01-27 00:00:00,11.7,55,6.2,220,0,0,0
1976-01-27 01:00:00,11.7,59,6.7,190,0,0,0
1976-01-27 02:00:00,11.1,72,4.1,160,0,0,0
1976-01-27 03:00:00,11.1,74,5.7,180,0,0,0
1976-01-27 04:00:00,10.6,83,5.2,230,0,0,0
1976-01-27 05:00:00,10.6,86,6.7,200,0,0,0
1976-01-27 06:00:00,10.6,86,7.7,200,0,0,0
1976-01-27 07:00:00,10.0,89,7.2,200,0,0,0
1976-01-27 08:00:00,10.0,89,8.2,200,4,0,4
1976-01-27 09:00:00,9.4,93,8.8,190,27,1,27
1976-01-27 10:00:00,10.0,89,4.1,200,115,1,114
1976-01-27 11:00:00,10.6,86,2.1,240,173,1,173
1976-01-27 12:00:00,10.6,90,2.1,200,199,1,198
1976-01-27 13:00:00,10.6,90,2.1,140,125,1,124
1976-01-27 14:00:00,11.7,83,2.6,150,189,1,189
1976-01-27 15:00:00,12.2,80,1.5,210,102,0,102
1976-01-27 16:00:00,11.7,83,1.5,190,104,1,104
1976-01-27 17:00:00,11.7,86,2.1,160,30,0,30
1976-01-27 18:00:00,11.1,86,2.1,90,1,0,1
1976-01-27 19:00:00,9.4,96,2.6,70,0,0,0
1976-01-27 20:00:00,10.0,96,2.6,100,0,0,0
1976-01-27 21:00:00,10.0,96,2.6,100,0,0,0
1976-01-27 22:00:00,10.0,96,4.1,130,0,0,0
1976-01-27 23:00:00,9.4,96,3.1,130,0,0,0
1976-01-28 00:00:00,10.0,93,5.2,130,0,0,0
1976-01-28 01:00:00,8.9,96,2.1,70,0,0,0
1976-01-28 02:00:00,8.3,96,0.0,0,0,0,0
1976-01-28 03:00:00,8.3,96,0.0,0,0,0,0
1976-01-28 04:00:00,7.2,96,0.0,0,0,0,0
1976-01-28 05:00:00,6.1,100,1.5,270,0,0,0
1976-01-28 06:00:00,7.2,100,2.1,320,0,0,0
1976-01-28 07:00:00,6.1,100,3.1,110,0,0,0
1976-01-28 08:00:00,6.1,100,1.5,210,8,7,7
1976-01-28 09:00:00,6.1,100,0.0,0,61,127,45
1976-01-28 10:00:00,7.2,100,2.1,60,84,2,84
1976-01-28 11:00:00,9.4,100,2.6,200,177,118,134
1976-01-28 12:00:00,9.4,96,2.6,170,182,2,181
1976-01-28 13:00:00,10.0,93,2.1,190,153,2,153
1976-01-28 14:00:00,10.6,90,2.6,170,221,8,217
1976-01-28 15:00:00,11.7,83,2.1,180,187,106,151
1976-01-28 16:00:00,10.6,86,3.1,210,116,165,78
1976-01-28 17:00:00,8.9,89,2.6,220,49,77,42
1976-01-28 18:00:00,7.8,93,2.1,190,1,1,1
1976-01-28 19:00:00,8.3,89,0.0,0,0,0,0
1976-01-28 20:00:00,8.9,89,0.0,0,0,0,0
1976-01-28 21:00:00,8.3,93,2.6,240,0,0,0
1976-01-28 22:00:00,8.9,89,2.6,240,0,0,0
1976-01-28 23:00:00,8.3,93,0.0,0,0,0,0
1976-01-29 00:00:00,8.9,89,0.0,0,0,0,0
1976-01-29 01:00:00,8.3,93,2.1,130,0,0,0
1976-01-29 02:00:00,7.2,96,2.1,120,0,0,0
1976-01-29 03:00:00,6.7,93,2.6,120,0,0,0
1976-01-29 04:00:00,6.1,93,3.6,120,0,0,0
1976-01-29 05:00:00,6.1,93,2.1,120,0,0,0
1976-01-29 06:00:00,5.6,93,4.1,100,0,0,0
1976-01-29 07:00:00,5.0,89,2.1,110,0,0,0
1976-01-29 08:00:00,4.4,89,2.6,130,3,0,3
1976-01-29 09:00:00,5.0,93,2.1,210,25,0,25
1976-01-29 10:00:00,6.1,86,4.1,180,171,282,97
1976-01-29 11:00:00,6.7,86,6.2,110,293,401,147
1976-01-29 12:00:00,7.2,80,3.6,90,186,118,136
1976-01-29 13:00:00,7.8,74,2.1,130,160,9,156
1976-01-29 14:00:00,7.2,80,3.1,120,161,35,146
1976-01-29 15:00:00,7.8,80,4.1,70,133,3,132
1976-01-29 16:00:00,7.8,77,2.1,270,69,1,68
1976-01-29 17:00:00,7.8,80,0.0,0,24,1,24
1976-01-29 18:00:00,7.8,74,2.1,10,0,0,0
1976-01-29 19:00:00,7.2,80,2.1,30,0,0,0
1976-01-29 20:00:00,7.2,80,2.1,50,0,0,0
1976-01-29 21:00:00,7.2,77,0.0,0,0,0,0
1976-01-29 22:00:00,6.7,83,2.1,80,0,0,0
1976-01-29 23:00:00,6.7,83,0.0,0,0,0,0
1976-01-30 00:00:00,6.7,80,2.6,30,0,0,0
1976-01-30 01:00:00,6.7,80,2.6,350,0,0,0
1976-01-30 02:00:00,6.1,83,1.5,130,0,0,0
1976-01-30 03:00:00,6.1,83,0.0,0,0,0,0
1976-01-30 04:00:00,6.1,79,2.1,10,0,0,0
1976-01-30 05:00:00,3.9,89,1.5,90,0,0,0
1976-01-30 06:00:00,4.4,89,0.0,0,0,0,0
1976-01-30 07:00:00,3.3,89,0.0,0,0,0,0
1976-01-30 08:00:00,2.8,92,1.5,90,9,23,7
1976-01-30 09:00:00,3.9,89,1.5,20,81,333,37
1976-01-30 10:00:00,5.6,79,0.0,0,213,586,57
1976-01-30 11:00:00,7.2,74,2.6,270,331,688,79
1976-01-30 12:00:00,8.9,68,3.1,340,404,756,80
1976-01-30 13:00:00,11.1,61,2.1,290,428,774,82
1976-01-30 14:00:00,11.7,62,2.1,260,395,754,78
1976-01-30 15:00:00,13.3,60,3.1,320,308,688,68
1976-01-30 16:00:00,13.3,60,2.1,260,184,550,53
1976-01-30 17:00:00,12.8,62,0.0,0,54,247,30
1976-01-30 18:00:00,8.9,77,0.0,0,2,5,1
1976-01-30 19:00:00,7.8,77,0.0,0,0,0,0
1976-01-30 20:00:00,8.3,66,3.1,250,0,0,0
1976-01-30 21:00:00,7.2,65,3.1,250,0,0,0
1976-01-30 22:00:00,6.7,80,2.6,320,0,0,0
1976-01-30 23:00:00,5.6,86,0.0,0,0,0,0
1976-01-31 00:00:00,3.3,89,3.1,270,0,0,0
1976-01-31 01:00:00,4.4,89,0.0,0,0,0,0
1976-01-31 02:00:00,3.3,93,2.6,300,0,0,0
1976-01-31 03:00:00,2.2,96,2.1,300,0,0,0
1976-01-31 04:00:00,1.1,100,0.0,0,0,0,0
1976-01-31 05:00:00,1.7,96,0.0,0,0,0,0
1976-01-31 06:00:00,-0.6,96,2.1,300,0,0,0
1976-01-31 07:00:00,0.0,92,2.1,290,0,0,0
1976-01-31 08:00:00,-0.6,89,0.0,0,12,59,7
1976-01-31 09:00:00,0.6,96,4.6,280,90,411,34
1976-01-31 10:00:00,3.3,89,3.6,320,184,427,69
1976-01-31 11:00:00,6.1,79,3.6,300,325,633,90
1976-01-31 12:00:00,8.9,66,2.1,300,366,680,71
1976-01-31 13:00:00,10.0,59,3.6,180,418,751,79
1976-01-31 14:00:00,10.0,57,5.7,120,410,799,72
1976-01-31 15:00:00,8.9,59,6.2,140,259,446,102
1976-01-31 16:00:00,8.9,56,6.2,130,170,392,75
1976-01-31 17:00:00,6.7,65,5.2,120,59,274,31
1976-01-31 18:00:00,5.6,68,6.2,120,4,19,2
1976-01-31 19:00:00,5.0,68,6.7,140,0,0,0
1976-01-31 20:00:00,3.9,76,6.2,120,0,0,0
1976-01-31 21:00:00,3.3,76,6.2,120,0,0,0
1976-01-31 22:00:00,3.2,79,6.0,130,0,0,0
1976-01-31 23:00:00,3.2,79,5.7,120,0,0,0
1976-02-01 00:00:00,3.1,85,5.5,0,0,0,0
1977-02-01 01:00:00,3.0,93,5.3,120,0,0,0
1977-02-01 02:00:00,2.9,92,5.1,120,0,0,0
1977-02-01 03:00:00,2.9,92,4.8,120,0,0,0
1977-02-01 04:00:00,2.8,92,4.6,120,0,0,0
1977-02-01 05:00:00,2.8,92,5.2,120,0,0,0
1977-02-01 06:00:00,2.8,92,4.1,120,0,0,0
1977-02-01 07:00:00,2.8,92,2.6,120,0,0,0
1977-02-01 08:00:00,2.8,92,3.6,120,8,0,8
1977-02-01 09:00:00,3.3,93,4.1,130,48,0,48
1977-02-01 10:00:00,3.9,89,3.6,120,113,0,113
1977-02-01 11:00:00,5.0,86,2.6,120,257,223,173
1977-02-01 12:00:00,6.7,80,2.1,40,374,569,125
1977-02-01 13:00:00,7.2,77,1.5,10,416,674,110
1977-02-01 14:00:00,8.3,74,1.5,80,322,414,145
1977-02-01 15:00:00,9.4,69,2.1,130,278,518,93
1977-02-01 16:00:00,7.8,68,4.6,130,167,414,65
1977-02-01 17:00:00,6.1,71,5.2,120,45,80,37
1977-02-01 18:00:00,4.4,76,5.2,120,1,1,1
1977-02-01 19:00:00,3.3,82,6.2,120,0,0,0
1977-02-01 20:00:00,3.3,82,3.6,120,0,0,0
1977-02-01 21:00:00,3.3,79,3.6,130,0,0,0
1977-02-01 22:00:00,1.7,82,2.6,150,0,0,0
1977-02-01 23:00:00,3.3,82,3.1,120,0,0,0
1977-02-02 00:00:00,2.2,82,2.6,130,0,0,0
1977-02-02 01:00:00,1.7,82,1.5,120,0,0,0
1977-02-02 02:00:00,1.1,89,1.5,150,0,0,0
1977-02-02 03:00:00,2.2,82,1.5,110,0,0,0
1977-02-02 04:00:00,1.1,89,0.0,0,0,0,0
1977-02-02 05:00:00,0.0,96,1.5,330,0,0,0
1977-02-02 06:00:00,1.1,96,1.5,60,0,0,0
1977-02-02 07:00:00,-0.6,96,0.0,0,0,0,0
1977-02-02 08:00:00,1.1,96,1.5,30,4,0,4
1977-02-02 09:00:00,1.7,96,2.1,290,74,107,59
1977-02-02 10:00:00,3.3,89,3.6,310,207,489,71
1977-02-02 11:00:00,6.1,63,6.2,120,310,544,103
1977-02-02 12:00:00,6.7,60,7.7,120,370,550,127
1977-02-02 13:00:00,7.2,56,8.2,120,393,598,119
1977-02-02 14:00:00,7.2,58,7.7,120,369,612,104
1977-02-02 15:00:00,7.2,56,8.2,120,307,600,89
1977-02-02 16:00:00,6.1,58,7.7,120,182,453,68
1977-02-02 17:00:00,5.6,60,7.7,110,57,172,37
1977-02-02 18:00:00,3.9,65,7.2,110,3,2,3
1977-02-02 19:00:00,3.9,65,7.7,120,0,0,0
1977-02-02 20:00:00,4.4,60,10.3,110,0,0,0
1977-02-02 21:00:00,3.9,62,7.7,110,0,0,0
1977-02-02 22:00:00,3.9,62,7.7,110,0,0,0
1977-02-02 23:00:00,3.9,62,8.8,110,0,0,0
1977-02-03 00:00:00,3.3,65,7.7,110,0,0,0
1977-02-03 01:00:00,3.3,62,6.2,100,0,0,0
1977-02-03 02:00:00,3.3,62,7.7,110,0,0,0
1977-02-03 03:00:00,1.7,70,6.2,120,0,0,0
1977-02-03 04:00:00,1.7,70,4.1,80,0,0,0
1977-02-03 05:00:00,1.7,70,5.2,110,0,0,0
1977-02-03 06:00:00,2.2,67,4.1,90,0,0,0
1977-02-03 07:00:00,1.1,73,4.1,120,0,0,0
1977-02-03 08:00:00,1.7,70,4.1,70,17,79,9
1977-02-03 09:00:00,2.8,67,6.2,120,103,496,30
1977-02-03 10:00:00,4.4,60,5.7,130,245,716,44
1977-02-03 11:00:00,6.1,53,7.7,130,367,815,54
1977-02-03 12:00:00,7.2,51,6.7,130,444,859,61
1977-02-03 13:00:00,7.2,51,8.2,130,466,871,62
1977-02-03 14:00:00,7.2,51,8.2,130,432,854,60
1977-02-03 15:00:00,7.2,51,7.2,130,346,802,52
1977-02-03 16:00:00,6.7,53,7.7,120,217,688,41
1977-02-03 17:00:00,4.4,60,6.7,120,75,423,26
1977-02-03 18:00:00,3.3,65,7.2,120,6,24,4
1977-02-03 19:00:00,2.8,67,6.7,120,0,0,0
1977-02-03 20:00:00,2.8,67,6.2,120,0,0,0
1977-02-03 21:00:00,2.2,70,5.2,120,0,0,0
1977-02-03 22:00:00,2.2,70,4.1,110,0,0,0
1977-02-03 23:00:00,2.2,73,4.1,110,0,0,0
1977-02-04 00:00:00,2.2,70,4.1,120,0,0,0
1977-02-04 01:00:00,2.8,67,5.2,120,0,0,0
1977-02-04 02:00:00,2.2,73,2.1,60,0,0,0
1977-02-04 03:00:00,1.7,73,5.2,120,0,0,0
1977-02-04 04:00:00,2.2,70,6.7,120,0,0,0
1977-02-04 05:00:00,1.7,73,6.7,120,0,0,0
1977-02-04 06:00:00,2.2,70,6.7,110,0,0,0
1977-02-04 07:00:00,1.1,79,2.1,40,0,0,0
1977-02-04 08:00:00,1.7,79,3.1,100,16,6,16
1977-02-04 09:00:00,3.3,64,6.2,100,66,43,59
1977-02-04 10:00:00,4.4,65,5.2,80,130,136,91
1977-02-04 11:00:00,5.0,70,2.6,340,263,217,179
1977-02-04 12:00:00,5.6,63,1.5,120,269,179,189
1977-02-04 13:00:00,7.2,58,2.1,120,399,527,152
1977-02-04 14:00:00,7.8,54,7.2,130,383,585,125
1977-02-04 15:00:00,6.7,58,7.7,120,274,386,131
1977-02-04 16:00:00,6.1,60,5.7,120,134,183,86
1977-02-04 17:00:00,5.0,62,5.7,120,69,24,66
1977-02-04 18:00:00,3.9,67,5.2,120,8,16,6
1977-02-04 19:00:00,3.9,67,5.2,120,0,0,0
1977-02-04 20:00:00,2.8,73,4.1,120,0,0,0
1977-02-04 21:00:00,2.8,70,5.2,130,0,0,0
1977-02-04 22:00:00,2.2,73,5.2,120,0,0,0
1977-02-04 23:00:00,1.7,73,4.1,120,0,0,0
1977-02-05 00:00:00,1.7,76,4.1,110,0,0,0
1977-02-05 01:00:00,0.6,85,2.6,70,0,0,0
1977-02-05 02:00:00,1.1,79,6.2,120,0,0,0
1977-02-05 03:00:00,1.7,73,5.7,120,0,0,0
1977-02-05 04:00:00,1.7,73,7.2,110,0,0,0
1977-02-05 05:00:00,0.6,82,2.1,360,0,0,0
1977-02-05 06:00:00,0.0,89,2.1,10,0,0,0
1977-02-05 07:00:00,1.7,76,3.1,70,0,0,0
1977-02-05 08:00:00,2.2,70,7.7,110,7,0,7
1977-02-05 09:00:00,2.2,76,2.1,360,39,2,39
1977-02-05 10:00:00,2.8,76,3.1,80,58,4,57
1977-02-05 11:00:00,4.4,68,0.0,0,166,5,164
1977-02-05 12:00:00,5.0,68,5.7,120,127,29,113
1977-02-05 13:00:00,6.1,58,7.7,130,229,50,205
1977-02-05 14:00:00,6.7,56,6.2,120,246,101,201
1977-02-05 15:00:00,6.1,58,6.2,130,181,70,154
1977-02-05 16:00:00,5.6,58,6.2,130,61,0,61
1977-02-05 17:00:00,4.4,68,7.7,120,23,31,19
1977-02-05 18:00:00,3.9,67,7.7,120,2,0,2
1977-02-05 19:00:00,3.9,67,7.2,120,0,0,0
1977-02-05 20:00:00,3.9,67,6.7,120,0,0,0
1977-02-05 21:00:00,3.9,67,6.2,120,0,0,0
1977-02-05 22:00:00,3.9,67,6.7,110,0,0,0
1977-02-05 23:00:00,3.9,70,8.2,110,0,0,0
1977-02-06 00:00:00,3.9,73,6.7,120,0,0,0
1977-02-06 01:00:00,3.9,73,6.7,120,0,0,0
1977-02-06 02:00:00,3.9,70,5.2,110,0,0,0
1977-02-06 03:00:00,3.9,70,5.7,120,0,0,0
1977-02-06 04:00:00,3.9,70,4.6,120,0,0,0
1977-02-06 05:00:00,3.9,70,3.6,110,0,0,0
1977-02-06 06:00:00,3.9,70,6.2,120,0,0,0
1977-02-06 07:00:00,3.9,67,5.2,120,0,0,0
1977-02-06 08:00:00,3.3,70,4.6,120,16,17,14
1977-02-06 09:00:00,3.9,67,4.1,130,88,111,70
1977-02-06 10:00:00,5.0,65,5.2,120,149,65,130
1977-02-06 11:00:00,7.2,58,7.7,130,278,198,199
1977-02-06 12:00:00,7.2,56,7.2,130,347,414,157
1977-02-06 13:00:00,8.3,54,7.7,120,277,88,235
1977-02-06 14:00:00,8.3,54,6.2,130,226,57,200
1977-02-06 15:00:00,7.8,56,8.2,120,118,37,103
1977-02-06 16:00:00,7.8,54,6.7,130,141,14,138
1977-02-06 17:00:00,6.1,60,6.2,130,63,180,40
1977-02-06 18:00:00,4.4,65,7.7,120,11,49,6
1977-02-06 19:00:00,4.4,65,6.2,120,0,0,0
1977-02-06 20:00:00,4.4,65,7.2,120,0,0,0
1977-02-06 21:00:00,4.4,65,7.2,90,0,0,0
1977-02-06 22:00:00,3.9,65,6.2,120,0,0,0
1977-02-06 23:00:00,4.4,62,7.7,110,0,0,0
1977-02-07 00:00:00,4.4,62,4.1,90,0,0,0
1977-02-07 01:00:00,3.9,65,4.1,100,0,0,0
1977-02-07 02:00:00,3.9,65,5.2,90,0,0,0
1977-02-07 03:00:00,3.9,65,7.2,100,0,0,0
1977-02-07 04:00:00,3.3,65,4.6,90,0,0,0
1977-02-07 05:00:00,3.3,65,8.8,100,0,0,0
1977-02-07 06:00:00,3.3,65,9.8,100,0,0,0
1977-02-07 07:00:00,3.3,62,9.3,100,0,0,0
1977-02-07 08:00:00,3.3,62,9.3,100,16,35,13
1977-02-07 09:00:00,5.0,58,10.3,100,85,203,53
1977-02-07 10:00:00,6.1,53,9.8,100,203,319,108
1977-02-07 11:00:00,7.8,50,10.3,110,334,573,104
1977-02-07 12:00:00,9.4,46,10.3,100,424,621,135
1977-02-07 13:00:00,9.4,46,7.7,110,376,448,160
1977-02-07 14:00:00,9.4,48,8.8,120,343,266,222
1977-02-07 15:00:00,8.3,50,8.2,110,161,75,132
1977-02-07 16:00:00,7.2,54,8.2,120,190,291,110
1977-02-07 17:00:00,5.6,60,6.2,120,61,41,56
1977-02-07 18:00:00,4.4,51,7.7,110,6,0,6
1977-02-07 19:00:00,4.4,62,5.7,120,0,0,0
1977-02-07 20:00:00,5.0,62,7.7,110,0,0,0
1977-02-07 21:00:00,5.6,58,8.2,100,0,0,0
1977-02-07 22:00:00,5.0,60,4.1,120,0,0,0
1977-02-07 23:00:00,4.4,62,4.1,120,0,0,0
1977-02-08 00:00:00,4.4,65,2.1,90,0,0,0
1977-02-08 01:00:00,3.3,67,2.6,100,0,0,0
1977-02-08 02:00:00,3.9,65,5.2,110,0,0,0
1977-02-08 03:00:00,2.8,76,2.6,110,0,0,0
1977-02-08 04:00:00,3.3,70,5.2,120,0,0,0
1977-02-08 05:00:00,3.3,67,5.7,120,0,0,0
1977-02-08 06:00:00,3.3,67,5.2,120,0,0,0
1977-02-08 07:00:00,2.8,70,5.2,120,0,0,0
1977-02-08 08:00:00,2.8,70,4.1,130,20,10,19
1977-02-08 09:00:00,3.3,73,4.1,330,55,5,54
1977-02-08 10:00:00,3.9,70,2.1,340,156,86,130
1977-02-08 11:00:00,5.0,68,1.5,320,258,279,144
1977-02-08 12:00:00,6.7,60,2.6,270,424,592,146
1977-02-08 13:00:00,8.3,54,5.2,130,367,384,180
1977-02-08 14:00:00,8.3,54,5.7,140,444,807,73
1977-02-08 15:00:00,7.2,56,7.2,130,231,171,165
1977-02-08 16:00:00,7.2,58,6.7,120,143,54,128
1977-02-08 17:00:00,6.1,63,6.2,130,56,94,43
1977-02-08 18:00:00,5.0,65,5.7,130,15,81,7
1977-02-08 19:00:00,4.4,68,4.6,130,0,0,0
1977-02-08 20:00:00,3.9,73,5.7,120,0,0,0
1977-02-08 21:00:00,2.8,76,2.6,140,0,0,0
1977-02-08 22:00:00,2.8,76,5.2,110,0,0,0
1977-02-08 23:00:00,2.8,79,4.6,110,0,0,0
1977-02-09 00:00:00,2.8,79,3.6,120,0,0,0
1977-02-09 01:00:00,1.7,85,2.1,70,0,0,0
1977-02-09 02:00:00,1.7,82,2.1,110,0,0,0
1977-02-09 03:00:00,2.2,85,2.1,80,0,0,0
1977-02-09 04:00:00,2.2,89,2.6,110,0,0,0
1977-02-09 05:00:00,2.2,85,2.1,10,0,0,0
1977-02-09 06:00:00,1.7,92,1.5,330,0,0,0
1977-02-09 07:00:00,2.2,89,2.1,110,0,0,0
1977-02-09 08:00:00,2.2,92,2.1,90,17,15,16
1977-02-09 09:00:00,3.3,86,2.1,320,58,52,50
1977-02-09 10:00:00,3.9,82,1.5,130,117,5,115
1977-02-09 11:00:00,5.0,79,2.1,330,155,0,155
1977-02-09 12:00:00,5.6,76,1.5,360,189,10,184
1977-02-09 13:00:00,7.8,71,2.6,40,309,98,261
1977-02-09 14:00:00,10.0,64,3.1,80,265,218,164
1977-02-09 15:00:00,11.7,55,2.1,60,332,631,83
1977-02-09 16:00:00,12.2,55,2.6,60,220,440,95
1977-02-09 17:00:00,11.7,59,2.6,100,66,38,61
1977-02-09 18:00:00,10.0,66,3.6,120,9,4,9
1977-02-09 19:00:00,9.4,69,4.1,120,0,0,0
1977-02-09 20:00:00,8.9,74,3.6,110,0,0,0
1977-02-09 21:00:00,8.9,74,4.6,120,0,0,0
1977-02-09 22:00:00,8.3,77,5.2,110,0,0,0
1977-02-09 23:00:00,8.3,77,4.1,120,0,0,0
1977-02-10 00:00:00,7.8,80,3.1,120,0,0,0
1977-02-10 01:00:00,7.8,80,5.2,120,0,0,0
1977-02-10 02:00:00,6.7,89,5.7,110,0,0,0
1977-02-10 03:00:00,6.7,96,6.2,100,0,0,0
1977-02-10 04:00:00,8.3,89,5.2,140,0,0,0
1977-02-10 05:00:00,7.2,89,2.1,120,0,0,0
1977-02-10 06:00:00,11.7,66,8.8,200,0,0,0
1977-02-10 07:00:00,12.8,64,11.8,200,0,0,0
1977-02-10 08:00:00,11.7,77,10.3,200,8,5,8
1977-02-10 09:00:00,12.2,77,8.8,210,30,7,29
1977-02-10 10:00:00,12.8,77,7.2,210,166,81,140
1977-02-10 11:00:00,14.4,72,6.7,210,101,11,96
1977-02-10 12:00:00,12.2,83,7.2,240,146,12,141
1977-02-10 13:00:00,12.2,75,5.7,250,287,109,233
1977-02-10 14:00:00,12.8,69,7.7,210,257,84,217
1977-02-10 15:00:00,13.3,60,7.7,250,157,6,155
1977-02-10 16:00:00,13.3,60,5.7,250,96,3,96
1977-02-10 17:00:00,12.8,59,5.7,230,67,39,61
1977-02-10 18:00:00,12.2,57,6.7,260,11,10,10
1977-02-10 19:00:00,11.7,62,4.6,240,0,0,0
1977-02-10 20:00:00,11.7,62,5.2,260,0,0,0
1977-02-10 21:00:00,11.1,64,2.6,240,0,0,0
1977-02-10 22:00:00,8.9,74,0.0,0,0,0,0
1977-02-10 23:00:00,8.3,80,1.5,120,0,0,0
1977-02-11 00:00:00,6.7,86,2.6,120,0,0,0
1977-02-11 01:00:00,6.1,93,2.6,120,0,0,0
1977-02-11 02:00:00,5.6,93,1.5,150,0,0,0
1977-02-11 03:00:00,3.9,93,2.1,110,0,0,0
1977-02-11 04:00:00,3.9,96,1.5,120,0,0,0
1977-02-11 05:00:00,3.9,96,0.0,0,0,0,0
1977-02-11 06:00:00,3.9,96,1.5,340,0,0,0
1977-02-11 07:00:00,2.2,100,2.1,260,0,0,0
1977-02-11 08:00:00,3.3,96,0.0,0,12,3,12
1977-02-11 09:00:00,4.4,100,1.5,360,40,5,39
1977-02-11 10:00:00,6.1,93,0.0,0,106,4,105
1977-02-11 11:00:00,6.7,93,2.6,300,188,1,188
1977-02-11 12:00:00,9.4,77,0.0,0,200,7,196
1977-02-11 13:00:00,10.6,77,0.0,0,246,6,243
1977-02-11 14:00:00,10.0,89,2.6,90,116,3,115
1977-02-11 15:00:00,10.0,96,2.6,90,185,0,185
1977-02-11 16:00:00,10.6,93,2.6,140,128,1,127
1977-02-11 17:00:00,9.4,96,2.1,90,51,1,51
1977-02-11 18:00:00,10.0,96,1.5,110,9,0,9
1977-02-11 19:00:00,9.4,96,2.6,100,0,0,0
1977-02-11 20:00:00,10.0,96,4.1,120,0,0,0
1977-02-11 21:00:00,10.0,96,4.1,120,0,0,0
1977-02-11 22:00:00,9.4,96,2.1,120,0,0,0
1977-02-11 23:00:00,9.4,96,3.6,120,0,0,0
1977-02-12 00:00:00,9.4,96,3.6,120,0,0,0
1977-02-12 01:00:00,9.4,100,3.1,120,0,0,0
1977-02-12 02:00:00,9.4,100,4.1,110,0,0,0
1977-02-12 03:00:00,8.9,100,3.1,100,0,0,0
1977-02-12 04:00:00,10.0,100,2.6,110,0,0,0
1977-02-12 05:00:00,10.0,100,4.6,110,0,0,0
1977-02-12 06:00:00,9.4,100,2.1,90,0,0,0
1977-02-12 07:00:00,9.4,100,4.6,110,0,0,0
1977-02-12 08:00:00,12.2,90,4.6,150,18,0,18
1977-02-12 09:00:00,12.8,86,2.6,150,73,1,73
1977-02-12 10:00:00,13.9,87,6.2,140,243,378,122
1977-02-12 11:00:00,14.4,84,4.1,250,196,1,195
1977-02-12 12:00:00,15.0,75,5.2,240,174,11,169
1977-02-12 13:00:00,15.0,78,4.1,240,106,1,105
1977-02-12 14:00:00,15.0,84,5.2,230,110,5,108
1977-02-12 15:00:00,15.0,84,6.2,230,87,0,87
1977-02-12 16:00:00,14.4,87,4.6,220,79,0,78
1977-02-12 17:00:00,14.4,87,3.1,190,68,3,67
1977-02-12 18:00:00,13.9,87,2.6,240,9,0,9
1977-02-12 19:00:00,12.8,86,6.2,300,0,0,0
1977-02-12 20:00:00,11.7,83,4.6,350,0,0,0
1977-02-12 21:00:00,10.6,80,4.6,320,0,0,0
1977-02-12 22:00:00,8.9,89,3.6,300,0,0,0
1977-02-12 23:00:00,6.1,96,2.6,230,0,0,0
1977-02-13 00:00:00,5.0,100,1.5,250,0,0,0
1977-02-13 01:00:00,4.4,100,1.5,350,0,0,0
1977-02-13 02:00:00,4.4,100,0.0,0,0,0,0
1977-02-13 03:00:00,4.4,100,1.5,40,0,0,0
1977-02-13 04:00:00,4.4,100,0.0,0,0,0,0
1977-02-13 05:00:00,5.0,100,1.5,70,0,0,0
1977-02-13 06:00:00,3.9,100,2.6,110,0,0,0
1977-02-13 07:00:00,3.3,100,1.5,290,0,0,0
1977-02-13 08:00:00,3.9,100,2.1,290,16,0,16
1977-02-13 09:00:00,4.4,100,0.0,0,62,0,62
1977-02-13 10:00:00,5.6,100,0.0,0,126,1,126
1977-02-13 11:00:00,6.1,100,2.1,290,178,1,178
1977-02-13 12:00:00,7.2,93,2.1,290,247,0,247
1977-02-13 13:00:00,7.8,89,2.6,290,260,155,181
1977-02-13 14:00:00,9.4,80,5.2,290,398,358,225
1977-02-13 15:00:00,11.1,74,3.6,280,334,490,132
1977-02-13 16:00:00,11.7,69,2.1,320,217,469,75
1977-02-13 17:00:00,11.7,66,0.0,0,78,159,52
1977-02-13 18:00:00,8.3,80,1.5,300,11,18,9
1977-02-13 19:00:00,7.2,86,1.5,340,0,0,0
1977-02-13 20:00:00,5.0,96,0.0,0,0,0,0
1977-02-13 21:00:00,4.4,93,0.0,0,0,0,0
1977-02-13 22:00:00,3.9,93,0.0,0,0,0,0
1977-02-13 23:00:00,2.8,96,0.0,0,0,0,0
1977-02-14 00:00:00,0.6,100,0.0,0,0,0,0
1977-02-14 01:00:00,1.1,100,0.0,0,0,0,0
1977-02-14 02:00:00,1.1,100,1.5,60,0,0,0
1977-02-14 03:00:00,-0.6,100,2.1,300,0,0,0
1977-02-14 04:00:00,0.0,100,0.0,0,0,0,0
1977-02-14 05:00:00,-0.6,100,1.5,120,0,0,0
1977-02-14 06:00:00,-1.1,100,2.6,310,0,0,0
1977-02-14 07:00:00,0.6,100,2.6,310,0,0,0
1977-02-14 08:00:00,1.1,100,2.1,300,28,138,16
1977-02-14 09:00:00,2.2,100,3.6,260,141,534,39
1977-02-14 10:00:00,5.6,89,2.6,290,288,709,55
1977-02-14 11:00:00,8.3,77,3.1,290,415,802,67
1977-02-14 12:00:00,11.1,55,4.1,280,493,841,75
1977-02-14 13:00:00,13.9,46,4.6,270,518,854,77
1977-02-14 14:00:00,15.0,41,2.6,280,486,840,74
1977-02-14 15:00:00,16.7,35,1.5,100,397,793,65
1977-02-14 16:00:00,16.7,37,2.6,130,266,697,52
1977-02-14 17:00:00,16.1,34,1.5,290,108,367,47
1977-02-14 18:00:00,12.8,45,2.1,130,21,78,13
1977-02-14 19:00:00,8.3,56,2.6,120,0,0,0
1977-02-14 20:00:00,7.8,56,1.5,160,0,0,0
1977-02-14 21:00:00,5.6,76,3.1,100,0,0,0
1977-02-14 22:00:00,4.4,86,2.1,280,0,0,0
1977-02-14 23:00:00,4.4,89,2.1,310,0,0,0
1977-02-15 00:00:00,3.9,89,0.0,0,0,0,0
1977-02-15 01:00:00,3.3,89,1.5,120,0,0,0
1977-02-15 02:00:00,2.8,92,0.0,0,0,0,0
1977-02-15 03:00:00,5.0,73,0.0,0,0,0,0
1977-02-15 04:00:00,3.9,89,4.1,120,0,0,0
1977-02-15 05:00:00,3.9,82,0.0,0,0,0,0
1977-02-15 06:00:00,2.8,82,2.1,250,0,0,0
1977-02-15 07:00:00,1.7,89,2.1,220,0,0,0
1977-02-15 08:00:00,1.7,89,2.1,60,19,7,18
1977-02-15 09:00:00,3.9,86,0.0,0,122,220,78
1977-02-15 10:00:00,6.7,68,0.0,0,265,505,97
1977-02-15 11:00:00,10.0,52,3.6,120,382,630,106
1977-02-15 12:00:00,11.7,51,3.1,80,471,647,145
1977-02-15 13:00:00,13.3,45,3.1,50,434,491,178
1977-02-15 14:00:00,16.1,38,3.6,80,308,123,247
1977-02-15 15:00:00,16.7,40,4.1,70,253,165,184
1977-02-15 16:00:00,16.1,41,2.6,20,176,165,125
1977-02-15 17:00:00,13.3,47,3.1,120,88,82,74
1977-02-15 18:00:00,10.6,57,2.6,90,8,4,8
1977-02-15 19:00:00,9.4,63,3.6,320,0,0,0
1977-02-15 20:00:00,9.4,61,2.1,100,0,0,0
1977-02-15 21:00:00,7.8,74,3.1,110,0,0,0
1977-02-15 22:00:00,7.8,74,3.1,150,0,0,0
1977-02-15 23:00:00,6.7,80,4.1,110,0,0,0
1977-02-16 00:00:00,5.6,79,4.1,110,0,0,0
1977-02-16 01:00:00,6.7,74,5.2,120,0,0,0
1977-02-16 02:00:00,6.7,74,4.1,120,0,0,0
1977-02-16 03:00:00,6.1,76,3.6,120,0,0,0
1977-02-16 04:00:00,6.1,79,4.1,120,0,0,0
1977-02-16 05:00:00,5.0,86,4.1,130,0,0,0
1977-02-16 06:00:00,4.4,93,2.6,120,0,0,0
1977-02-16 07:00:00,6.7,93,5.2,140,0,0,0
1977-02-16 08:00:00,6.7,96,4.1,120,17,2,17
1977-02-16 09:00:00,7.2,93,3.6,70,63,12,61
1977-02-16 10:00:00,8.3,93,3.6,90,123,4,122
1977-02-16 11:00:00,9.4,89,4.6,160,203,3,201
1977-02-16 12:00:00,11.1,80,5.7,150,209,9,204
1977-02-16 13:00:00,11.1,80,3.1,60,219,1,219
1977-02-16 14:00:00,12.2,75,5.2,90,246,4,244
1977-02-16 15:00:00,12.2,75,3.1,80,186,5,184
1977-02-16 16:00:00,12.2,75,3.1,80,133,2,132
1977-02-16 17:00:00,11.7,77,3.6,140,70,0,70
1977-02-16 18:00:00,11.7,77,2.1,80,15,0,15
1977-02-16 19:00:00,11.1,77,3.1,130,0,0,0
1977-02-16 20:00:00,10.0,83,3.1,310,0,0,0
1977-02-16 21:00:00,10.0,86,1.5,280,0,0,0
1977-02-16 22:00:00,8.9,93,2.1,270,0,0,0
1977-02-16 23:00:00,8.9,96,2.6,300,0,0,0
1977-02-17 00:00:00,8.3,96,1.5,50,0,0,0
1977-02-17 01:00:00,8.9,100,2.1,90,0,0,0
1977-02-17 02:00:00,8.3,100,1.5,70,0,0,0
1977-02-17 03:00:00,8.3,100,2.1,120,0,0,0
1977-02-17 04:00:00,8.3,100,2.6,80,0,0,0
1977-02-17 05:00:00,9.4,96,2.1,100,0,0,0
1977-02-17 06:00:00,10.6,90,2.1,120,0,0,0
1977-02-17 07:00:00,10.0,93,2.1,170,0,0,0
1977-02-17 08:00:00,8.9,96,2.1,130,17,15,16
1977-02-17 09:00:00,13.9,69,1.5,170,111,84,93
1977-02-17 10:00:00,11.1,86,2.1,200,285,410,144
1977-02-17 11:00:00,13.3,69,5.2,150,354,443,155
1977-02-17 12:00:00,14.4,62,5.2,240,467,524,198
1977-02-17 13:00:00,14.4,60,4.1,230,217,10,212
1977-02-17 14:00:00,15.6,56,3.1,230,494,648,168
1977-02-17 15:00:00,15.6,56,3.1,360,367,567,122
1977-02-17 16:00:00,15.6,56,2.6,330,261,474,109
1977-02-17 17:00:00,15.6,54,1.5,320,103,222,64
1977-02-17 18:00:00,12.8,62,2.1,360,23,43,18
1977-02-17 19:00:00,11.1,69,0.0,0,0,0,0
1977-02-17 20:00:00,8.9,80,1.5,80,0,0,0
1977-02-17 21:00:00,7.8,86,0.0,0,0,0,0
1977-02-17 22:00:00,6.7,89,0.0,0,0,0,0
1977-02-17 23:00:00,5.6,93,0.0,0,0,0,0
1977-02-18 00:00:00,5.0,96,0.0,0,0,0,0
1977-02-18 01:00:00,3.9,100,1.5,220,0,0,0
1977-02-18 02:00:00,3.9,100,1.5,220,0,0,0
1977-02-18 03:00:00,3.9,100,2.1,310,0,0,0
1977-02-18 04:00:00,3.9,100,0.0,0,0,0,0
1977-02-18 05:00:00,3.3,100,0.0,0,0,0,0
1977-02-18 06:00:00,3.3,100,0.0,0,0,0,0
1977-02-18 07:00:00,3.3,100,0.0,0,0,0,0
1977-02-18 08:00:00,3.3,100,3.1,280,17,2,17
1977-02-18 09:00:00,2.8,100,1.5,280,58,8,56
1977-02-18 10:00:00,3.9,100,3.1,280,133,9,130
1977-02-18 11:00:00,5.0,100,4.1,280,346,428,152
1977-02-18 12:00:00,8.3,93,2.6,320,532,911,60
1977-02-18 13:00:00,12.2,72,3.1,270,552,915,61
1977-02-18 14:00:00,15.0,62,3.6,260,520,905,59
1977-02-18 15:00:00,16.7,56,3.6,270,435,875,52
1977-02-18 16:00:00,19.4,35,7.2,90,300,792,42
1977-02-18 17:00:00,19.4,31,7.2,100,142,613,30
1977-02-18 18:00:00,17.8,33,8.2,100,30,173,13
1977-02-18 19:00:00,16.7,35,7.7,110,0,0,0
1977-02-18 20:00:00,15.6,39,6.7,100,0,0,0
1977-02-18 21:00:00,14.4,44,5.7,110,0,0,0
1977-02-18 22:00:00,12.8,51,4.1,110,0,0,0
1977-02-18 23:00:00,10.0,61,0.0,0,0,0,0
1977-02-19 00:00:00,7.2,63,1.5,110,0,0,0
1977-02-19 01:00:00,7.8,74,3.6,310,0,0,0
1977-02-19 02:00:00,5.6,83,2.1,260,0,0,0
1977-02-19 03:00:00,4.4,86,3.6,290,0,0,0
1977-02-19 04:00:00,4.4,89,0.0,0,0,0,0
1977-02-19 05:00:00,3.3,86,2.6,290,0,0,0
1977-02-19 06:00:00,3.9,89,2.6,270,0,0,0
1977-02-19 07:00:00,3.9,89,0.0,0,0,0,0
1977-02-19 08:00:00,4.4,93,1.5,300,29,39,26
1977-02-19 09:00:00,7.8,80,2.1,320,137,304,71
1977-02-19 10:00:00,11.7,62,2.6,340,255,304,147
1977-02-19 11:00:00,15.0,48,1.5,20,332,280,204
1977-02-19 12:00:00,16.1,46,3.6,90,484,528,208
1977-02-19 13:00:00,17.8,42,5.2,100,427,349,238
1977-02-19 14:00:00,18.9,39,7.2,100,476,632,150
1977-02-19 15:00:00,18.9,39,6.7,110,370,626,93
1977-02-19 16:00:00,18.9,39,6.2,100,270,646,56
1977-02-19 17:00:00,17.2,41,6.7,110,125,343,61
1977-02-19 18:00:00,15.0,48,6.7,100,25,20,23
1977-02-19 19:00:00,12.2,55,2.6,90,0,0,0
1977-02-19 20:00:00,12.2,55,4.1,120,0,0,0
1977-02-19 21:00:00,13.3,47,7.7,120,0,0,0
1977-02-19 22:00:00,10.6,59,5.7,110,0,0,0
1977-02-19 23:00:00,7.8,71,2.6,270,0,0,0
1977-02-20 00:00:00,7.8,71,5.2,130,0,0,0
1977-02-20 01:00:00,10.0,59,4.6,100,0,0,0
1977-02-20 02:00:00,10.0,59,2.6,50,0,0,0
1977-02-20 03:00:00,11.7,51,5.2,130,0,0,0
1977-02-20 04:00:00,11.7,51,5.2,140,0,0,0
1977-02-20 05:00:00,11.1,53,7.2,120,0,0,0
1977-02-20 06:00:00,12.2,47,4.1,130,0,0,0
1977-02-20 07:00:00,11.7,49,6.2,120,0,0,0
1977-02-20 08:00:00,11.1,53,7.7,120,15,3,15
1977-02-20 09:00:00,11.1,53,9.3,110,53,1,53
1977-02-20 10:00:00,12.2,51,3.6,90,125,6,123
1977-02-20 11:00:00,12.2,51,5.7,100,111,8,107
1977-02-20 12:00:00,12.2,69,6.2,100,130,10,125
1977-02-20 13:00:00,12.2,80,6.2,160,146,8,142
1977-02-20 14:00:00,12.2,83,6.7,170,140,6,137
1977-02-20 15:00:00,12.2,86,6.7,160,214,4,212
1977-02-20 16:00:00,12.8,80,5.7,170,131,0,131
1977-02-20 17:00:00,12.2,75,7.2,220,108,119,85
1977-02-20 18:00:00,11.7,69,3.6,230,26,99,16
1977-02-20 19:00:00,10.0,71,1.5,10,0,0,0
1977-02-20 20:00:00,7.2,83,3.1,120,0,0,0
1977-02-20 21:00:00,7.2,89,4.6,100,0,0,0
1977-02-20 22:00:00,6.7,93,5.2,110,0,0,0
1977-02-20 23:00:00,6.1,93,4.1,90,0,0,0
1977-02-21 00:00:00,5.6,93,3.6,120,0,0,0
1977-02-21 01:00:00,5.6,93,3.1,120,0,0,0
1977-02-21 02:00:00,5.6,93,1.5,330,0,0,0
1977-02-21 03:00:00,5.6,93,3.1,290,0,0,0
1977-02-21 04:00:00,5.6,93,5.2,60,0,0,0
1977-02-21 05:00:00,7.8,74,7.7,130,0,0,0
1977-02-21 06:00:00,9.4,59,7.7,120,0,0,0
1977-02-21 07:00:00,8.3,77,8.8,230,0,0,0
1977-02-21 08:00:00,7.2,86,6.7,130,18,49,14
1977-02-21 09:00:00,6.1,89,5.2,120,41,2,41
1977-02-21 10:00:00,8.9,80,8.8,180,140,32,129
1977-02-21 11:00:00,10.0,69,9.3,190,285,60,256
1977-02-21 12:00:00,10.6,66,9.8,200,181,117,119
1977-02-21 13:00:00,9.4,66,9.3,220,371,256,230
1977-02-21 14:00:00,11.1,64,9.8,190,292,142,218
1977-02-21 15:00:00,8.9,83,8.8,210,74,4,72
1977-02-21 16:00:00,7.8,86,7.2,200,120,11,116
1977-02-21 17:00:00,8.3,80,9.3,210,31,2,30
1977-02-21 18:00:00,7.8,83,7.2,210,7,2,7
1977-02-21 19:00:00,7.2,80,6.7,210,0,0,0
1977-02-21 20:00:00,6.7,86,8.8,220,0,0,0
1977-02-21 21:00:00,6.1,89,5.2,190,0,0,0
1977-02-21 22:00:00,6.7,89,6.7,190,0,0,0
1977-02-21 23:00:00,6.7,86,8.2,210,0,0,0
1977-02-22 00:00:00,6.7,86,8.2,210,0,0,0
1977-02-22 01:00:00,6.1,93,7.2,200,0,0,0
1977-02-22 02:00:00,6.1,93,9.3,310,0,0,0
1977-02-22 03:00:00,6.1,93,6.7,220,0,0,0
1977-02-22 04:00:00,6.1,89,8.2,210,0,0,0
1977-02-22 05:00:00,6.1,89,8.8,200,0,0,0
1977-02-22 06:00:00,6.1,89,8.2,200,0,0,0
1977-02-22 07:00:00,6.1,89,5.7,210,0,0,0
1977-02-22 08:00:00,6.1,89,5.7,200,28,4,27
1977-02-22 09:00:00,6.1,89,7.7,200,54,4,53
1977-02-22 10:00:00,6.1,89,7.2,220,153,3,152
1977-02-22 11:00:00,6.7,89,6.7,210,235,4,233
1977-02-22 12:00:00,6.7,89,5.2,210,150,3,148
1977-02-22 13:00:00,6.7,89,4.1,230,279,1,278
1977-02-22 14:00:00,7.8,83,5.2,220,154,2,153
1977-02-22 15:00:00,8.3,80,6.2,230,132,1,132
1977-02-22 16:00:00,6.1,86,2.1,230,191,78,164
1977-02-22 17:00:00,6.7,86,2.1,120,142,432,56
1977-02-22 18:00:00,6.1,86,1.5,80,34,160,19
1977-02-22 19:00:00,5.0,86,2.6,140,0,0,0
1977-02-22 20:00:00,3.9,89,2.6,120,0,0,0
1977-02-22 21:00:00,4.4,89,0.0,0,0,0,0
1977-02-22 22:00:00,5.0,86,2.1,60,0,0,0
1977-02-22 23:00:00,3.3,89,2.6,90,0,0,0
1977-02-23 00:00:00,1.7,92,3.6,100,0,0,0
1977-02-23 01:00:00,1.7,96,2.6,140,0,0,0
1977-02-23 02:00:00,1.1,92,3.1,250,0,0,0
1977-02-23 03:00:00,0.6,100,3.6,300,0,0,0
1977-02-23 04:00:00,0.6,100,4.1,310,0,0,0
1977-02-23 05:00:00,0.6,100,0.0,0,0,0,0
1977-02-23 06:00:00,0.6,100,2.6,290,0,0,0
1977-02-23 07:00:00,0.0,100,2.6,300,0,0,0
1977-02-23 08:00:00,0.6,100,3.1,340,16,9,15
1977-02-23 09:00:00,0.6,100,3.6,320,74,23,69
1977-02-23 10:00:00,0.6,96,2.6,340,229,203,153
1977-02-23 11:00:00,2.2,92,2.1,340,366,393,177
1977-02-23 12:00:00,5.0,86,4.1,270,432,342,245
1977-02-23 13:00:00,6.1,76,4.1,280,340,124,270
1977-02-23 14:00:00,7.8,66,3.6,300,383,324,210
1977-02-23 15:00:00,8.3,63,6.7,190,133,11,128
1977-02-23 16:00:00,7.8,80,6.2,100,79,9,76
1977-02-23 17:00:00,6.7,83,3.6,160,47,1,47
1977-02-23 18:00:00,6.1,89,2.6,80,12,2,12
1977-02-23 19:00:00,6.1,89,3.6,100,0,0,0
1977-02-23 20:00:00,6.1,86,2.6,120,0,0,0
1977-02-23 21:00:00,6.1,83,5.2,70,0,0,0
1977-02-23 22:00:00,6.1,86,3.1,220,0,0,0
1977-02-23 23:00:00,6.1,89,3.6,190,0,0,0
1977-02-24 00:00:00,5.6,89,3.6,120,0,0,0
1977-02-24 01:00:00,5.6,93,5.7,150,0,0,0
1977-02-24 02:00:00,5.6,89,3.6,130,0,0,0
1977-02-24 03:00:00,5.0,93,3.6,140,0,0,0
1977-02-24 04:00:00,5.0,89,5.7,180,0,0,0
1977-02-24 05:00:00,5.0,86,3.1,170,0,0,0
1977-02-24 06:00:00,4.4,93,4.1,120,0,0,0
1977-02-24 07:00:00,3.9,93,4.1,130,0,0,0
1977-02-24 08:00:00,3.9,93,3.6,120,15,3,14
1977-02-24 09:00:00,3.9,96,4.6,120,65,2,65
1977-02-24 10:00:00,4.4,93,4.1,130,93,2,93
1977-02-24 11:00:00,5.0,89,5.7,170,156,1,155
1977-02-24 12:00:00,5.0,89,3.1,130,162,2,161
1977-02-24 13:00:00,5.0,96,5.2,110,276,2,275
1977-02-24 14:00:00,5.0,96,4.1,90,279,0,278
1977-02-24 15:00:00,7.2,89,5.2,210,222,0,222
1977-02-24 16:00:00,7.2,86,2.6,210,98,1,97
1977-02-24 17:00:00,6.7,86,3.6,330,52,1,51
1977-02-24 18:00:00,6.1,89,1.5,250,22,19,20
1977-02-24 19:00:00,3.9,96,2.6,90,0,0,0
1977-02-24 20:00:00,4.4,100,2.1,130,0,0,0
1977-02-24 21:00:00,5.0,93,0.0,0,0,0,0
1977-02-24 22:00:00,5.0,93,0.0,0,0,0,0
1977-02-24 23:00:00,3.3,100,2.1,280,0,0,0
1977-02-25 00:00:00,3.9,100,0.0,0,0,0,0
1977-02-25 01:00:00,3.9,100,0.0,0,0,0,0
1977-02-25 02:00:00,4.4,96,0.0,0,0,0,0
1977-02-25 03:00:00,4.4,96,3.6,160,0,0,0
1977-02-25 04:00:00,4.4,93,0.0,0,0,0,0
1977-02-25 05:00:00,3.9,93,2.6,160,0,0,0
1977-02-25 06:00:00,4.4,89,3.6,190,0,0,0
1977-02-25 07:00:00,4.4,93,5.7,200,0,0,0
1977-02-25 08:00:00,4.4,96,4.6,190,18,5,18
1977-02-25 09:00:00,5.0,93,6.2,190,66,10,63
1977-02-25 10:00:00,5.6,89,6.7,190,84,11,80
1977-02-25 11:00:00,6.1,86,6.7,210,154,10,149
1977-02-25 12:00:00,6.1,86,9.3,190,127,1,126
1977-02-25 13:00:00,6.7,83,7.7,200,154,9,148
1977-02-25 14:00:00,6.7,80,8.8,190,160,5,158
1977-02-25 15:00:00,6.7,82,8.8,190,125,1,125
1977-02-25 16:00:00,6.7,86,10.8,220,116,3,115
1977-02-25 17:00:00,6.7,89,8.2,230,58,0,58
1977-02-25 18:00:00,6.7,89,8.2,220,15,0,15
1977-02-25 19:00:00,6.7,89,8.2,220,0,0,0
1977-02-25 20:00:00,6.1,96,3.1,300,0,0,0
1977-02-25 21:00:00,5.0,93,3.6,270,0,0,0
1977-02-25 22:00:00,4.4,89,4.1,210,0,0,0
1977-02-25 23:00:00,5.6,83,4.1,240,0,0,0
1977-02-26 00:00:00,5.0,82,3.1,260,0,0,0
1977-02-26 01:00:00,3.9,93,2.1,60,0,0,0
1977-02-26 02:00:00,3.9,93,2.6,70,0,0,0
1977-02-26 03:00:00,3.9,93,2.6,60,0,0,0
1977-02-26 04:00:00,3.3,96,2.6,100,0,0,0
1977-02-26 05:00:00,3.9,96,0.0,0,0,0,0
1977-02-26 06:00:00,3.9,96,1.5,40,0,0,0
1977-02-26 07:00:00,3.3,96,0.0,0,0,0,0
1977-02-26 08:00:00,3.9,93,1.5,100,16,9,16
1977-02-26 09:00:00,5.6,96,2.1,130,78,4,77
1977-02-26 10:00:00,6.1,96,2.6,100,119,10,115
1977-02-26 11:00:00,8.3,89,3.6,70,466,581,178
1977-02-26 12:00:00,10.0,69,4.1,210,265,62,230
1977-02-26 13:00:00,10.0,69,5.7,190,232,1,231
1977-02-26 14:00:00,10.6,61,5.2,200,279,4,277
1977-02-26 15:00:00,10.0,66,3.6,180,181,5,179
1977-02-26 16:00:00,10.0,74,4.1,160,114,1,114
1977-02-26 17:00:00,8.3,93,4.1,120,36,3,35
1977-02-26 18:00:00,7.2,96,6.2,110,12,1,12
1977-02-26 19:00:00,7.2,96,5.2,120,0,0,0
1977-02-26 20:00:00,7.2,96,6.2,110,0,0,0
1977-02-26 21:00:00,7.2,96,6.2,120,0,0,0
1977-02-26 22:00:00,8.3,96,6.2,180,0,0,0
1977-02-26 23:00:00,9.4,89,6.2,200,0,0,0
1977-02-27 00:00:00,9.4,89,4.6,180,0,0,0
1977-02-27 01:00:00,9.4,89,5.2,210,0,0,0
1977-02-27 02:00:00,9.4,86,4.1,190,0,0,0
1977-02-27 03:00:00,9.4,86,5.2,200,0,0,0
1977-02-27 04:00:00,9.4,86,5.2,190,0,0,0
1977-02-27 05:00:00,9.4,83,6.7,200,0,0,0
1977-02-27 06:00:00,9.4,83,7.7,180,0,0,0
1977-02-27 07:00:00,9.4,83,6.2,190,0,0,0
1977-02-27 08:00:00,9.4,83,5.7,180,29,1,29
1977-02-27 09:00:00,10.6,77,6.7,180,119,0,119
1977-02-27 10:00:00,11.1,74,6.7,190,184,1,184
1977-02-27 11:00:00,11.1,74,7.2,200,264,1,264
1977-02-27 12:00:00,11.1,74,5.7,160,268,1,267
1977-02-27 13:00:00,10.6,83,4.6,100,298,1,297
1977-02-27 14:00:00,10.6,90,4.1,110,261,1,260
1977-02-27 15:00:00,10.6,90,5.2,110,247,1,246
1977-02-27 16:00:00,10.6,90,6.2,110,167,1,167
1977-02-27 17:00:00,10.6,86,5.2,120,55,1,55
1977-02-27 18:00:00,9.4,93,4.1,120,17,0,17
1977-02-27 19:00:00,9.4,93,5.2,110,0,0,0
1977-02-27 20:00:00,9.4,96,5.2,110,0,0,0
1977-02-27 21:00:00,9.4,93,5.2,120,0,0,0
1977-02-27 22:00:00,9.4,93,5.2,120,0,0,0
1977-02-27 23:00:00,9.4,93,5.2,120,0,0,0
1977-02-28 00:00:00,9.4,93,6.2,130,0,0,0
1977-02-28 01:00:00,8.9,93,7.2,110,0,0,0
1977-02-28 02:00:00,8.9,89,6.2,120,0,0,0
1977-02-28 03:00:00,9.4,86,4.6,240,0,0,0
1977-02-28 04:00:00,8.3,83,5.2,220,0,0,0
1977-02-28 05:00:00,7.2,89,5.2,140,0,0,0
1977-02-28 06:00:00,7.2,83,7.2,200,0,0,0
1977-02-28 07:00:00,7.2,89,5.2,170,2,0,2
1977-02-28 08:00:00,7.2,86,7.7,190,45,49,40
1977-02-28 09:00:00,7.2,80,7.2,170,171,352,79
1977-02-28 10:00:00,8.3,74,7.7,170,253,164,188
1977-02-28 11:00:00,9.4,61,11.8,170,287,177,197
1977-02-28 12:00:00,9.4,61,11.3,170,194,2,193
1977-02-28 13:00:00,8.3,68,10.8,180,155,6,151
1977-02-28 14:00:00,6.7,83,12.4,200,137,1,137
1977-02-28 15:00:00,6.7,83,10.3,200,140,4,138
1977-02-28 16:00:00,6.1,83,10.3,180,90,2,89
1977-02-28 17:00:00,6.1,86,7.7,200,43,1,42
1977-02-28 18:00:00,6.1,86,8.2,190,12,1,12
1977-02-28 19:00:00,6.1,86,6.7,210,0,0,0
1977-02-28 20:00:00,6.1,89,7.7,210,0,0,0
1977-02-28 21:00:00,6.1,89,8.2,210,0,0,0
1977-02-28 22:00:00,6.4,89,7.3,200,0,0,0
1977-02-28 23:00:00,6.7,89,6.5,230,0,0,0
1977-03-01 00:00:00,7.0,89,5.6,220,0,0,0
1988-03-01 01:00:00,7.4,93,4.7,100,0,0,0
1988-03-01 02:00:00,7.7,93,3.8,170,0,0,0
1988-03-01 03:00:00,8.0,93,3.0,150,0,0,0
1988-03-01 04:00:00,8.3,96,2.1,80,0,0,0
1988-03-01 05:00:00,8.9,96,2.6,100,0,0,0
1988-03-01 06:00:00,10.0,90,0.0,0,0,0,0
1988-03-01 07:00:00,10.6,93,3.1,190,0,0,0
1988-03-01 08:00:00,9.4,93,7.2,210,17,3,17
1988-03-01 09:00:00,8.9,93,5.7,200,70,5,69
1988-03-01 10:00:00,8.3,96,4.1,210,95,6,92
1988-03-01 11:00:00,8.9,93,3.6,200,137,8,133
1988-03-01 12:00:00,9.4,86,4.1,190,231,4,228
1988-03-01 13:00:00,10.6,80,4.1,200,283,1,282
1988-03-01 14:00:00,11.1,77,3.1,210,265,0,264
1988-03-01 15:00:00,11.7,69,3.1,180,245,0,245
1988-03-01 16:00:00,11.7,69,3.1,190,169,1,169
1988-03-01 17:00:00,11.7,69,3.1,170,80,33,73
1988-03-01 18:00:00,11.1,69,3.1,160,24,2,23
1988-03-01 19:00:00,10.0,77,2.6,120,0,0,0
1988-03-01 20:00:00,10.0,74,2.6,110,0,0,0
1988-03-01 21:00:00,9.4,80,2.6,110,0,0,0
1988-03-01 22:00:00,8.9,83,3.1,120,0,0,0
1988-03-01 23:00:00,8.3,83,2.6,120,0,0,0
1988-03-02 00:00:00,7.2,89,2.6,110,0,0,0
1988-03-02 01:00:00,7.8,86,2.6,120,0,0,0
1988-03-02 02:00:00,7.2,86,2.1,110,0,0,0
1988-03-02 03:00:00,7.2,86,2.6,120,0,0,0
1988-03-02 04:00:00,7.2,83,2.6,120,0,0,0
1988-03-02 05:00:00,7.2,86,2.1,140,0,0,0
1988-03-02 06:00:00,6.7,86,2.6,120,0,0,0
1988-03-02 07:00:00,7.2,86,2.6,120,0,0,0
1988-03-02 08:00:00,8.3,80,3.6,110,30,2,30
1988-03-02 09:00:00,8.9,80,3.1,100,130,10,127
1988-03-02 10:00:00,9.4,77,2.6,70,156,3,155
1988-03-02 11:00:00,10.0,77,2.6,170,193,6,189
1988-03-02 12:00:00,11.1,66,4.1,220,140,6,137
1988-03-02 13:00:00,11.1,66,4.1,210,258,3,256
1988-03-02 14:00:00,10.0,80,3.1,180,160,4,158
1988-03-02 15:00:00,10.6,74,4.1,180,223,3,221
1988-03-02 16:00:00,10.0,80,5.2,190,104,1,103
1988-03-02 17:00:00,9.4,90,2.6,150,53,0,53
1988-03-02 18:00:00,9.4,90,2.6,170,16,0,16
1988-03-02 19:00:00,10.0,86,2.6,170,0,0,0
1988-03-02 20:00:00,9.4,93,3.1,190,0,0,0
1988-03-02 21:00:00,10.0,90,6.2,210,0,0,0
1988-03-02 22:00:00,9.4,96,5.2,320,0,0,0
1988-03-02 23:00:00,8.3,86,3.6,330,0,0,0
1988-03-03 00:00:00,7.8,83,2.6,310,0,0,0
1988-03-03 01:00:00,7.8,77,3.6,320,0,0,0
1988-03-03 02:00:00,7.2,77,3.6,310,0,0,0
1988-03-03 03:00:00,5.0,83,2.1,250,0,0,0
1988-03-03 04:00:00,3.3,93,0.0,0,0,0,0
1988-03-03 05:00:00,2.2,100,1.5,80,0,0,0
1988-03-03 06:00:00,3.3,96,2.1,100,0,0,0
1988-03-03 07:00:00,3.9,89,0.0,0,2,3,2
1988-03-03 08:00:00,3.9,93,2.6,140,65,226,38
1988-03-03 09:00:00,6.1,83,3.1,90,225,582,60
1988-03-03 10:00:00,7.8,77,3.1,90,364,584,117
1988-03-03 11:00:00,10.0,57,2.1,40,470,567,169
1988-03-03 12:00:00,10.0,52,3.1,350,367,233,229
1988-03-03 13:00:00,10.0,52,2.1,80,568,470,281
1988-03-03 14:00:00,10.6,48,3.1,80,511,543,196
1988-03-03 15:00:00,10.6,48,2.6,70,335,231,218
1988-03-03 16:00:00,10.0,50,0.0,0,244,226,156
1988-03-03 17:00:00,10.6,47,1.5,40,74,9,72
1988-03-03 18:00:00,10.0,50,2.1,130,26,0,26
1988-03-03 19:00:00,9.4,52,1.5,80,0,0,0
1988-03-03 20:00:00,8.9,59,2.1,110,0,0,0
1988-03-03 21:00:00,8.3,66,2.1,100,0,0,0
1988-03-03 22:00:00,8.3,68,3.1,130,0,0,0
1988-03-03 23:00:00,8.3,71,2.1,110,0,0,0
1988-03-04 00:00:00,8.3,71,4.1,130,0,0,0
1988-03-04 01:00:00,6.7,100,3.6,120,0,0,0
1988-03-04 02:00:00,6.7,96,2.6,120,0,0,0
1988-03-04 03:00:00,6.7,93,3.6,120,0,0,0
1988-03-04 04:00:00,6.7,93,4.1,120,0,0,0
1988-03-04 05:00:00,6.7,96,5.2,120,0,0,0
1988-03-04 06:00:00,7.2,93,4.6,120,0,0,0
1988-03-04 07:00:00,7.2,93,4.1,120,1,0,1
1988-03-04 08:00:00,7.2,93,4.1,130,20,1,20
1988-03-04 09:00:00,7.8,93,4.1,140,67,0,67
1988-03-04 10:00:00,7.8,96,3.6,140,98,3,97
1988-03-04 11:00:00,8.9,100,3.1,120,127,3,125
1988-03-04 12:00:00,10.0,96,4.1,310,141,1,141
1988-03-04 13:00:00,9.4,93,3.1,330,182,0,182
1988-03-04 14:00:00,9.4,93,1.5,30,291,0,291
1988-03-04 15:00:00,10.0,86,1.5,120,137,1,136
1988-03-04 16:00:00,9.4,93,1.5,110,95,1,95
1988-03-04 17:00:00,10.0,86,3.6,170,146,198,97
1988-03-04 18:00:00,9.4,90,2.6,150,28,25,26
1988-03-04 19:00:00,8.3,93,0.0,0,0,0,0
1988-03-04 20:00:00,7.8,89,2.6,190,0,0,0
1988-03-04 21:00:00,7.2,83,2.6,230,0,0,0
1988-03-04 22:00:00,6.1,93,1.5,160,0,0,0
1988-03-04 23:00:00,5.6,89,2.1,140,0,0,0
1988-03-05 00:00:00,5.6,93,2.1,120,0,0,0
1988-03-05 01:00:00,3.9,96,2.6,120,0,0,0
1988-03-05 02:00:00,3.3,100,1.5,120,0,0,0
1988-03-05 03:00:00,3.9,96,1.5,120,0,0,0
1988-03-05 04:00:00,3.3,96,2.1,120,0,0,0
1988-03-05 05:00:00,3.3,100,1.5,120,0,0,0
1988-03-05 06:00:00,3.9,96,2.1,130,0,0,0
1988-03-05 07:00:00,4.4,96,2.1,120,1,0,1
1988-03-05 08:00:00,5.0,96,1.5,140,47,5,46
1988-03-05 09:00:00,5.6,93,3.6,120,113,8,111
1988-03-05 10:00:00,6.7,89,3.1,120,174,10,169
1988-03-05 11:00:00,7.2,89,2.6,110,230,1,230
1988-03-05 12:00:00,8.3,83,3.1,140,274,6,270
1988-03-05 13:00:00,9.4,74,4.1,180,193,1,193
1988-03-05 14:00:00,10.6,66,5.2,180,276,0,276
1988-03-05 15:00:00,10.6,64,5.7,190,236,1,235
1988-03-05 16:00:00,10.6,64,6.7,170,111,1,111
1988-03-05 17:00:00,10.0,71,12.9,190,72,1,72
1988-03-05 18:00:00,9.4,80,6.7,180,21,0,21
1988-03-05 19:00:00,8.9,83,5.2,180,0,0,0
1988-03-05 20:00:00,9.4,74,6.2,180,0,0,0
1988-03-05 21:00:00,8.9,80,4.6,210,0,0,0
1988-03-05 22:00:00,6.7,89,6.2,310,0,0,0
1988-03-05 23:00:00,6.1,93,2.6,340,0,0,0
1988-03-06 00:00:00,5.6,93,2.6,260,0,0,0
1988-03-06 01:00:00,5.6,89,2.6,200,0,0,0
1988-03-06 02:00:00,5.6,89,2.6,200,0,0,0
1988-03-06 03:00:00,5.0,89,2.6,200,0,0,0
1988-03-06 04:00:00,5.0,86,1.5,220,0,0,0
1988-03-06 05:00:00,3.9,93,2.6,190,0,0,0
1988-03-06 06:00:00,3.9,93,2.1,150,0,0,0
1988-03-06 07:00:00,3.9,93,3.6,210,2,1,2
1988-03-06 08:00:00,5.0,89,4.1,200,60,78,50
1988-03-06 09:00:00,6.7,83,4.1,200,169,118,134
1988-03-06 10:00:00,7.2,77,2.6,210,213,100,169
1988-03-06 11:00:00,8.9,66,4.1,230,241,91,192
1988-03-06 12:00:00,10.0,57,3.6,290,605,698,179
1988-03-06 13:00:00,11.1,53,3.1,220,573,599,198
1988-03-06 14:00:00,8.3,71,5.2,340,331,84,281
1988-03-06 15:00:00,7.2,74,2.6,290,132,1,132
1988-03-06 16:00:00,8.3,68,3.6,200,125,14,119
1988-03-06 17:00:00,7.8,74,2.1,210,109,4,108
1988-03-06 18:00:00,7.2,80,4.1,310,13,1,13
1988-03-06 19:00:00,6.7,77,2.1,160,0,0,0
1988-03-06 20:00:00,6.7,80,0.0,0,0,0,0
1988-03-06 21:00:00,5.6,89,2.1,60,0,0,0
1988-03-06 22:00:00,5.0,89,0.0,0,0,0,0
1988-03-06 23:00:00,3.3,96,2.1,110,0,0,0
1988-03-07 00:00:00,2.8,100,1.5,250,0,0,0
1988-03-07 01:00:00,1.7,100,2.6,250,0,0,0
1988-03-07 02:00:00,1.1,100,2.1,210,0,0,0
1988-03-07 03:00:00,2.8,100,0.0,0,0,0,0
1988-03-07 04:00:00,2.2,100,0.0,0,0,0,0
1988-03-07 05:00:00,2.2,100,0.0,0,0,0,0
1988-03-07 06:00:00,2.2,100,2.1,350,0,0,0
1988-03-07 07:00:00,2.2,100,1.5,360,3,0,3
1988-03-07 08:00:00,2.2,100,2.6,310,41,2,41
1988-03-07 09:00:00,1.7,100,2.6,330,109,2,108
1988-03-07 10:00:00,2.8,100,0.0,0,183,7,180
1988-03-07 11:00:00,4.4,93,2.1,250,231,2,229
1988-03-07 12:00:00,7.2,83,3.1,310,586,786,103
1988-03-07 13:00:00,9.4,71,3.1,270,630,841,99
1988-03-07 14:00:00,11.1,59,3.1,300,565,739,120
1988-03-07 15:00:00,13.3,53,3.1,250,474,634,140
1988-03-07 16:00:00,13.3,53,3.1,310,240,346,98
1988-03-07 17:00:00,13.3,53,2.6,290,212,532,72
1988-03-07 18:00:00,10.6,66,3.6,290,50,217,30
1988-03-07 19:00:00,10.6,64,1.5,320,1,1,0
1988-03-07 20:00:00,8.3,77,2.1,110,0,0,0
1988-03-07 21:00:00,7.2,83,2.1,60,0,0,0
1988-03-07 22:00:00,8.3,74,2.1,80,0,0,0
1988-03-07 23:00:00,7.8,71,2.1,160,0,0,0
1988-03-08 00:00:00,5.6,89,2.1,100,0,0,0
1988-03-08 01:00:00,5.0,93,3.1,90,0,0,0
1988-03-08 02:00:00,6.7,77,2.1,150,0,0,0
1988-03-08 03:00:00,6.7,83,2.1,230,0,0,0
1988-03-08 04:00:00,6.1,89,1.5,340,0,0,0
1988-03-08 05:00:00,6.7,86,2.1,100,0,0,0
1988-03-08 06:00:00,6.7,89,3.1,110,0,0,0
1988-03-08 07:00:00,6.7,86,3.1,100,3,3,3
1988-03-08 08:00:00,6.7,86,4.1,120,27,1,27
1988-03-08 09:00:00,6.7,89,2.6,130,81,0,81
1988-03-08 10:00:00,6.7,89,2.1,70,141,10,137
1988-03-08 11:00:00,7.8,83,2.6,70,168,3,166
1988-03-08 12:00:00,8.3,89,3.1,90,159,6,155
1988-03-08 13:00:00,8.3,93,3.1,110,184,2,182
1988-03-08 14:00:00,8.9,93,2.6,160,176,0,175
1988-03-08 15:00:00,8.9,93,3.1,140,169,4,168
1988-03-08 16:00:00,9.4,90,4.6,190,119,1,119
1988-03-08 17:00:00,8.9,89,7.7,210,72,1,72
1988-03-08 18:00:00,8.3,93,6.7,180,25,1,25
1988-03-08 19:00:00,8.9,93,5.7,200,1,0,1
1988-03-08 20:00:00,8.9,89,5.2,230,0,0,0
1988-03-08 21:00:00,8.3,89,4.1,230,0,0,0
1988-03-08 22:00:00,8.3,86,4.1,230,0,0,0
1988-03-08 23:00:00,7.2,86,3.1,250,0,0,0
1988-03-09 00:00:00,6.7,83,2.1,10,0,0,0
1988-03-09 01:00:00,6.1,89,2.6,220,0,0,0
1988-03-09 02:00:00,6.7,86,2.1,190,0,0,0
1988-03-09 03:00:00,6.1,86,2.1,190,0,0,0
1988-03-09 04:00:00,5.6,89,4.1,190,0,0,0
1988-03-09 05:00:00,5.6,86,4.1,190,0,0,0
1988-03-09 06:00:00,5.6,89,3.6,200,0,0,0
1988-03-09 07:00:00,5.0,93,2.6,200,5,0,5
1988-03-09 08:00:00,5.6,93,1.5,310,55,0,55
1988-03-09 09:00:00,6.7,86,3.1,290,143,0,143
1988-03-09 10:00:00,6.1,89,3.1,280,128,0,128
1988-03-09 11:00:00,8.3,74,3.1,300,240,25,226
1988-03-09 12:00:00,9.4,71,5.2,300,416,396,168
1988-03-09 13:00:00,8.3,68,7.7,310,409,295,220
1988-03-09 14:00:00,9.4,59,10.3,310,417,226,278
1988-03-09 15:00:00,10.0,50,5.7,300,456,478,200
1988-03-09 16:00:00,8.3,63,5.7,290,224,61,198
1988-03-09 17:00:00,7.8,63,4.1,280,172,355,76
1988-03-09 18:00:00,6.1,76,4.1,270,42,84,34
1988-03-09 19:00:00,5.6,79,2.6,310,0,1,0
1988-03-09 20:00:00,5.6,79,2.6,280,0,0,0
1988-03-09 21:00:00,3.9,86,2.1,270,0,0,0
1988-03-09 22:00:00,5.0,86,2.6,330,0,0,0
1988-03-09 23:00:00,4.4,89,2.6,230,0,0,0
1988-03-10 00:00:00,4.4,86,1.5,330,0,0,0
1988-03-10 01:00:00,2.8,100,2.1,70,0,0,0
1988-03-10 02:00:00,3.3,96,0.0,0,0,0,0
1988-03-10 03:00:00,3.3,96,0.0,0,0,0,0
1988-03-10 04:00:00,2.8,96,2.1,110,0,0,0
1988-03-10 05:00:00,2.2,96,2.1,110,0,0,0
1988-03-10 06:00:00,2.2,100,1.5,120,0,0,0
1988-03-10 07:00:00,3.3,93,1.5,90,6,3,5
1988-03-10 08:00:00,3.9,89,0.0,0,66,46,59
1988-03-10 09:00:00,5.0,83,0.0,0,160,120,122
1988-03-10 10:00:00,6.7,77,2.6,360,84,0,84
1988-03-10 11:00:00,7.2,71,2.6,280,359,232,227
1988-03-10 12:00:00,8.3,66,2.6,320,541,481,238
1988-03-10 13:00:00,9.4,56,4.6,300,411,195,285
1988-03-10 14:00:00,10.0,54,3.6,310,423,330,220
1988-03-10 15:00:00,10.0,52,3.1,310,358,206,247
1988-03-10 16:00:00,10.0,50,3.1,300,269,202,183
1988-03-10 17:00:00,10.0,46,3.6,340,124,45,112
1988-03-10 18:00:00,8.3,56,2.6,20,46,25,44
1988-03-10 19:00:00,6.7,63,2.1,20,1,1,1
1988-03-10 20:00:00,5.0,79,2.1,120,0,0,0
1988-03-10 21:00:00,4.4,79,2.1,90,0,0,0
1988-03-10 22:00:00,3.9,86,2.6,120,0,0,0
1988-03-10 23:00:00,1.7,92,2.1,110,0,0,0
1988-03-11 00:00:00,1.7,92,2.6,110,0,0,0
1988-03-11 01:00:00,1.1,96,2.1,100,0,0,0
1988-03-11 02:00:00,1.1,96,0.0,0,0,0,0
1988-03-11 03:00:00,-0.6,100,0.0,0,0,0,0
1988-03-11 04:00:00,-1.1,100,0.0,0,0,0,0
1988-03-11 05:00:00,-1.7,100,0.0,0,0,0,0
1988-03-11 06:00:00,0.0,100,2.1,110,0,0,0
1988-03-11 07:00:00,0.0,100,2.1,90,4,1,3
1988-03-11 08:00:00,0.6,100,0.0,0,48,2,48
1988-03-11 09:00:00,0.6,100,1.5,310,122,12,118
1988-03-11 10:00:00,1.1,100,0.0,0,232,8,228
1988-03-11 11:00:00,3.9,89,1.5,300,549,810,85
1988-03-11 12:00:00,7.8,71,3.1,290,657,886,94
1988-03-11 13:00:00,10.6,55,3.1,320,674,886,96
1988-03-11 14:00:00,11.7,47,3.1,250,563,757,92
1988-03-11 15:00:00,13.9,34,1.5,10,511,796,76
1988-03-11 16:00:00,13.9,33,2.1,240,362,642,86
1988-03-11 17:00:00,13.9,33,0.0,0,216,577,54
1988-03-11 18:00:00,12.8,36,1.5,300,65,320,30
1988-03-11 19:00:00,10.0,50,2.6,350,3,7,1
1988-03-11 20:00:00,7.2,63,1.5,200,0,0,0
1988-03-11 21:00:00,6.1,65,2.1,130,0,0,0
1988-03-11 22:00:00,5.0,79,2.6,120,0,0,0
1988-03-11 23:00:00,3.9,86,3.6,120,0,0,0
1988-03-12 00:00:00,3.3,86,2.6,120,0,0,0
1988-03-12 01:00:00,2.2,89,0.0,0,0,0,0
1988-03-12 02:00:00,1.7,89,1.5,260,0,0,0
1988-03-12 03:00:00,0.6,92,0.0,0,0,0,0
1988-03-12 04:00:00,0.0,96,0.0,0,0,0,0
1988-03-12 05:00:00,0.0,92,0.0,0,0,0,0
1988-03-12 06:00:00,0.6,96,1.5,130,0,0,0
1988-03-12 07:00:00,-0.6,96,0.0,0,17,52,11
1988-03-12 08:00:00,2.2,89,0.0,0,116,449,39
1988-03-12 09:00:00,4.4,79,2.1,120,291,689,60
1988-03-12 10:00:00,6.1,71,1.5,180,455,797,77
1988-03-12 11:00:00,7.8,63,2.6,330,583,852,90
1988-03-12 12:00:00,10.0,57,2.1,360,662,881,97
1988-03-12 13:00:00,11.7,47,2.1,220,685,891,99
1988-03-12 14:00:00,13.9,44,2.6,330,647,880,95
1988-03-12 15:00:00,15.0,38,0.0,0,551,844,86
1988-03-12 16:00:00,15.6,34,2.6,290,407,772,72
1988-03-12 17:00:00,15.0,39,2.6,310,234,632,54
1988-03-12 18:00:00,13.9,37,0.0,0,67,317,31
1988-03-12 19:00:00,11.1,47,0.0,0,4,8,2
1988-03-12 20:00:00,10.0,52,2.6,320,0,0,0
1988-03-12 21:00:00,7.8,61,3.1,280,0,0,0
1988-03-12 22:00:00,6.7,68,0.0,0,0,0,0
1988-03-12 23:00:00,6.1,80,2.6,110,0,0,0
1988-03-13 00:00:00,5.6,83,2.6,110,0,0,0
1988-03-13 01:00:00,3.9,86,0.0,0,0,0,0
1988-03-13 02:00:00,3.3,89,3.6,110,0,0,0
1988-03-13 03:00:00,1.1,92,2.1,290,0,0,0
1988-03-13 04:00:00,2.2,93,2.1,290,0,0,0
1988-03-13 05:00:00,1.1,92,1.5,130,0,0,0
1988-03-13 06:00:00,1.1,92,1.5,250,0,0,0
1988-03-13 07:00:00,1.1,96,1.5,220,21,96,12
1988-03-13 08:00:00,3.3,96,0.0,0,118,331,60
1988-03-13 09:00:00,6.1,83,1.5,300,228,333,115
1988-03-13 10:00:00,8.3,68,2.6,310,308,251,188
1988-03-13 11:00:00,10.0,64,3.1,290,553,677,158
1988-03-13 12:00:00,11.7,49,2.6,270,626,648,207
1988-03-13 13:00:00,13.9,49,3.1,240,506,381,253
1988-03-13 14:00:00,15.0,44,3.6,290,317,3,315
1988-03-13 15:00:00,15.0,46,3.1,250,259,10,253
1988-03-13 16:00:00,15.6,46,2.6,300,193,21,184
1988-03-13 17:00:00,15.6,43,2.6,310,165,145,124
1988-03-13 18:00:00,14.4,42,5.2,330,51,49,45
1988-03-13 19:00:00,12.8,49,4.6,300,6,5,5
1988-03-13 20:00:00,11.1,59,3.6,290,0,0,0
1988-03-13 21:00:00,10.6,61,3.6,300,0,0,0
1988-03-13 22:00:00,8.3,68,3.6,290,0,0,0
1988-03-13 23:00:00,7.8,68,2.6,290,0,0,0
1988-03-14 00:00:00,7.8,71,0.0,0,0,0,0
1988-03-14 01:00:00,5.0,89,2.1,80,0,0,0
1988-03-14 02:00:00,4.4,89,0.0,0,0,0,0
1988-03-14 03:00:00,3.3,96,2.6,110,0,0,0
1988-03-14 04:00:00,2.2,96,1.5,100,0,0,0
1988-03-14 05:00:00,2.2,96,0.0,0,0,0,0
1988-03-14 06:00:00,1.1,96,1.5,310,0,0,0
1988-03-14 07:00:00,2.2,100,2.6,10,6,0,6
1988-03-14 08:00:00,2.8,100,0.0,0,36,10,34
1988-03-14 09:00:00,3.3,100,1.5,20,124,3,123
1988-03-14 10:00:00,5.6,89,2.6,310,396,383,210
1988-03-14 11:00:00,6.7,86,5.2,360,223,5,220
1988-03-14 12:00:00,8.9,69,4.1,320,254,5,251
1988-03-14 13:00:00,11.1,59,4.6,340,679,756,174
1988-03-14 14:00:00,12.2,53,4.6,320,622,754,142
1988-03-14 15:00:00,12.8,45,4.6,310,527,746,110
1988-03-14 16:00:00,13.9,42,5.2,330,380,657,90
1988-03-14 17:00:00,12.8,42,6.2,340,232,568,65
1988-03-14 18:00:00,11.7,45,4.6,330,68,260,36
1988-03-14 19:00:00,10.6,47,4.1,320,3,5,3
1988-03-14 20:00:00,8.9,44,3.6,310,0,0,0
1988-03-14 21:00:00,8.3,39,4.6,330,0,0,0
1988-03-14 22:00:00,7.2,42,3.1,320,0,0,0
1988-03-14 23:00:00,4.4,62,0.0,0,0,0,0
1988-03-15 00:00:00,3.9,67,2.1,70,0,0,0
1988-03-15 01:00:00,2.8,70,0.0,0,0,0,0
1988-03-15 02:00:00,1.1,79,0.0,0,0,0,0
1988-03-15 03:00:00,1.1,85,0.0,0,0,0,0
1988-03-15 04:00:00,1.1,85,0.0,0,0,0,0
1988-03-15 05:00:00,0.0,89,0.0,0,0,0,0
1988-03-15 06:00:00,-1.7,89,0.0,0,0,0,0
1988-03-15 07:00:00,-1.7,92,2.1,280,25,119,13
1988-03-15 08:00:00,2.2,89,2.1,280,140,564,34
1988-03-15 09:00:00,4.4,76,2.1,240,322,771,51
1988-03-15 10:00:00,7.2,61,2.6,300,490,868,64
1988-03-15 11:00:00,10.0,46,3.6,280,619,915,74
1988-03-15 12:00:00,13.3,42,3.6,300,700,943,80
1988-03-15 13:00:00,16.1,30,5.7,90,720,950,81
1988-03-15 14:00:00,16.7,29,4.6,90,676,932,78
1988-03-15 15:00:00,17.2,27,5.7,90,581,902,71
1988-03-15 16:00:00,17.2,26,6.7,100,435,840,60
1988-03-15 17:00:00,16.1,28,6.2,110,259,720,45
1988-03-15 18:00:00,15.0,27,6.2,110,84,441,28
1988-03-15 19:00:00,11.7,42,2.6,30,8,29,4
1988-03-15 20:00:00,11.7,37,3.1,70,0,0,0
1988-03-15 21:00:00,8.9,48,1.5,70,0,0,0
1988-03-15 22:00:00,8.3,52,2.6,80,0,0,0
1988-03-15 23:00:00,5.6,63,0.0,0,0,0,0
1988-03-16 00:00:00,5.0,70,2.6,220,0,0,0
1988-03-16 01:00:00,4.4,86,0.0,0,0,0,0
1988-03-16 02:00:00,3.3,86,0.0,0,0,0,0
1988-03-16 03:00:00,2.2,89,1.5,330,0,0,0
1988-03-16 04:00:00,1.7,89,2.1,300,0,0,0
1988-03-16 05:00:00,2.2,93,2.1,310,0,0,0
1988-03-16 06:00:00,0.6,89,2.6,280,0,0,0
1988-03-16 07:00:00,1.7,89,2.1,290,18,12,17
1988-03-16 08:00:00,4.4,86,3.1,290,116,256,67
1988-03-16 09:00:00,7.8,71,2.6,270,288,498,110
1988-03-16 10:00:00,11.7,47,5.7,100,459,633,145
1988-03-16 11:00:00,14.4,28,5.2,90,590,701,169
1988-03-16 12:00:00,16.1,23,6.2,90,670,735,183
1988-03-16 13:00:00,16.7,23,6.2,80,691,744,186
1988-03-16 14:00:00,17.2,22,6.7,80,648,726,179
1988-03-16 15:00:00,17.2,23,5.2,90,545,687,155
1988-03-16 16:00:00,17.2,21,5.7,90,397,606,124
1988-03-16 17:00:00,16.1,23,4.6,90,222,441,89
1988-03-16 18:00:00,14.4,26,4.1,80,65,146,46
1988-03-16 19:00:00,12.2,31,3.1,90,4,1,4
1988-03-16 20:00:00,11.1,34,3.1,90,0,0,0
1988-03-16 21:00:00,10.6,32,3.6,110,0,0,0
1988-03-16 22:00:00,9.4,38,2.1,130,0,0,0
1988-03-16 23:00:00,7.2,52,2.1,320,0,0,0
1988-03-17 00:00:00,7.2,63,3.1,340,0,0,0
1988-03-17 01:00:00,5.0,73,2.1,300,0,0,0
1988-03-17 02:00:00,3.3,79,2.6,300,0,0,0
1988-03-17 03:00:00,4.4,70,2.1,10,0,0,0
1988-03-17 04:00:00,5.0,58,1.5,50,0,0,0
1988-03-17 05:00:00,0.6,85,3.1,280,0,0,0
1988-03-17 06:00:00,2.2,89,2.1,270,0,0,0
1988-03-17 07:00:00,1.1,89,1.5,240,30,119,19
1988-03-17 08:00:00,4.4,79,2.6,270,129,369,56
1988-03-17 09:00:00,7.8,61,3.6,300,335,655,98
1988-03-17 10:00:00,10.0,50,2.6,320,504,811,97
1988-03-17 11:00:00,12.8,37,2.1,270,640,835,133
1988-03-17 12:00:00,15.0,35,2.6,340,717,857,145
1988-03-17 13:00:00,17.2,31,2.6,360,662,636,227
1988-03-17 14:00:00,17.8,28,2.1,360,652,696,199
1988-03-17 15:00:00,18.3,28,1.5,300,540,642,171
1988-03-17 16:00:00,17.8,29,1.5,70,393,492,169
1988-03-17 17:00:00,18.3,27,2.1,110,231,398,109
1988-03-17 18:00:00,16.1,35,4.1,120,82,290,43
1988-03-17 19:00:00,13.9,37,3.6,120,10,23,7
1988-03-17 20:00:00,10.0,54,3.1,110,0,0,0
1988-03-17 21:00:00,8.3,63,2.6,130,0,0,0
1988-03-17 22:00:00,8.3,66,0.0,0,0,0,0
1988-03-17 23:00:00,7.8,68,2.1,360,0,0,0
1988-03-18 00:00:00,6.7,74,2.6,60,0,0,0
1988-03-18 01:00:00,6.1,80,2.1,320,0,0,0
1988-03-18 02:00:00,4.4,79,2.1,290,0,0,0
1988-03-18 03:00:00,3.9,96,0.0,0,0,0,0
1988-03-18 04:00:00,2.8,89,0.0,0,0,0,0
1988-03-18 05:00:00,2.8,93,0.0,0,0,0,0
1988-03-18 06:00:00,3.9,93,1.5,310,0,0,0
1988-03-18 07:00:00,1.7,92,1.5,260,24,69,18
1988-03-18 08:00:00,4.4,93,0.0,0,120,210,77
1988-03-18 09:00:00,8.3,71,1.5,330,321,517,130
1988-03-18 10:00:00,10.0,61,1.5,360,471,643,145
1988-03-18 11:00:00,13.3,47,1.5,340,580,657,178
1988-03-18 12:00:00,15.6,39,2.6,60,642,607,234
1988-03-18 13:00:00,18.3,33,2.6,30,671,608,253
1988-03-18 14:00:00,20.0,31,2.6,30,653,689,201
1988-03-18 15:00:00,21.1,27,2.6,10,538,711,127
1988-03-18 16:00:00,21.1,27,2.6,30,409,655,108
1988-03-18 17:00:00,20.0,29,2.1,30,189,273,105
1988-03-18 18:00:00,19.4,28,0.0,0,75,178,50
1988-03-18 19:00:00,15.6,38,2.1,310,7,10,6
1988-03-18 20:00:00,12.8,55,3.1,250,0,0,0
1988-03-18 21:00:00,13.9,46,2.6,290,0,0,0
1988-03-18 22:00:00,10.0,64,1.5,100,0,0,0
1988-03-18 23:00:00,9.4,69,1.5,90,0,0,0
1988-03-19 00:00:00,8.9,69,0.0,0,0,0,0
1988-03-19 01:00:00,7.2,80,2.1,120,0,0,0
1988-03-19 02:00:00,5.6,86,0.0,0,0,0,0
1988-03-19 03:00:00,6.1,86,1.5,150,0,0,0
1988-03-19 04:00:00,4.4,89,0.0,0,0,0,0
1988-03-19 05:00:00,3.9,96,0.0,0,0,0,0
1988-03-19 06:00:00,3.9,93,1.5,120,0,0,0
1988-03-19 07:00:00,4.4,93,0.0,0,20,19,18
1988-03-19 08:00:00,6.7,83,2.6,100,123,186,84
1988-03-19 09:00:00,8.9,77,0.0,0,273,356,140
1988-03-19 10:00:00,10.0,74,2.6,40,348,222,234
1988-03-19 11:00:00,13.3,57,2.1,320,463,354,245
1988-03-19 12:00:00,16.1,48,2.6,20,583,451,277
1988-03-19 13:00:00,17.8,42,2.6,20,624,486,287
1988-03-19 14:00:00,18.9,39,2.1,90,522,441,231
1988-03-19 15:00:00,21.1,36,7.2,220,485,534,174
1988-03-19 16:00:00,20.6,38,7.2,220,342,435,141
1988-03-19 17:00:00,19.4,33,5.2,240,125,106,92
1988-03-19 18:00:00,17.8,33,3.6,260,55,45,49
1988-03-19 19:00:00,15.6,43,4.1,250,3,1,3
1988-03-19 20:00:00,14.4,53,4.1,240,0,0,0
1988-03-19 21:00:00,13.9,58,2.6,230,0,0,0
1988-03-19 22:00:00,12.8,64,3.6,220,0,0,0
1988-03-19 23:00:00,12.2,67,3.6,190,0,0,0
1988-03-20 00:00:00,13.3,64,3.1,160,0,0,0
1988-03-20 01:00:00,13.3,64,5.7,190,0,0,0
1988-03-20 02:00:00,13.9,62,5.7,210,0,0,0
1988-03-20 03:00:00,13.3,67,4.6,210,0,0,0
1988-03-20 04:00:00,12.8,72,5.2,200,0,0,0
1988-03-20 05:00:00,12.8,75,3.6,200,0,0,0
1988-03-20 06:00:00,12.2,77,3.6,220,0,0,0
1988-03-20 07:00:00,12.2,80,6.7,220,22,6,21
1988-03-20 08:00:00,12.8,75,5.7,200,53,21,48
1988-03-20 09:00:00,13.3,72,4.6,220,153,7,150
1988-03-20 10:00:00,13.9,67,7.2,220,223,9,218
1988-03-20 11:00:00,15.0,60,6.7,230,341,7,337
1988-03-20 12:00:00,15.0,58,5.7,240,270,3,268
1988-03-20 13:00:00,15.0,56,6.7,250,331,5,328
1988-03-20 14:00:00,14.4,60,5.2,240,277,2,276
1988-03-20 15:00:00,14.4,60,4.1,240,274,2,273
1988-03-20 16:00:00,13.9,60,6.7,220,193,2,192
1988-03-20 17:00:00,13.3,62,4.1,230,131,1,130
1988-03-20 18:00:00,12.2,62,4.1,220,51,17,49
1988-03-20 19:00:00,11.7,62,4.1,180,5,0,5
1988-03-20 20:00:00,11.7,66,3.1,200,0,0,0
1988-03-20 21:00:00,11.1,64,3.6,200,0,0,0
1988-03-20 22:00:00,10.0,83,4.6,210,0,0,0
1988-03-20 23:00:00,9.4,90,2.6,180,0,0,0
1988-03-21 00:00:00,9.4,90,3.6,180,0,0,0
1988-03-21 01:00:00,10.0,83,3.1,150,0,0,0
1988-03-21 02:00:00,10.0,83,3.1,190,0,0,0
1988-03-21 03:00:00,9.4,90,4.1,200,0,0,0
1988-03-21 04:00:00,8.9,93,4.1,210,0,0,0
1988-03-21 05:00:00,8.9,89,3.6,210,0,0,0
1988-03-21 06:00:00,8.3,93,4.1,100,0,0,0
1988-03-21 07:00:00,8.9,93,2.6,120,18,4,18
1988-03-21 08:00:00,9.4,90,2.6,150,79,5,78
1988-03-21 09:00:00,9.4,86,3.6,200,114,1,114
1988-03-21 10:00:00,9.4,90,3.1,250,117,2,116
1988-03-21 11:00:00,10.0,80,3.6,260,277,4,275
1988-03-21 12:00:00,10.6,66,4.1,260,310,3,308
1988-03-21 13:00:00,11.1,64,3.1,310,320,3,318
1988-03-21 14:00:00,11.7,57,2.6,260,319,2,317
1988-03-21 15:00:00,12.2,53,3.6,260,390,216,262
1988-03-21 16:00:00,12.8,51,3.1,260,367,380,187
1988-03-21 17:00:00,12.2,53,3.6,280,139,92,109
1988-03-21 18:00:00,10.6,66,2.6,300,58,1,58
1988-03-21 19:00:00,10.0,59,3.1,280,5,0,5
1988-03-21 20:00:00,8.9,66,2.1,260,0,0,0
1988-03-21 21:00:00,8.9,66,2.6,260,0,0,0
1988-03-21 22:00:00,8.3,71,3.1,200,0,0,0
1988-03-21 23:00:00,8.9,69,2.6,160,0,0,0
1988-03-22 00:00:00,8.3,71,3.1,150,0,0,0
1988-03-22 01:00:00,7.8,80,3.1,150,0,0,0
1988-03-22 02:00:00,8.3,71,2.6,150,0,0,0
1988-03-22 03:00:00,7.2,83,3.1,180,0,0,0
1988-03-22 04:00:00,7.2,86,5.2,170,0,0,0
1988-03-22 05:00:00,7.2,80,3.1,130,0,0,0
1988-03-22 06:00:00,6.1,89,3.1,130,0,0,0
1988-03-22 07:00:00,7.2,86,3.6,130,18,1,18
1988-03-22 08:00:00,7.8,80,4.1,110,61,28,55
1988-03-22 09:00:00,8.3,80,5.2,100,158,2,157
1988-03-22 10:00:00,10.6,66,7.2,180,223,8,219
1988-03-22 11:00:00,11.7,62,5.7,180,329,2,328
1988-03-22 12:00:00,12.2,59,5.7,160,199,8,193
1988-03-22 13:00:00,12.2,64,5.7,170,310,4,308
1988-03-22 14:00:00,12.8,60,5.7,150,300,2,299
1988-03-22 15:00:00,10.6,77,4.6,130,319,1,318
1988-03-22 16:00:00,13.3,64,5.7,190,126,1,125
1988-03-22 17:00:00,13.3,67,5.7,180,88,0,88
1988-03-22 18:00:00,11.7,83,6.2,210,39,0,39
1988-03-22 19:00:00,11.7,86,5.2,200,6,0,6
1988-03-22 20:00:00,10.6,83,8.2,250,0,0,0
1988-03-22 21:00:00,9.4,86,4.6,210,0,0,0
1988-03-22 22:00:00,9.4,83,4.6,180,0,0,0
1988-03-22 23:00:00,8.9,89,4.1,190,0,0,0
1988-03-23 00:00:00,8.3,86,3.6,200,0,0,0
1988-03-23 01:00:00,8.3,86,3.1,180,0,0,0
1988-03-23 02:00:00,8.3,86,5.2,200,0,0,0
1988-03-23 03:00:00,7.8,86,5.2,200,0,0,0
1988-03-23 04:00:00,7.8,89,3.1,200,0,0,0
1988-03-23 05:00:00,7.8,86,3.6,200,0,0,0
1988-03-23 06:00:00,7.8,83,3.6,200,0,0,0
1988-03-23 07:00:00,7.2,86,4.1,200,14,0,14
1988-03-23 08:00:00,7.2,86,5.7,210,55,1,55
1988-03-23 09:00:00,8.3,80,7.7,210,181,1,180
1988-03-23 10:00:00,7.8,86,5.2,220,148,1,147
1988-03-23 11:00:00,8.3,89,3.1,250,318,0,318
1988-03-23 12:00:00,9.4,77,5.7,230,326,76,273
1988-03-23 13:00:00,8.9,80,7.7,220,502,198,361
1988-03-23 14:00:00,10.6,64,5.2,230,359,71,311
1988-03-23 15:00:00,10.6,59,5.7,240,349,200,229
1988-03-23 16:00:00,8.9,77,4.1,260,246,69,213
1988-03-23 17:00:00,10.0,57,5.7,260,159,93,128
1988-03-23 18:00:00,8.9,66,4.6,280,74,43,68
1988-03-23 19:00:00,7.2,71,4.6,250,8,3,8
1988-03-23 20:00:00,6.7,74,3.1,220,0,0,0
1988-03-23 21:00:00,7.2,77,2.6,250,0,0,0
1988-03-23 22:00:00,6.1,86,3.1,170,0,0,0
1988-03-23 23:00:00,6.7,83,3.6,200,0,0,0
1988-03-24 00:00:00,6.1,89,3.1,180,0,0,0
1988-03-24 01:00:00,6.7,86,4.6,180,0,0,0
1988-03-24 02:00:00,6.7,86,3.6,190,0,0,0
1988-03-24 03:00:00,6.7,86,3.1,180,0,0,0
1988-03-24 04:00:00,6.1,89,3.1,190,0,0,0
1988-03-24 05:00:00,6.1,89,3.1,210,0,0,0
1988-03-24 06:00:00,6.1,89,4.1,200,0,0,0
1988-03-24 07:00:00,6.1,93,4.1,190,12,5,11
1988-03-24 08:00:00,6.1,89,4.1,190,42,3,41
1988-03-24 09:00:00,6.1,93,4.6,170,112,1,111
1988-03-24 10:00:00,6.1,93,5.2,170,129,1,129
1988-03-24 11:00:00,6.7,89,5.2,200,188,0,188
1988-03-24 12:00:00,6.7,89,5.2,180,220,5,217
1988-03-24 13:00:00,7.2,86,5.7,200,213,3,211
1988-03-24 14:00:00,7.2,89,5.2,190,185,1,184
1988-03-24 15:00:00,7.8,86,7.2,200,181,3,179
1988-03-24 16:00:00,7.8,89,6.2,200,139,1,138
1988-03-24 17:00:00,7.8,93,6.2,200,88,1,87
1988-03-24 18:00:00,8.3,89,7.2,200,36,0,36
1988-03-24 19:00:00,8.9,89,7.7,200,6,0,6
1988-03-24 20:00:00,8.9,93,7.2,200,0,0,0
1988-03-24 21:00:00,9.4,93,6.2,200,0,0,0
1988-03-24 22:00:00,9.4,93,6.2,230,0,0,0
1988-03-24 23:00:00,9.4,93,4.1,230,0,0,0
1988-03-25 00:00:00,9.4,93,3.1,210,0,0,0
1988-03-25 01:00:00,9.4,93,2.6,210,0,0,0
1988-03-25 02:00:00,9.4,93,3.1,250,0,0,0
1988-03-25 03:00:00,9.4,93,2.1,290,0,0,0
1988-03-25 04:00:00,8.3,96,1.5,50,0,0,0
1988-03-25 05:00:00,8.3,96,0.0,0,0,0,0
1988-03-25 06:00:00,8.9,93,1.5,190,0,0,0
1988-03-25 07:00:00,9.4,93,2.1,210,16,0,16
1988-03-25 08:00:00,9.4,93,2.6,220,68,1,68
1988-03-25 09:00:00,9.4,96,0.0,0,116,1,116
1988-03-25 10:00:00,9.4,100,2.1,130,262,1,262
1988-03-25 11:00:00,12.2,86,3.6,190,332,1,331
1988-03-25 12:00:00,13.9,78,5.7,190,335,1,334
1988-03-25 13:00:00,13.9,78,7.2,200,351,1,351
1988-03-25 14:00:00,13.3,78,7.2,190,330,2,329
1988-03-25 15:00:00,12.8,83,5.2,190,287,1,287
1988-03-25 16:00:00,13.3,83,4.1,180,134,1,133
1988-03-25 17:00:00,13.3,83,4.1,220,146,1,146
1988-03-25 18:00:00,13.3,78,3.6,230,71,1,71
1988-03-25 19:00:00,12.8,75,5.2,230,12,0,12
1988-03-25 20:00:00,12.2,77,5.7,220,0,0,0
1988-03-25 21:00:00,11.7,77,3.1,120,0,0,0
1988-03-25 22:00:00,11.1,83,4.1,180,0,0,0
1988-03-25 23:00:00,11.1,83,7.2,200,0,0,0
1988-03-26 00:00:00,11.7,80,7.2,210,0,0,0
1988-03-26 01:00:00,11.7,80,8.2,210,0,0,0
1988-03-26 02:00:00,11.1,83,6.2,210,0,0,0
1988-03-26 03:00:00,11.1,83,5.2,220,0,0,0
1988-03-26 04:00:00,11.1,83,5.7,210,0,0,0
1988-03-26 05:00:00,11.1,83,5.2,210,0,0,0
1988-03-26 06:00:00,10.6,86,8.2,190,0,0,0
1988-03-26 07:00:00,10.0,93,3.6,190,18,0,18
1988-03-26 08:00:00,10.0,93,4.1,220,52,1,52
1988-03-26 09:00:00,10.6,93,4.1,180,117,1,117
1988-03-26 10:00:00,10.6,93,6.2,200,163,1,162
1988-03-26 11:00:00,11.1,93,6.2,200,187,0,187
1988-03-26 12:00:00,11.1,93,7.2,240,202,0,202
1988-03-26 13:00:00,8.3,93,7.2,330,206,0,206
1988-03-26 14:00:00,8.9,80,3.6,300,405,76,352
1988-03-26 15:00:00,8.3,74,5.7,300,254,10,248
1988-03-26 16:00:00,8.3,68,7.7,280,304,227,192
1988-03-26 17:00:00,9.4,54,5.2,280,161,173,102
1988-03-26 18:00:00,6.7,71,4.1,300,75,67,64
1988-03-26 19:00:00,5.0,79,6.2,230,3,0,3
1988-03-26 20:00:00,3.3,86,2.6,290,0,0,0
1988-03-26 21:00:00,4.4,76,3.1,270,0,0,0
1988-03-26 22:00:00,3.3,86,2.6,250,0,0,0
1988-03-26 23:00:00,3.9,86,8.8,220,0,0,0
1988-03-27 00:00:00,3.3,89,5.7,220,0,0,0
1988-03-27 01:00:00,3.9,89,5.7,240,0,0,0
1988-03-27 02:00:00,3.3,89,3.1,250,0,0,0
1988-03-27 03:00:00,2.2,89,2.1,200,0,0,0
1988-03-27 04:00:00,3.3,93,2.1,190,0,0,0
1988-03-27 05:00:00,3.9,89,2.6,210,0,0,0
1988-03-27 06:00:00,3.3,93,4.1,210,0,0,0
1988-03-27 07:00:00,3.9,93,3.1,200,28,0,28
1988-03-27 08:00:00,4.4,89,3.6,210,111,48,98
1988-03-27 09:00:00,5.6,89,3.6,220,162,137,104
1988-03-27 10:00:00,7.8,77,4.1,290,301,60,268
1988-03-27 11:00:00,9.4,71,7.2,280,433,151,333
1988-03-27 12:00:00,10.0,59,5.7,310,759,694,260
1988-03-27 13:00:00,10.0,61,7.2,300,568,379,291
1988-03-27 14:00:00,11.1,53,6.2,300,504,384,236
1988-03-27 15:00:00,11.7,45,7.2,300,426,364,201
1988-03-27 16:00:00,10.0,54,6.2,330,290,196,193
1988-03-27 17:00:00,10.0,46,6.2,330,232,276,136
1988-03-27 18:00:00,8.9,54,5.7,300,104,293,53
1988-03-27 19:00:00,7.8,61,4.1,290,15,41,10
1988-03-27 20:00:00,6.1,68,3.1,260,0,0,0
1988-03-27 21:00:00,5.6,73,2.6,310,0,0,0
1988-03-27 22:00:00,4.4,82,2.6,290,0,0,0
1988-03-27 23:00:00,5.6,79,2.6,270,0,0,0
1988-03-28 00:00:00,3.9,86,2.6,260,0,0,0
1988-03-28 01:00:00,3.9,89,2.1,100,0,0,0
1988-03-28 02:00:00,3.9,93,2.6,70,0,0,0
1988-03-28 03:00:00,3.9,96,2.1,80,0,0,0
1988-03-28 04:00:00,3.9,93,2.1,90,0,0,0
1988-03-28 05:00:00,2.2,93,0.0,0,0,0,0
1988-03-28 06:00:00,2.2,93,2.6,100,0,0,0
1988-03-28 07:00:00,3.9,89,2.6,130,41,66,35
1988-03-28 08:00:00,5.6,83,2.6,120,174,410,66
1988-03-28 09:00:00,6.1,83,3.1,110,222,159,155
1988-03-28 10:00:00,7.8,68,3.6,150,398,234,266
1988-03-28 11:00:00,8.3,68,3.1,70,358,48,326
1988-03-28 12:00:00,8.9,63,3.1,110,311,10,304
1988-03-28 13:00:00,9.4,61,2.6,60,430,8,425
1988-03-28 14:00:00,10.0,57,2.6,70,263,5,259
1988-03-28 15:00:00,11.1,49,2.6,210,363,73,317
1988-03-28 16:00:00,11.1,47,3.6,200,207,8,203
1988-03-28 17:00:00,10.6,47,5.2,200,94,7,91
1988-03-28 18:00:00,9.4,59,6.7,270,40,3,40
1988-03-28 19:00:00,6.7,86,2.1,240,4,0,4
1988-03-28 20:00:00,6.1,93,3.1,270,0,0,0
1988-03-28 21:00:00,6.1,89,3.1,210,0,0,0
1988-03-28 22:00:00,5.6,93,2.1,160,0,0,0
1988-03-28 23:00:00,5.6,93,2.6,150,0,0,0
1988-03-29 00:00:00,5.6,93,2.6,150,0,0,0
1988-03-29 01:00:00,5.6,89,3.6,210,0,0,0
1988-03-29 02:00:00,6.1,89,3.6,230,0,0,0
1988-03-29 03:00:00,6.1,89,6.2,220,0,0,0
1988-03-29 04:00:00,6.1,89,4.1,230,0,0,0
1988-03-29 05:00:00,6.1,93,3.6,230,0,0,0
1988-03-29 06:00:00,5.0,89,2.6,250,0,0,0
1988-03-29 07:00:00,5.6,89,2.1,260,32,26,30
1988-03-29 08:00:00,6.1,86,2.1,250,217,491,86
1988-03-29 09:00:00,7.2,77,3.6,240,260,169,187
1988-03-29 10:00:00,6.7,86,3.6,300,242,174,144
1988-03-29 11:00:00,8.3,77,6.7,270,220,68,175
1988-03-29 12:00:00,9.4,69,5.2,290,658,595,224
1988-03-29 13:00:00,10.0,74,4.1,290,528,146,420
1988-03-29 14:00:00,10.6,74,4.6,290,532,280,335
1988-03-29 15:00:00,8.9,74,6.7,310,293,278,119
1988-03-29 16:00:00,9.4,71,6.7,310,304,148,229
1988-03-29 17:00:00,8.9,69,5.2,300,278,557,81
1988-03-29 18:00:00,8.3,71,4.1,300,96,186,62
1988-03-29 19:00:00,7.8,71,3.1,290,10,4,9
1988-03-29 20:00:00,6.7,77,2.6,270,0,0,0
1988-03-29 21:00:00,6.7,77,2.6,250,0,0,0
1988-03-29 22:00:00,6.1,80,2.6,250,0,0,0
1988-03-29 23:00:00,6.1,80,2.1,270,0,0,0
1988-03-30 00:00:00,6.7,77,2.6,250,0,0,0
1988-03-30 01:00:00,6.1,80,2.6,270,0,0,0
1988-03-30 02:00:00,6.1,80,2.1,250,0,0,0
1988-03-30 03:00:00,6.1,86,1.5,220,0,0,0
1988-03-30 04:00:00,5.6,89,2.1,200,0,0,0
1988-03-30 05:00:00,5.6,89,2.1,230,0,0,0
1988-03-30 06:00:00,5.6,93,1.5,170,0,0,0
1988-03-30 07:00:00,5.6,93,2.1,190,25,1,24
1988-03-30 08:00:00,6.7,89,2.6,210,80,7,78
1988-03-30 09:00:00,7.2,83,2.6,170,256,115,206
1988-03-30 10:00:00,8.3,74,0.0,0,220,8,216
1988-03-30 11:00:00,8.3,77,0.0,0,295,109,221
1988-03-30 12:00:00,10.6,61,2.1,220,590,426,278
1988-03-30 13:00:00,11.1,59,1.5,220,392,181,258
1988-03-30 14:00:00,11.7,57,0.0,0,507,359,253
1988-03-30 15:00:00,12.2,53,2.6,230,492,279,317
1988-03-30 16:00:00,13.3,51,4.1,240,410,437,187
1988-03-30 17:00:00,12.2,53,2.6,270,162,32,151
1988-03-30 18:00:00,11.7,59,2.6,290,79,57,68
1988-03-30 19:00:00,10.0,66,2.1,290,14,15,13
1988-03-30 20:00:00,9.4,71,2.1,290,0,0,0
1988-03-30 21:00:00,8.3,77,2.1,300,0,0,0
1988-03-30 22:00:00,7.8,77,2.1,280,0,0,0
1988-03-30 23:00:00,8.3,74,0.0,0,0,0,0
1988-03-31 00:00:00,8.3,74,2.1,300,0,0,0
1988-03-31 01:00:00,8.3,74,0.0,0,0,0,0
1988-03-31 02:00:00,7.2,89,2.1,120,0,0,0
1988-03-31 03:00:00,6.1,89,2.1,120,0,0,0
1988-03-31 04:00:00,5.0,96,0.0,0,0,0,0
1988-03-31 05:00:00,4.4,96,0.0,0,0,0,0
1988-03-31 06:00:00,4.4,100,0.0,0,0,0,0
1988-03-31 07:00:00,5.6,96,0.0,0,33,2,32
1988-03-31 08:00:00,7.2,86,2.1,60,66,4,65
1988-03-31 09:00:00,9.4,77,2.1,300,311,343,159
1988-03-31 10:00:00,10.0,74,2.6,260,524,691,124
1988-03-31 11:00:00,11.7,66,2.1,330,658,765,138
1988-03-31 12:00:00,12.8,47,2.6,300,754,822,147
1988-03-31 13:00:00,13.9,46,2.6,210,763,820,149
1988-03-31 14:00:00,15.6,48,3.1,290,721,809,144
1988-03-31 15:00:00,17.2,48,3.1,360,618,769,132
1988-03-31 16:00:00,17.8,48,4.1,310,475,708,112
1988-03-31 17:00:00,17.2,48,5.2,340,284,541,89
1988-03-31 18:00:00,16.7,52,4.1,330,111,286,57
1988-03-31 19:00:00,14.4,62,3.1,330,14,18,12
1988-03-31 20:00:00,13.3,69,3.1,330,0,0,0
1988-03-31 21:00:00,11.1,80,2.6,310,0,0,0
1988-03-31 22:00:00,10.6,80,3.0,300,0,0,0
1988-03-31 23:00:00,10.2,83,3.5,300,0,0,0
1988-04-01 00:00:00,9.7,86,3.9,300,0,0,0
1996-04-01 01:00:00,9.2,86,4.4,80,0,0,0
1996-04-01 02:00:00,8.7,86,4.8,100,0,0,0
1996-04-01 03:00:00,8.3,90,5.3,90,0,0,0
1996-04-01 04:00:00,7.8,93,5.7,110,0,0,0
1996-04-01 05:00:00,8.3,93,4.6,100,0,0,0
1996-04-01 06:00:00,8.9,93,4.6,100,0,0,0
1996-04-01 07:00:00,8.3,93,5.7,110,21,0,21
1996-04-01 08:00:00,9.4,90,3.1,80,96,76,74
1996-04-01 09:00:00,11.7,86,5.2,110,219,87,179
1996-04-01 10:00:00,14.4,67,8.2,180,329,127,255
1996-04-01 11:00:00,15.0,60,8.2,170,211,97,145
1996-04-01 12:00:00,15.6,55,8.2,170,231,12,222
1996-04-01 13:00:00,16.7,50,8.8,200,224,0,224
1996-04-01 14:00:00,14.4,62,6.2,210,424,34,399
1996-04-01 15:00:00,15.6,51,9.8,210,441,155,342
1996-04-01 16:00:00,15.6,55,7.2,220,408,90,361
1996-04-01 17:00:00,14.4,55,7.2,220,138,58,116
1996-04-01 18:00:00,12.8,74,3.6,240,42,0,41
1996-04-01 19:00:00,11.7,80,3.1,230,13,42,11
1996-04-01 20:00:00,12.2,77,1.5,190,0,0,0
1996-04-01 21:00:00,11.7,71,4.6,200,0,0,0
1996-04-01 22:00:00,10.6,83,2.1,220,0,0,0
1996-04-01 23:00:00,10.6,83,3.6,220,0,0,0
1996-04-02 00:00:00,9.4,93,5.2,300,0,0,0
1996-04-02 01:00:00,8.3,86,5.7,300,0,0,0
1996-04-02 02:00:00,7.2,86,5.2,300,0,0,0
1996-04-02 03:00:00,6.7,82,4.6,300,0,0,0
1996-04-02 04:00:00,6.7,79,5.7,300,0,0,0
1996-04-02 05:00:00,6.7,82,3.6,280,0,0,0
1996-04-02 06:00:00,6.7,82,3.6,270,0,0,0
1996-04-02 07:00:00,7.2,80,4.1,300,23,0,23
1996-04-02 08:00:00,7.2,80,3.6,280,218,134,179
1996-04-02 09:00:00,7.8,68,3.6,310,165,118,111
1996-04-02 10:00:00,8.3,63,0.0,0,398,103,337
1996-04-02 11:00:00,9.4,56,0.0,0,326,65,281
1996-04-02 12:00:00,10.0,50,1.5,260,295,61,250
1996-04-02 13:00:00,11.1,50,2.6,180,602,121,509
1996-04-02 14:00:00,10.6,54,3.1,160,417,101,343
1996-04-02 15:00:00,10.6,54,2.1,110,364,59,326
1996-04-02 16:00:00,11.1,50,3.1,60,151,0,151
1996-04-02 17:00:00,11.1,50,3.1,70,162,42,147
1996-04-02 18:00:00,11.1,50,3.1,80,128,295,69
1996-04-02 19:00:00,10.0,54,2.1,90,14,48,12
1996-04-02 20:00:00,10.0,56,2.6,90,0,0,0
1996-04-02 21:00:00,8.9,63,2.1,70,0,0,0
1996-04-02 22:00:00,7.8,73,1.5,90,0,0,0
1996-04-02 23:00:00,7.8,71,2.1,70,0,0,0
1996-04-03 00:00:00,6.7,79,0.0,0,0,0,0
1996-04-03 01:00:00,6.1,82,2.6,130,0,0,0
1996-04-03 02:00:00,6.1,86,3.1,110,0,0,0
1996-04-03 03:00:00,5.6,89,3.6,110,0,0,0
1996-04-03 04:00:00,5.6,85,0.0,0,0,0,0
1996-04-03 05:00:00,3.9,93,2.1,110,0,0,0
1996-04-03 06:00:00,4.4,89,2.6,110,0,9,0
1996-04-03 07:00:00,5.0,89,2.1,100,65,259,33
1996-04-03 08:00:00,6.7,85,4.1,120,233,402,113
1996-04-03 09:00:00,9.4,68,2.1,90,408,688,92
1996-04-03 10:00:00,10.6,65,3.1,50,541,570,201
1996-04-03 11:00:00,11.7,56,2.1,160,646,716,148
1996-04-03 12:00:00,13.3,53,2.1,140,608,556,189
1996-04-03 13:00:00,14.4,44,2.1,170,679,704,142
1996-04-03 14:00:00,15.6,37,1.5,230,596,526,213
1996-04-03 15:00:00,15.6,37,3.1,350,603,762,110
1996-04-03 16:00:00,16.1,36,3.1,340,451,516,180
1996-04-03 17:00:00,16.1,38,3.1,320,304,567,91
1996-04-03 18:00:00,15.6,37,1.5,310,139,459,46
1996-04-03 19:00:00,13.9,45,1.5,340,15,87,10
1996-04-03 20:00:00,13.9,45,2.6,20,0,0,0
1996-04-03 21:00:00,11.7,54,2.1,80,0,0,0
1996-04-03 22:00:00,10.0,66,2.1,70,0,0,0
1996-04-03 23:00:00,8.9,71,3.1,110,0,0,0
1996-04-04 00:00:00,8.9,73,2.6,90,0,0,0
1996-04-04 01:00:00,7.8,79,2.1,60,0,0,0
1996-04-04 02:00:00,7.2,76,1.5,100,0,0,0
1996-04-04 03:00:00,6.7,82,2.1,60,0,0,0
1996-04-04 04:00:00,6.1,82,0.0,0,0,0,0
1996-04-04 05:00:00,6.1,82,2.1,80,0,0,0
1996-04-04 06:00:00,5.6,82,1.5,80,0,1,0
1996-04-04 07:00:00,7.2,76,0.0,0,62,162,41
1996-04-04 08:00:00,7.8,76,2.1,60,216,444,82
1996-04-04 09:00:00,10.0,68,1.5,350,405,622,115
1996-04-04 10:00:00,11.7,61,0.0,0,569,714,141
1996-04-04 11:00:00,13.3,57,1.5,290,693,764,158
1996-04-04 12:00:00,16.1,54,2.1,10,765,789,167
1996-04-04 13:00:00,17.8,46,1.5,160,778,793,169
1996-04-04 14:00:00,19.4,40,2.1,60,732,777,163
1996-04-04 15:00:00,20.0,36,0.0,0,630,739,150
1996-04-04 16:00:00,20.6,36,2.6,290,482,668,128
1996-04-04 17:00:00,20.0,36,2.1,310,303,542,98
1996-04-04 18:00:00,19.4,44,3.1,280,126,313,61
1996-04-04 19:00:00,17.2,48,1.5,20,13,26,12
1996-04-04 20:00:00,17.2,48,3.1,110,0,0,0
1996-04-04 21:00:00,15.6,53,3.6,90,0,0,0
1996-04-04 22:00:00,14.4,60,4.1,100,0,0,0
1996-04-04 23:00:00,13.9,59,3.1,90,0,0,0
1996-04-05 00:00:00,12.8,64,2.6,130,0,0,0
1996-04-05 01:00:00,12.8,64,3.1,100,0,0,0
1996-04-05 02:00:00,11.7,68,3.6,60,0,0,0
1996-04-05 03:00:00,10.6,74,2.1,50,0,0,0
1996-04-05 04:00:00,11.1,66,4.1,90,0,0,0
1996-04-05 05:00:00,10.0,74,2.1,60,0,0,0
1996-04-05 06:00:00,10.0,71,3.1,90,1,14,0
1996-04-05 07:00:00,11.7,66,2.1,60,79,263,44
1996-04-05 08:00:00,13.3,62,3.1,110,237,538,71
1996-04-05 09:00:00,13.9,57,3.1,90,429,747,78
1996-04-05 10:00:00,15.0,53,2.6,100,592,819,96
1996-04-05 11:00:00,18.3,48,1.5,70,712,859,107
1996-04-05 12:00:00,19.4,44,1.5,220,782,878,113
1996-04-05 13:00:00,20.6,42,2.1,140,794,881,114
1996-04-05 14:00:00,22.2,40,2.1,80,749,868,110
1996-04-05 15:00:00,22.2,40,3.6,50,649,838,101
1996-04-05 16:00:00,22.8,34,3.1,40,504,782,87
1996-04-05 17:00:00,22.8,34,2.1,80,328,679,68
1996-04-05 18:00:00,21.7,41,3.6,120,146,476,46
1996-04-05 19:00:00,20.6,44,3.1,210,17,98,11
1996-04-05 20:00:00,18.3,52,2.1,310,0,0,0
1996-04-05 21:00:00,16.1,58,3.1,260,0,0,0
1996-04-05 22:00:00,14.4,65,1.5,350,0,0,0
1996-04-05 23:00:00,15.0,60,1.5,150,0,0,0
1996-04-06 00:00:00,13.3,69,0.0,0,0,0,0
1996-04-06 01:00:00,12.8,77,3.1,90,0,0,0
1996-04-06 02:00:00,12.2,77,2.1,70,0,0,0
1996-04-06 03:00:00,11.7,80,0.0,0,0,0,0
1996-04-06 04:00:00,11.7,80,3.6,110,0,0,0
1996-04-06 05:00:00,11.1,83,3.1,110,0,0,0
1996-04-06 06:00:00,10.6,86,1.5,60,1,3,1
1996-04-06 07:00:00,11.7,77,3.6,100,27,0,27
1996-04-06 08:00:00,12.8,74,2.6,100,72,0,72
1996-04-06 09:00:00,14.4,72,2.1,20,212,63,182
1996-04-06 10:00:00,16.1,67,1.5,340,466,221,331
1996-04-06 11:00:00,17.8,60,2.6,330,630,570,225
1996-04-06 12:00:00,19.4,52,3.1,10,623,401,315
1996-04-06 13:00:00,21.1,47,3.1,10,691,636,197
1996-04-06 14:00:00,22.8,42,3.1,330,708,752,152
1996-04-06 15:00:00,23.3,46,1.5,330,446,464,141
1996-04-06 16:00:00,23.9,46,3.1,310,482,696,108
1996-04-06 17:00:00,23.9,48,2.1,340,313,486,126
1996-04-06 18:00:00,18.9,68,4.1,290,155,378,73
1996-04-06 19:00:00,18.9,65,2.1,270,18,90,12
1996-04-06 20:00:00,17.2,72,3.1,280,0,0,0
1996-04-06 21:00:00,16.7,72,2.6,280,0,0,0
1996-04-06 22:00:00,15.0,77,3.6,280,0,0,0
1996-04-06 23:00:00,15.0,81,2.1,270,0,0,0
1996-04-07 00:00:00,13.3,87,0.0,0,0,0,0
1996-04-07 01:00:00,12.8,89,0.0,0,0,0,0
1996-04-07 02:00:00,12.5,91,0.0,0,0,0,0
1996-04-07 03:00:00,12.2,93,0.0,0,0,0,0
1996-04-07 04:00:00,11.7,93,0.0,0,0,0,0
1996-04-07 05:00:00,10.6,92,2.1,270,0,0,0
1996-04-07 06:00:00,10.6,96,0.0,0,1,7,1
1996-04-07 07:00:00,11.7,93,0.0,0,78,250,42
1996-04-07 08:00:00,13.9,87,0.0,0,246,536,75
1996-04-07 09:00:00,15.6,78,0.0,0,430,683,102
1996-04-07 10:00:00,17.2,75,3.1,320,593,764,124
1996-04-07 11:00:00,18.9,70,1.5,350,715,809,138
1996-04-07 12:00:00,21.7,59,2.1,320,785,831,145
1996-04-07 13:00:00,22.8,57,2.1,300,797,835,146
1996-04-07 14:00:00,24.4,50,2.1,300,751,821,142
1996-04-07 15:00:00,26.1,45,2.1,330,651,787,130
1996-04-07 16:00:00,26.1,47,2.6,320,503,724,112
1996-04-07 17:00:00,26.1,45,2.6,310,318,594,86
1996-04-07 18:00:00,25.6,45,2.6,300,136,335,63
1996-04-07 19:00:00,21.7,53,0.0,0,17,39,15
1996-04-07 20:00:00,20.6,54,3.6,340,0,0,0
1996-04-07 21:00:00,18.9,63,3.6,350,0,0,0
1996-04-07 22:00:00,17.8,67,1.5,300,0,0,0
1996-04-07 23:00:00,17.2,70,2.1,340,0,0,0
1996-04-08 00:00:00,16.1,72,0.0,0,0,0,0
1996-04-08 01:00:00,14.4,84,0.0,0,0,0,0
1996-04-08 02:00:00,14.4,84,0.0,0,0,0,0
1996-04-08 03:00:00,13.9,87,2.6,320,0,0,0
1996-04-08 04:00:00,13.3,90,0.0,0,0,0,0
1996-04-08 05:00:00,13.3,90,0.0,0,0,0,0
1996-04-08 06:00:00,12.8,93,0.0,0,3,0,3
1996-04-08 07:00:00,12.8,89,0.0,0,71,72,60
1996-04-08 08:00:00,13.9,89,1.5,340,166,45,151
1996-04-08 09:00:00,14.4,87,0.0,0,181,41,161
1996-04-08 10:00:00,15.6,80,2.1,240,538,429,272
1996-04-08 11:00:00,17.2,75,0.0,0,614,431,304
1996-04-08 12:00:00,18.9,70,3.1,290,733,558,300
1996-04-08 13:00:00,20.6,61,2.1,310,592,294,361
1996-04-08 14:00:00,21.7,59,3.1,330,693,532,295
1996-04-08 15:00:00,22.8,57,2.6,320,591,569,212
1996-04-08 16:00:00,22.8,57,2.1,350,461,451,216
1996-04-08 17:00:00,23.3,62,3.0,210,238,255,137
1996-04-08 18:00:00,22.7,62,3.0,220,80,60,67
1996-04-08 19:00:00,21.7,57,4.6,210,15,1,15
1996-04-08 20:00:00,18.9,68,4.1,300,0,0,0
1996-04-08 21:00:00,16.1,78,2.6,320,0,0,0
1996-04-08 22:00:00,15.0,83,0.0,0,0,0,0
1996-04-08 23:00:00,14.4,84,5.7,200,0,0,0
1996-04-09 00:00:00,13.9,80,0.0,0,0,0,0
1996-04-09 01:00:00,13.9,80,2.1,170,0,0,0
1996-04-09 02:00:00,13.3,80,4.6,170,0,0,0
1996-04-09 03:00:00,12.8,83,3.1,170,0,0,0
1996-04-09 04:00:00,12.8,83,3.1,170,0,0,0
1996-04-09 05:00:00,12.2,86,1.5,130,0,0,0
1996-04-09 06:00:00,12.2,86,1.5,160,2,0,2
1996-04-09 07:00:00,13.3,80,2.1,140,36,0,36
1996-04-09 08:00:00,13.3,80,3.6,60,69,0,69
1996-04-09 09:00:00,15.0,75,2.6,150,122,0,122
1996-04-09 10:00:00,15.6,69,3.6,220,169,0,169
1996-04-09 11:00:00,16.1,67,3.6,220,204,0,204
1996-04-09 12:00:00,16.1,67,5.7,180,223,0,223
1996-04-09 13:00:00,17.2,65,5.7,170,450,278,231
1996-04-09 14:00:00,17.2,60,4.6,210,391,43,358
1996-04-09 15:00:00,15.0,81,4.1,200,208,98,142
1996-04-09 16:00:00,13.3,93,2.1,240,389,100,334
1996-04-09 17:00:00,13.9,83,3.6,230,123,55,101
1996-04-09 18:00:00,13.9,80,2.1,160,84,39,75
1996-04-09 19:00:00,12.2,97,2.1,10,17,2,16
1996-04-09 20:00:00,12.8,77,3.6,260,0,0,0
1996-04-09 21:00:00,12.2,71,0.0,0,0,0,0
1996-04-09 22:00:00,11.7,77,2.6,190,0,0,0
1996-04-09 23:00:00,11.7,71,3.6,210,0,0,0
1996-04-10 00:00:00,10.0,83,2.6,140,0,0,0
1996-04-10 01:00:00,10.0,83,3.6,160,0,0,0
1996-04-10 02:00:00,9.4,86,2.6,170,0,0,0
1996-04-10 03:00:00,10.0,83,2.1,160,0,0,0
1996-04-10 04:00:00,10.0,83,2.6,170,0,0,0
1996-04-10 05:00:00,9.4,86,4.6,170,0,0,0
1996-04-10 06:00:00,9.4,86,5.2,180,2,0,2
1996-04-10 07:00:00,9.4,86,5.7,180,42,0,42
1996-04-10 08:00:00,10.0,86,4.6,200,82,0,82
1996-04-10 09:00:00,11.1,80,5.2,170,121,0,121
1996-04-10 10:00:00,11.7,74,4.6,190,169,0,169
1996-04-10 11:00:00,11.7,71,4.1,200,204,0,204
1996-04-10 12:00:00,11.7,74,5.7,200,224,0,224
1996-04-10 13:00:00,12.2,77,4.6,200,321,26,300
1996-04-10 14:00:00,12.2,71,4.6,160,363,40,332
1996-04-10 15:00:00,13.3,64,6.2,200,346,60,306
1996-04-10 16:00:00,12.8,52,5.7,230,141,0,141
1996-04-10 17:00:00,11.1,71,5.2,220,96,0,96
1996-04-10 18:00:00,10.6,79,2.1,150,59,0,59
1996-04-10 19:00:00,10.0,89,2.6,150,13,0,13
1996-04-10 20:00:00,10.0,89,3.1,140,0,0,0
1996-04-10 21:00:00,10.0,89,5.7,170,0,0,0
1996-04-10 22:00:00,10.0,93,7.7,170,0,0,0
1996-04-10 23:00:00,10.0,86,4.6,160,0,0,0
1996-04-11 00:00:00,10.0,83,5.7,160,0,0,0
1996-04-11 01:00:00,10.0,80,7.7,170,0,0,0
1996-04-11 02:00:00,10.0,80,6.7,180,0,0,0
1996-04-11 03:00:00,9.4,83,7.2,190,0,0,0
1996-04-11 04:00:00,10.0,80,5.7,180,0,0,0
1996-04-11 05:00:00,10.0,77,5.2,190,0,0,0
1996-04-11 06:00:00,9.4,80,5.2,170,3,10,3
1996-04-11 07:00:00,10.0,77,5.7,160,98,183,68
1996-04-11 08:00:00,11.1,71,5.7,160,270,580,74
1996-04-11 09:00:00,11.7,68,7.7,170,140,0,140
1996-04-11 10:00:00,11.7,68,8.8,190,185,0,185
1996-04-11 11:00:00,11.1,77,5.2,160,218,0,218
1996-04-11 12:00:00,10.6,79,4.6,140,236,0,236
1996-04-11 13:00:00,10.6,79,5.7,160,239,0,239
1996-04-11 14:00:00,9.4,90,6.2,180,226,0,226
1996-04-11 15:00:00,9.4,83,3.1,140,216,1,215
1996-04-11 16:00:00,8.9,86,5.7,170,260,151,176
1996-04-11 17:00:00,9.4,77,6.7,170,264,46,246
1996-04-11 18:00:00,9.4,74,6.2,170,95,27,89
1996-04-11 19:00:00,8.3,86,4.1,160,11,0,11
1996-04-11 20:00:00,8.3,80,7.7,180,0,0,0
1996-04-11 21:00:00,7.8,82,8.2,170,0,0,0
1996-04-11 22:00:00,7.2,90,6.2,180,0,0,0
1996-04-11 23:00:00,7.2,86,6.7,170,0,0,0
1996-04-12 00:00:00,7.2,86,4.1,160,0,0,0
1996-04-12 01:00:00,7.2,90,4.6,160,0,0,0
1996-04-12 02:00:00,7.2,86,6.7,170,0,0,0
1996-04-12 03:00:00,7.2,86,4.6,180,0,0,0
1996-04-12 04:00:00,7.2,82,6.7,180,0,0,0
1996-04-12 05:00:00,7.2,82,7.2,180,0,0,0
1996-04-12 06:00:00,7.2,82,6.7,180,3,0,3
1996-04-12 07:00:00,6.7,85,7.2,180,31,0,31
1996-04-12 08:00:00,7.2,86,10.8,180,81,0,81
1996-04-12 09:00:00,7.8,86,9.3,180,135,0,135
1996-04-12 10:00:00,7.8,86,8.8,200,253,19,241
1996-04-12 11:00:00,7.8,86,7.2,190,265,27,245
1996-04-12 12:00:00,8.3,83,10.3,190,234,48,196
1996-04-12 13:00:00,8.3,90,8.2,180,212,37,182
1996-04-12 14:00:00,9.4,86,9.3,180,354,69,302
1996-04-12 15:00:00,10.0,80,6.7,190,281,32,259
1996-04-12 16:00:00,9.4,86,6.7,210,153,0,153
1996-04-12 17:00:00,10.0,80,7.7,210,102,0,102
1996-04-12 18:00:00,10.0,77,7.2,210,49,0,49
1996-04-12 19:00:00,8.9,83,6.2,200,13,0,13
1996-04-12 20:00:00,8.3,83,5.2,200,0,0,0
1996-04-12 21:00:00,8.3,83,6.7,190,0,0,0
1996-04-12 22:00:00,8.3,86,5.7,190,0,0,0
1996-04-12 23:00:00,8.3,86,5.2,190,0,0,0
1996-04-13 00:00:00,8.3,90,6.2,190,0,0,0
1996-04-13 01:00:00,7.8,89,4.1,190,0,0,0
1996-04-13 02:00:00,7.8,89,4.6,190,0,0,0
1996-04-13 03:00:00,7.8,86,4.1,190,0,0,0
1996-04-13 04:00:00,7.8,86,4.1,190,0,0,0
1996-04-13 05:00:00,7.8,82,5.2,200,0,0,0
1996-04-13 06:00:00,7.8,82,4.1,190,5,4,4
1996-04-13 07:00:00,8.3,80,4.1,170,67,61,56
1996-04-13 08:00:00,8.9,77,5.2,180,171,129,126
1996-04-13 09:00:00,10.0,68,4.6,160,221,67,186
1996-04-13 10:00:00,11.1,61,3.1,190,379,94,319
1996-04-13 11:00:00,11.7,59,3.1,10,339,50,302
1996-04-13 12:00:00,12.8,52,1.5,360,438,202,277
1996-04-13 13:00:00,13.3,49,2.1,10,578,302,336
1996-04-13 14:00:00,15.0,45,0.0,0,694,681,174
1996-04-13 15:00:00,15.6,44,2.1,30,644,637,209
1996-04-13 16:00:00,16.1,44,2.6,40,550,839,79
1996-04-13 17:00:00,16.1,42,1.5,340,371,751,62
1996-04-13 18:00:00,14.4,57,4.1,280,182,579,43
1996-04-13 19:00:00,12.8,62,3.1,280,32,204,17
1996-04-13 20:00:00,12.2,64,2.1,280,0,0,0
1996-04-13 21:00:00,11.7,68,0.0,0,0,0,0
1996-04-13 22:00:00,11.1,71,0.0,0,0,0,0
1996-04-13 23:00:00,10.0,80,0.0,0,0,0,0
1996-04-14 00:00:00,10.6,74,0.0,0,0,0,0
1996-04-14 01:00:00,10.6,71,2.6,50,0,0,0
1996-04-14 02:00:00,10.0,80,0.0,0,0,0,0
1996-04-14 03:00:00,8.9,86,0.0,0,0,0,0
1996-04-14 04:00:00,8.3,93,0.0,0,0,0,0
1996-04-14 05:00:00,8.3,90,1.5,330,0,0,0
1996-04-14 06:00:00,8.3,90,2.1,70,8,42,6
1996-04-14 07:00:00,8.9,89,2.1,300,105,194,70
1996-04-14 08:00:00,11.1,77,3.1,320,187,203,115
1996-04-14 09:00:00,13.9,57,1.5,60,274,160,191
1996-04-14 10:00:00,15.6,55,2.1,360,625,673,190
1996-04-14 11:00:00,17.8,46,5.2,100,596,462,252
1996-04-14 12:00:00,19.4,42,4.6,90,485,121,388
1996-04-14 13:00:00,20.0,45,6.7,110,787,692,229
1996-04-14 14:00:00,20.6,42,4.6,100,656,496,275
1996-04-14 15:00:00,21.1,41,4.1,100,517,318,299
1996-04-14 16:00:00,21.7,39,4.6,90,429,445,178
1996-04-14 17:00:00,20.6,42,4.6,100,230,235,132
1996-04-14 18:00:00,19.4,45,4.6,110,175,215,122
1996-04-14 19:00:00,18.3,43,4.1,110,26,99,18
1996-04-14 20:00:00,17.8,46,2.1,200,0,0,0
1996-04-14 21:00:00,18.9,37,0.0,0,0,0,0
1996-04-14 22:00:00,15.6,55,3.1,350,0,0,0
1996-04-14 23:00:00,15.0,60,1.5,270,0,0,0
1996-04-15 00:00:00,15.0,55,3.6,70,0,0,0
1996-04-15 01:00:00,13.9,62,2.6,110,0,0,0
1996-04-15 02:00:00,13.3,67,2.1,110,0,0,0
1996-04-15 03:00:00,12.8,72,3.1,90,0,0,0
1996-04-15 04:00:00,12.2,80,2.6,90,0,0,0
1996-04-15 05:00:00,11.7,80,4.1,100,0,0,0
1996-04-15 06:00:00,11.1,83,4.1,80,5,0,5
1996-04-15 07:00:00,11.1,83,5.2,110,46,0,46
1996-04-15 08:00:00,12.2,77,3.1,110,151,22,144
1996-04-15 09:00:00,13.9,74,3.1,100,161,96,111
1996-04-15 10:00:00,15.6,64,4.6,100,308,166,200
1996-04-15 11:00:00,17.2,63,0.0,0,214,0,214
1996-04-15 12:00:00,18.9,52,6.7,240,431,219,255
1996-04-15 13:00:00,18.3,54,3.6,220,236,0,236
1996-04-15 14:00:00,18.9,54,4.6,210,488,37,459
1996-04-15 15:00:00,16.7,70,5.7,250,445,114,366
1996-04-15 16:00:00,16.1,75,1.5,320,352,166,257
1996-04-15 17:00:00,15.0,83,2.1,310,172,58,147
1996-04-15 18:00:00,13.9,89,4.6,240,49,0,49
1996-04-15 19:00:00,12.2,83,5.7,240,16,0,16
1996-04-15 20:00:00,11.7,86,4.1,200,0,0,0
1996-04-15 21:00:00,11.1,86,2.6,120,0,0,0
1996-04-15 22:00:00,11.1,93,4.6,110,0,0,0
1996-04-15 23:00:00,10.6,92,3.6,80,0,0,0
1996-04-16 00:00:00,10.0,93,3.1,100,0,0,0
1996-04-16 01:00:00,10.0,96,3.1,110,0,0,0
1996-04-16 02:00:00,10.0,89,2.6,90,0,0,0
1996-04-16 03:00:00,9.4,93,2.1,100,0,0,0
1996-04-16 04:00:00,9.4,93,4.6,100,0,0,0
1996-04-16 05:00:00,10.0,93,4.1,100,0,0,0
1996-04-16 06:00:00,10.6,86,3.6,150,8,19,7
1996-04-16 07:00:00,10.0,80,5.7,120,57,95,39
1996-04-16 08:00:00,11.1,74,3.6,150,95,101,59
1996-04-16 09:00:00,11.7,74,9.3,190,347,259,211
1996-04-16 10:00:00,13.3,62,10.3,170,578,616,175
1996-04-16 11:00:00,13.3,62,11.3,170,471,98,398
1996-04-16 12:00:00,13.9,55,11.8,190,483,157,357
1996-04-16 13:00:00,11.7,80,8.2,180,528,273,306
1996-04-16 14:00:00,11.7,66,11.3,200,334,157,213
1996-04-16 15:00:00,13.3,64,6.7,170,370,224,215
1996-04-16 16:00:00,12.2,61,9.8,210,160,0,160
1996-04-16 17:00:00,13.3,60,7.2,240,235,88,197
1996-04-16 18:00:00,11.7,63,7.2,220,105,88,83
1996-04-16 19:00:00,10.6,65,4.6,190,15,0,15
1996-04-16 20:00:00,9.4,71,6.7,170,0,0,0
1996-04-16 21:00:00,9.4,74,6.2,190,0,0,0
1996-04-16 22:00:00,8.9,80,4.6,200,0,0,0
1996-04-16 23:00:00,8.3,83,5.2,180,0,0,0
1996-04-17 00:00:00,7.8,82,5.2,170,0,0,0
1996-04-17 01:00:00,7.2,86,4.6,160,0,0,0
1996-04-17 02:00:00,6.7,85,4.6,130,0,0,0
1996-04-17 03:00:00,6.7,82,4.6,110,0,0,0
1996-04-17 04:00:00,6.7,82,2.1,120,0,0,0
1996-04-17 05:00:00,6.1,86,1.5,110,0,0,0
1996-04-17 06:00:00,6.1,86,3.1,120,8,9,8
1996-04-17 07:00:00,6.7,85,4.1,120,112,214,71
1996-04-17 08:00:00,8.3,83,5.2,110,227,388,84
1996-04-17 09:00:00,10.0,71,5.7,100,272,179,178
1996-04-17 10:00:00,10.6,65,4.6,100,480,296,285
1996-04-17 11:00:00,10.6,58,5.7,200,579,300,352
1996-04-17 12:00:00,10.0,71,5.7,90,772,594,290
1996-04-17 13:00:00,11.7,66,6.7,90,615,261,402
1996-04-17 14:00:00,10.0,77,5.2,180,453,201,296
1996-04-17 15:00:00,11.7,66,9.3,200,304,64,259
1996-04-17 16:00:00,12.2,57,7.7,200,163,0,163
1996-04-17 17:00:00,12.2,54,7.2,190,230,40,212
1996-04-17 18:00:00,11.1,61,6.7,150,106,33,98
1996-04-17 19:00:00,7.2,82,2.6,90,25,19,23
1996-04-17 20:00:00,7.2,90,2.6,110,0,0,0
1996-04-17 21:00:00,8.9,83,3.6,200,0,0,0
1996-04-17 22:00:00,8.3,83,3.6,180,0,0,0
1996-04-17 23:00:00,7.2,82,4.6,170,0,0,0
1996-04-18 00:00:00,7.2,82,3.1,160,0,0,0
1996-04-18 01:00:00,6.1,86,3.6,170,0,0,0
1996-04-18 02:00:00,6.1,82,2.6,180,0,0,0
1996-04-18 03:00:00,5.6,85,3.6,170,0,0,0
1996-04-18 04:00:00,6.1,82,4.1,170,0,0,0
1996-04-18 05:00:00,6.1,86,2.6,130,0,0,0
1996-04-18 06:00:00,6.7,82,3.6,170,9,0,9
1996-04-18 07:00:00,7.2,80,6.2,200,85,13,82
1996-04-18 08:00:00,7.2,82,7.7,190,178,101,140
1996-04-18 09:00:00,7.2,86,5.7,190,245,73,206
1996-04-18 10:00:00,8.3,80,8.2,200,579,330,360
1996-04-18 11:00:00,8.3,86,5.2,170,401,30,378
1996-04-18 12:00:00,9.4,77,8.8,190,452,119,355
1996-04-18 13:00:00,8.9,86,4.6,160,236,0,236
1996-04-18 14:00:00,8.3,90,6.7,190,223,0,223
1996-04-18 15:00:00,10.0,80,5.2,200,193,0,193
1996-04-18 16:00:00,10.0,77,5.7,190,151,0,151
1996-04-18 17:00:00,8.3,86,3.6,140,116,29,104
1996-04-18 18:00:00,8.9,86,3.1,120,82,37,72
1996-04-18 19:00:00,8.3,93,4.1,90,26,2,26
1996-04-18 20:00:00,8.3,93,4.1,110,0,0,0
1996-04-18 21:00:00,7.2,93,3.1,150,0,0,0
1996-04-18 22:00:00,6.7,93,3.1,130,0,0,0
1996-04-18 23:00:00,6.7,89,3.6,110,0,0,0
1996-04-19 00:00:00,6.7,85,2.6,100,0,0,0
1996-04-19 01:00:00,7.2,90,5.7,90,0,0,0
1996-04-19 02:00:00,6.7,89,5.2,100,0,0,0
1996-04-19 03:00:00,7.2,90,5.7,110,0,0,0
1996-04-19 04:00:00,6.7,85,5.2,100,0,0,0
1996-04-19 05:00:00,7.2,86,5.2,100,0,0,0
1996-04-19 06:00:00,7.2,82,5.7,120,10,4,9
1996-04-19 07:00:00,7.2,86,4.6,110,66,41,58
1996-04-19 08:00:00,7.8,82,3.6,90,188,36,174
1996-04-19 09:00:00,7.2,90,3.1,120,370,137,297
1996-04-19 10:00:00,8.3,83,3.1,160,375,167,263
1996-04-19 11:00:00,8.9,77,6.7,160,568,174,435
1996-04-19 12:00:00,10.0,74,6.7,180,286,87,215
1996-04-19 13:00:00,8.3,83,5.2,180,304,25,283
1996-04-19 14:00:00,11.1,71,6.7,200,428,265,220
1996-04-19 15:00:00,6.7,85,8.8,220,495,385,225
1996-04-19 16:00:00,8.9,73,6.2,210,483,660,100
1996-04-19 17:00:00,9.4,71,3.1,180,341,468,139
1996-04-19 18:00:00,8.9,73,2.6,120,143,67,125
1996-04-19 19:00:00,8.3,76,3.1,60,25,33,22
1996-04-19 20:00:00,7.2,86,0.0,0,0,0,0
1996-04-19 21:00:00,7.2,86,3.1,70,0,0,0
1996-04-19 22:00:00,6.7,85,3.6,130,0,0,0
1996-04-19 23:00:00,6.1,89,2.6,100,0,0,0
1996-04-20 00:00:00,6.7,85,2.6,100,0,0,0
1996-04-20 01:00:00,6.1,89,3.1,90,0,0,0
1996-04-20 02:00:00,5.6,89,2.6,100,0,0,0
1996-04-20 03:00:00,6.1,89,3.1,100,0,0,0
1996-04-20 04:00:00,5.6,92,3.6,90,0,0,0
1996-04-20 05:00:00,5.0,96,2.6,130,0,0,0
1996-04-20 06:00:00,5.6,92,2.6,100,11,3,11
1996-04-20 07:00:00,6.7,89,3.1,120,63,30,56
1996-04-20 08:00:00,7.8,86,2.1,110,98,22,89
1996-04-20 09:00:00,8.9,80,4.6,170,139,0,139
1996-04-20 10:00:00,9.4,80,3.1,170,185,0,185
1996-04-20 11:00:00,10.0,77,5.7,200,203,22,186
1996-04-20 12:00:00,10.0,74,7.2,190,294,67,238
1996-04-20 13:00:00,11.1,74,5.2,180,719,321,453
1996-04-20 14:00:00,11.7,68,5.2,200,512,233,329
1996-04-20 15:00:00,11.7,71,1.5,340,446,187,314
1996-04-20 16:00:00,11.1,71,6.7,190,403,197,288
1996-04-20 17:00:00,10.0,77,1.5,280,292,247,185
1996-04-20 18:00:00,10.0,74,0.0,0,58,18,53
1996-04-20 19:00:00,10.0,74,2.6,60,25,2,25
1996-04-20 20:00:00,8.9,86,4.1,110,0,0,0
1996-04-20 21:00:00,8.3,86,2.6,90,0,0,0
1996-04-20 22:00:00,7.8,89,2.1,110,0,0,0
1996-04-20 23:00:00,7.2,93,3.1,100,0,0,0
1996-04-21 00:00:00,7.2,93,2.6,110,0,0,0
1996-04-21 01:00:00,7.2,93,2.1,70,0,0,0
1996-04-21 02:00:00,7.2,93,1.5,350,0,0,0
1996-04-21 03:00:00,6.7,96,0.0,0,0,0,0
1996-04-21 04:00:00,6.7,96,0.0,0,0,0,0
1996-04-21 05:00:00,6.7,96,2.1,310,0,0,0
1996-04-21 06:00:00,6.7,93,2.1,280,9,0,9
1996-04-21 07:00:00,7.2,90,2.1,320,40,0,40
1996-04-21 08:00:00,7.2,97,1.5,290,91,0,91
1996-04-21 09:00:00,7.8,93,1.5,280,144,0,144
1996-04-21 10:00:00,8.3,90,1.5,320,189,0,189
1996-04-21 11:00:00,9.4,86,1.5,120,462,170,331
1996-04-21 12:00:00,10.0,86,0.0,0,397,108,308
1996-04-21 13:00:00,10.6,86,1.5,40,364,27,342
1996-04-21 14:00:00,10.6,86,3.6,100,234,79,171
1996-04-21 15:00:00,10.6,86,4.1,90,190,29,170
1996-04-21 16:00:00,10.6,86,3.1,100,159,0,159
1996-04-21 17:00:00,11.1,80,3.1,100,107,0,107
1996-04-21 18:00:00,11.1,80,3.1,110,68,0,68
1996-04-21 19:00:00,11.1,77,4.1,100,21,0,21
1996-04-21 20:00:00,10.0,83,3.6,110,0,0,0
1996-04-21 21:00:00,10.0,83,4.1,100,0,0,0
1996-04-21 22:00:00,10.0,86,3.6,120,0,0,0
1996-04-21 23:00:00,9.4,93,4.1,110,0,0,0
1996-04-22 00:00:00,9.4,93,4.1,80,0,0,0
1996-04-22 01:00:00,9.4,93,3.6,100,0,0,0
1996-04-22 02:00:00,8.9,96,2.1,110,0,0,0
1996-04-22 03:00:00,8.9,96,3.6,90,0,0,0
1996-04-22 04:00:00,8.9,96,4.6,100,0,0,0
1996-04-22 05:00:00,8.9,96,3.6,110,0,0,0
1996-04-22 06:00:00,8.9,96,5.7,100,10,0,10
1996-04-22 07:00:00,8.9,96,5.7,100,44,0,44
1996-04-22 08:00:00,9.4,93,5.7,100,96,0,96
1996-04-22 09:00:00,9.4,93,6.2,100,149,0,149
1996-04-22 10:00:00,10.0,89,6.7,100,194,0,194
1996-04-22 11:00:00,10.0,93,6.2,90,226,0,226
1996-04-22 12:00:00,10.6,92,5.2,100,244,0,244
1996-04-22 13:00:00,10.0,96,6.2,100,246,0,246
1996-04-22 14:00:00,11.1,93,5.7,100,233,0,233
1996-04-22 15:00:00,11.1,97,5.7,100,205,0,205
1996-04-22 16:00:00,11.1,93,4.6,90,164,0,164
1996-04-22 17:00:00,11.1,97,4.6,100,113,0,113
1996-04-22 18:00:00,11.1,97,5.2,100,49,0,49
1996-04-22 19:00:00,11.1,97,4.6,100,20,0,20
1996-04-22 20:00:00,11.7,96,4.1,100,0,0,0
1996-04-22 21:00:00,11.7,96,5.2,90,0,0,0
1996-04-22 22:00:00,12.2,93,4.1,100,0,0,0
1996-04-22 23:00:00,12.8,86,4.1,130,0,0,0
1996-04-23 00:00:00,12.8,86,4.6,140,0,0,0
1996-04-23 01:00:00,12.2,93,4.6,110,0,0,0
1996-04-23 02:00:00,12.2,90,5.7,110,0,0,0
1996-04-23 03:00:00,12.2,90,4.1,100,0,0,0
1996-04-23 04:00:00,12.8,86,2.6,110,0,0,0
1996-04-23 05:00:00,12.2,90,4.1,100,0,0,0
1996-04-23 06:00:00,12.2,90,4.1,100,11,0,11
1996-04-23 07:00:00,12.8,86,3.6,100,43,0,43
1996-04-23 08:00:00,13.9,80,5.2,150,95,0,95
1996-04-23 09:00:00,14.4,78,5.2,170,148,0,148
1996-04-23 10:00:00,14.4,72,7.2,180,193,0,193
1996-04-23 11:00:00,15.6,67,6.7,170,225,0,225
1996-04-23 12:00:00,15.0,75,7.7,170,243,0,243
1996-04-23 13:00:00,15.6,78,9.8,180,245,0,245
1996-04-23 14:00:00,15.0,77,15.5,180,232,0,232
1996-04-23 15:00:00,13.9,89,9.3,180,204,0,204
1996-04-23 16:00:00,14.4,90,9.8,170,163,0,163
1996-04-23 17:00:00,14.4,93,8.2,240,111,0,111
1996-04-23 18:00:00,14.4,72,11.8,220,58,0,58
1996-04-23 19:00:00,13.3,75,4.6,220,22,0,22
1996-04-23 20:00:00,12.2,80,3.1,240,0,0,0
1996-04-23 21:00:00,12.2,77,2.1,170,0,0,0
1996-04-23 22:00:00,11.7,74,3.6,190,0,0,0
1996-04-23 23:00:00,11.1,80,4.6,210,0,0,0
1996-04-24 00:00:00,10.6,83,6.2,230,0,0,0
1996-04-24 01:00:00,10.0,89,3.6,210,0,0,0
1996-04-24 02:00:00,9.4,90,2.6,190,0,0,0
1996-04-24 03:00:00,9.4,90,2.6,190,0,0,0
1996-04-24 04:00:00,8.9,83,4.6,180,0,0,0
1996-04-24 05:00:00,8.9,83,2.6,190,0,0,0
1996-04-24 06:00:00,8.9,89,6.2,190,14,0,14
1996-04-24 07:00:00,8.9,86,5.7,190,46,0,46
1996-04-24 08:00:00,10.0,80,5.2,200,125,0,125
1996-04-24 09:00:00,11.1,80,5.7,180,153,0,153
1996-04-24 10:00:00,10.6,79,5.2,250,197,0,197
1996-04-24 11:00:00,13.3,62,6.7,240,229,0,229
1996-04-24 12:00:00,11.7,71,9.3,280,246,0,246
1996-04-24 13:00:00,13.3,69,3.1,280,172,5,167
1996-04-24 14:00:00,13.9,67,8.8,220,575,313,324
1996-04-24 15:00:00,13.9,53,10.3,240,599,164,481
1996-04-24 16:00:00,15.0,47,8.8,230,371,276,206
1996-04-24 17:00:00,14.4,49,4.6,260,264,348,109
1996-04-24 18:00:00,12.8,66,5.7,220,187,330,95
1996-04-24 19:00:00,12.2,71,2.1,250,47,170,30
1996-04-24 20:00:00,10.6,74,2.6,240,0,2,0
1996-04-24 21:00:00,9.4,77,2.1,300,0,0,0
1996-04-24 22:00:00,10.6,65,0.0,0,0,0,0
1996-04-24 23:00:00,9.4,77,1.5,120,0,0,0
1996-04-25 00:00:00,9.4,74,1.5,130,0,0,0
1996-04-25 01:00:00,8.9,80,2.1,90,0,0,0
1996-04-25 02:00:00,8.9,83,2.6,80,0,0,0
1996-04-25 03:00:00,8.9,86,2.6,80,0,0,0
1996-04-25 04:00:00,8.3,90,2.1,140,0,0,0
1996-04-25 05:00:00,8.9,83,2.6,100,0,0,0
1996-04-25 06:00:00,8.9,86,4.6,100,16,5,16
1996-04-25 07:00:00,9.4,83,4.1,100,62,52,50
1996-04-25 08:00:00,9.4,83,3.1,120,237,61,212
1996-04-25 09:00:00,10.6,79,3.1,140,271,146,189
1996-04-25 10:00:00,13.3,64,6.7,160,622,462,304
1996-04-25 11:00:00,14.4,55,8.8,170,421,200,264
1996-04-25 12:00:00,13.9,53,6.7,180,557,113,462
1996-04-25 13:00:00,14.4,55,9.3,180,313,174,166
1996-04-25 14:00:00,14.4,60,6.7,190,422,60,374
1996-04-25 15:00:00,13.9,74,3.1,240,322,92,255
1996-04-25 16:00:00,12.2,80,6.2,200,164,0,164
1996-04-25 17:00:00,11.1,93,6.2,210,113,0,113
1996-04-25 18:00:00,10.0,93,1.5,50,59,3,58
1996-04-25 19:00:00,9.4,90,0.0,0,58,31,55
1996-04-25 20:00:00,8.3,90,1.5,310,0,0,0
1996-04-25 21:00:00,7.8,93,2.6,130,0,0,0
1996-04-25 22:00:00,7.8,96,2.1,130,0,0,0
1996-04-25 23:00:00,7.2,97,1.5,80,0,0,0
1996-04-26 00:00:00,7.2,100,3.1,150,0,0,0
1996-04-26 01:00:00,6.7,96,2.6,120,0,0,0
1996-04-26 02:00:00,6.7,96,2.1,90,0,0,0
1996-04-26 03:00:00,5.6,96,3.1,130,0,0,0
1996-04-26 04:00:00,6.1,93,1.5,120,0,0,0
1996-04-26 05:00:00,6.1,93,4.6,150,0,0,0
1996-04-26 06:00:00,6.7,93,2.6,140,25,94,18
1996-04-26 07:00:00,7.2,90,1.5,190,156,371,69
1996-04-26 08:00:00,8.3,90,0.0,0,317,532,100
1996-04-26 09:00:00,10.0,83,3.6,160,490,532,190
1996-04-26 10:00:00,10.6,79,2.1,20,619,658,163
1996-04-26 11:00:00,11.7,71,0.0,0,805,715,242
1996-04-26 12:00:00,13.3,55,6.7,240,718,589,224
1996-04-26 13:00:00,12.8,59,4.6,200,594,296,343
1996-04-26 14:00:00,14.4,49,5.2,210,567,359,278
1996-04-26 15:00:00,15.0,45,6.7,200,496,277,296
1996-04-26 16:00:00,16.1,39,8.2,260,549,485,257
1996-04-26 17:00:00,13.3,60,6.2,330,140,46,119
1996-04-26 18:00:00,12.2,53,5.7,270,196,344,98
1996-04-26 19:00:00,11.7,59,4.6,280,45,49,39
1996-04-26 20:00:00,10.0,63,3.6,320,0,3,0
1996-04-26 21:00:00,8.9,68,2.1,330,0,0,0
1996-04-26 22:00:00,8.3,74,2.1,60,0,0,0
1996-04-26 23:00:00,8.3,76,2.1,10,0,0,0
1996-04-27 00:00:00,7.8,79,1.5,140,0,0,0
1996-04-27 01:00:00,7.2,82,1.5,140,0,0,0
1996-04-27 02:00:00,8.3,76,0.0,0,0,0,0
1996-04-27 03:00:00,8.3,76,2.1,170,0,0,0
1996-04-27 04:00:00,8.3,74,1.5,210,0,0,0
1996-04-27 05:00:00,7.2,90,1.5,360,0,0,0
1996-04-27 06:00:00,7.2,86,0.0,0,18,0,18
1996-04-27 07:00:00,8.3,83,1.5,150,49,0,49
1996-04-27 08:00:00,8.9,77,1.5,100,102,0,102
1996-04-27 09:00:00,8.9,77,1.5,70,155,0,155
1996-04-27 10:00:00,11.1,74,3.1,60,282,112,204
1996-04-27 11:00:00,11.1,61,2.6,330,264,150,146
1996-04-27 12:00:00,11.7,61,2.6,20,165,56,118
1996-04-27 13:00:00,13.3,57,2.6,360,689,379,368
1996-04-27 14:00:00,13.9,55,2.6,320,739,534,307
1996-04-27 15:00:00,14.4,51,3.1,280,492,391,208
1996-04-27 16:00:00,15.0,49,2.1,50,451,512,141
1996-04-27 17:00:00,14.4,49,2.1,310,265,263,145
1996-04-27 18:00:00,14.4,46,3.1,290,216,488,75
1996-04-27 19:00:00,12.8,59,4.1,280,54,208,31
1996-04-27 20:00:00,11.1,63,4.1,310,0,4,0
1996-04-27 21:00:00,10.6,68,2.6,270,0,0,0
1996-04-27 22:00:00,9.4,77,2.1,260,0,0,0
1996-04-27 23:00:00,8.9,73,2.1,50,0,0,0
1996-04-28 00:00:00,7.8,82,2.6,70,0,0,0
1996-04-28 01:00:00,6.1,86,2.1,110,0,0,0
1996-04-28 02:00:00,5.6,89,2.1,110,0,0,0
1996-04-28 03:00:00,5.0,89,1.5,270,0,0,0
1996-04-28 04:00:00,5.0,93,0.0,0,0,0,0
1996-04-28 05:00:00,4.4,97,1.5,130,0,0,0
1996-04-28 06:00:00,4.4,97,1.5,290,28,99,21
1996-04-28 07:00:00,6.7,89,2.6,290,160,423,57
1996-04-28 08:00:00,8.3,76,3.6,270,341,620,83
1996-04-28 09:00:00,10.6,68,3.1,280,518,721,106
1996-04-28 10:00:00,12.8,64,2.6,280,699,819,126
1996-04-28 11:00:00,15.0,60,3.1,300,814,853,138
1996-04-28 12:00:00,16.1,54,1.5,290,877,869,143
1996-04-28 13:00:00,17.2,52,3.6,290,885,870,144
1996-04-28 14:00:00,18.3,50,5.2,280,835,857,140
1996-04-28 15:00:00,19.4,39,2.6,310,733,828,130
1996-04-28 16:00:00,20.0,31,4.1,280,586,776,114
1996-04-28 17:00:00,19.4,34,3.6,280,379,575,115
1996-04-28 18:00:00,18.9,34,1.5,290,210,458,77
1996-04-28 19:00:00,17.8,40,0.0,0,39,55,33
1996-04-28 20:00:00,16.7,48,0.0,0,0,1,0
1996-04-28 21:00:00,15.0,58,1.5,290,0,0,0
1996-04-28 22:00:00,15.6,55,3.1,270,0,0,0
1996-04-28 23:00:00,15.0,55,1.5,270,0,0,0
1996-04-29 00:00:00,13.9,64,1.5,320,0,0,0
1996-04-29 01:00:00,13.9,64,0.0,0,0,0,0
1996-04-29 02:00:00,13.9,62,2.1,330,0,0,0
1996-04-29 03:00:00,13.3,62,1.5,300,0,0,0
1996-04-29 04:00:00,12.8,64,1.5,300,0,0,0
1996-04-29 05:00:00,12.8,62,0.0,0,0,0,0
1996-04-29 06:00:00,12.2,64,2.1,300,29,3,29
1996-04-29 07:00:00,12.2,53,2.6,310,111,61,96
1996-04-29 08:00:00,13.3,51,0.0,0,162,30,150
1996-04-29 09:00:00,13.3,51,0.0,0,264,80,218
1996-04-29 10:00:00,15.6,49,2.1,360,305,117,222
1996-04-29 11:00:00,16.1,50,1.5,290,494,154,370
1996-04-29 12:00:00,17.2,52,2.1,340,337,121,234
1996-04-29 13:00:00,18.3,50,3.1,360,657,227,463
1996-04-29 14:00:00,18.9,48,3.6,320,455,184,305
1996-04-29 15:00:00,19.4,44,4.1,260,652,643,182
1996-04-29 16:00:00,19.4,47,4.1,280,525,505,216
1996-04-29 17:00:00,18.9,48,4.6,330,316,287,183
1996-04-29 18:00:00,18.3,45,4.6,330,186,337,87
1996-04-29 19:00:00,15.6,49,5.2,340,53,106,40
1996-04-29 20:00:00,13.9,53,5.2,330,0,1,0
1996-04-29 21:00:00,12.2,64,6.2,320,0,0,0
1996-04-29 22:00:00,10.6,71,4.1,310,0,0,0
1996-04-29 23:00:00,9.4,74,6.2,320,0,0,0
1996-04-30 00:00:00,8.9,73,7.2,310,0,0,0
1996-04-30 01:00:00,8.3,80,5.7,310,0,0,0
1996-04-30 02:00:00,7.8,79,2.6,310,0,0,0
1996-04-30 03:00:00,7.8,79,3.1,310,0,0,0
1996-04-30 04:00:00,8.3,76,1.5,290,0,0,0
1996-04-30 05:00:00,8.3,80,2.1,300,0,0,0
1996-04-30 06:00:00,8.3,80,3.6,300,34,146,23
1996-04-30 07:00:00,10.0,71,3.1,320,180,492,56
1996-04-30 08:00:00,10.0,71,0.0,0,366,674,81
1996-04-30 09:00:00,11.1,69,0.0,0,549,772,103
1996-04-30 10:00:00,12.2,66,1.5,270,704,829,119
1996-04-30 11:00:00,13.3,55,3.1,290,767,786,138
1996-04-30 12:00:00,15.0,47,2.1,340,822,745,188
1996-04-30 13:00:00,16.1,36,3.1,340,652,461,257
1996-04-30 14:00:00,17.8,34,2.6,330,460,318,199
1996-04-30 15:00:00,18.3,34,3.1,330,484,360,220
1996-04-30 16:00:00,18.3,40,2.6,360,402,127,324
1996-04-30 17:00:00,16.7,50,6.7,320,247,102,200
1996-04-30 18:00:00,13.9,49,8.2,320,100,93,72
1996-04-30 19:00:00,11.1,77,4.6,350,35,0,35
1996-04-30 20:00:00,10.0,80,1.5,20,1,0,1
1996-04-30 21:00:00,10.0,80,0.0,0,0,0,0
1996-04-30 22:00:00,10.2,77,0.4,0,0,0,0
1996-04-30 23:00:00,10.5,68,0.7,300,0,0,0
1996-05-01 00:00:00,10.7,68,1.1,320,0,0,0
1989-05-01 01:00:00,11.0,90,1.5,200,0,0,0
1989-05-01 02:00:00,11.2,93,1.9,180,0,0,0
1989-05-01 03:00:00,11.5,86,2.2,180,0,0,0
1989-05-01 04:00:00,11.7,90,2.6,180,0,0,0
1989-05-01 05:00:00,11.7,90,3.6,200,0,0,0
1989-05-01 06:00:00,11.7,90,2.1,190,22,7,21
1989-05-01 07:00:00,12.2,83,2.6,180,124,107,97
1989-05-01 08:00:00,13.3,80,2.6,190,222,55,198
1989-05-01 09:00:00,13.3,80,3.1,70,343,132,267
1989-05-01 10:00:00,13.9,81,3.1,60,495,200,354
1989-05-01 11:00:00,16.1,67,2.1,360,580,254,377
1989-05-01 12:00:00,17.2,61,2.6,350,645,369,331
1989-05-01 13:00:00,17.8,52,1.5,10,553,195,387
1989-05-01 14:00:00,17.2,52,3.1,30,541,298,298
1989-05-01 15:00:00,17.2,56,4.1,20,547,365,279
1989-05-01 16:00:00,17.2,54,3.1,40,526,448,251
1989-05-01 17:00:00,17.8,52,2.6,10,275,257,156
1989-05-01 18:00:00,16.7,54,5.2,360,112,29,103
1989-05-01 19:00:00,16.1,54,4.1,340,49,91,38
1989-05-01 20:00:00,13.9,64,2.6,300,1,0,1
1989-05-01 21:00:00,13.9,62,3.1,320,0,0,0
1989-05-01 22:00:00,12.8,69,2.6,310,0,0,0
1989-05-01 23:00:00,11.1,74,3.1,290,0,0,0
1989-05-02 00:00:00,11.1,74,1.5,290,0,0,0
1989-05-02 01:00:00,10.0,90,1.5,70,0,0,0
1989-05-02 02:00:00,9.4,93,2.1,80,0,0,0
1989-05-02 03:00:00,8.9,89,1.5,290,0,0,0
1989-05-02 04:00:00,7.8,93,1.5,330,0,0,0
1989-05-02 05:00:00,8.3,96,2.1,110,0,0,0
1989-05-02 06:00:00,8.9,93,1.5,170,38,47,34
1989-05-02 07:00:00,10.0,90,1.5,360,100,39,90
1989-05-02 08:00:00,11.1,86,3.6,270,241,132,185
1989-05-02 09:00:00,14.4,72,2.1,180,496,667,109
1989-05-02 10:00:00,16.1,63,2.6,250,680,842,83
1989-05-02 11:00:00,17.8,54,3.1,240,791,880,85
1989-05-02 12:00:00,18.9,37,2.1,230,844,874,98
1989-05-02 13:00:00,20.6,35,2.1,170,851,870,104
1989-05-02 14:00:00,20.6,32,2.1,20,821,885,96
1989-05-02 15:00:00,21.1,39,3.6,300,585,656,102
1989-05-02 16:00:00,21.1,41,5.2,280,542,625,157
1989-05-02 17:00:00,21.7,35,2.6,360,429,741,84
1989-05-02 18:00:00,21.1,36,2.6,350,241,618,58
1989-05-02 19:00:00,19.4,40,3.1,330,68,312,30
1989-05-02 20:00:00,17.2,50,2.6,310,6,19,3
1989-05-02 21:00:00,15.0,65,2.6,300,0,0,0
1989-05-02 22:00:00,13.3,75,3.6,280,0,0,0
1989-05-02 23:00:00,12.2,83,0.0,0,0,0,0
1989-05-03 00:00:00,11.7,80,2.1,70,0,0,0
1989-05-03 01:00:00,11.1,83,1.5,90,0,0,0
1989-05-03 02:00:00,10.6,86,2.1,120,0,0,0
1989-05-03 03:00:00,9.4,80,0.0,0,0,0,0
1989-05-03 04:00:00,8.9,83,0.0,0,0,0,0
1989-05-03 05:00:00,9.4,83,2.1,40,0,0,0
1989-05-03 06:00:00,9.4,83,2.1,180,38,39,34
1989-05-03 07:00:00,11.7,77,1.5,20,147,219,90
1989-05-03 08:00:00,12.8,72,1.5,50,222,180,144
1989-05-03 09:00:00,13.9,69,1.5,320,293,98,236
1989-05-03 10:00:00,17.2,63,2.6,320,601,451,280
1989-05-03 11:00:00,20.0,51,2.1,40,658,499,257
1989-05-03 12:00:00,19.4,55,2.1,250,707,381,381
1989-05-03 13:00:00,21.7,46,3.1,10,665,417,306
1989-05-03 14:00:00,23.3,43,2.6,60,744,597,254
1989-05-03 15:00:00,22.8,43,6.2,210,588,480,234
1989-05-03 16:00:00,21.7,46,6.7,210,333,79,284
1989-05-03 17:00:00,20.6,51,6.2,210,330,375,154
1989-05-03 18:00:00,19.4,55,4.1,210,223,431,94
1989-05-03 19:00:00,18.3,63,4.1,200,61,151,42
1989-05-03 20:00:00,17.2,70,3.1,190,1,3,1
1989-05-03 21:00:00,17.2,73,3.6,190,0,0,0
1989-05-03 22:00:00,16.7,78,3.6,200,0,0,0
1989-05-03 23:00:00,16.7,81,3.1,220,0,0,0
1989-05-04 00:00:00,16.1,87,2.1,200,0,0,0
1989-05-04 01:00:00,16.1,84,2.1,90,0,0,0
1989-05-04 02:00:00,15.0,84,2.6,90,0,0,0
1989-05-04 03:00:00,14.4,93,2.1,100,0,0,0
1989-05-04 04:00:00,14.4,90,3.1,90,0,0,0
1989-05-04 05:00:00,15.0,90,3.1,100,0,0,0
1989-05-04 06:00:00,15.0,90,2.6,100,24,5,23
1989-05-04 07:00:00,15.6,87,2.1,40,69,3,68
1989-05-04 08:00:00,16.7,84,2.6,70,147,3,146
1989-05-04 09:00:00,17.8,81,2.1,90,276,119,206
1989-05-04 10:00:00,20.0,66,2.6,30,584,432,275
1989-05-04 11:00:00,21.7,59,2.6,10,734,716,155
1989-05-04 12:00:00,22.8,57,2.6,10,847,814,148
1989-05-04 13:00:00,23.9,54,3.1,360,886,937,76
1989-05-04 14:00:00,25.0,45,2.6,360,820,885,91
1989-05-04 15:00:00,25.6,47,3.1,350,666,777,91
1989-05-04 16:00:00,26.1,45,2.6,300,547,632,155
1989-05-04 17:00:00,25.6,44,3.1,330,402,621,109
1989-05-04 18:00:00,25.0,40,2.1,330,218,479,72
1989-05-04 19:00:00,22.8,48,2.1,10,62,171,40
1989-05-04 20:00:00,20.6,57,0.0,0,7,12,5
1989-05-04 21:00:00,18.9,63,0.0,0,0,0,0
1989-05-04 22:00:00,16.1,75,3.1,100,0,0,0
1989-05-04 23:00:00,15.0,81,2.6,80,0,0,0
1989-05-05 00:00:00,15.6,81,2.1,70,0,0,0
1989-05-05 01:00:00,14.4,84,1.5,80,0,0,0
1989-05-05 02:00:00,15.0,81,2.1,120,0,0,0
1989-05-05 03:00:00,14.4,84,2.1,290,0,0,0
1989-05-05 04:00:00,14.4,84,0.0,0,0,0,0
1989-05-05 05:00:00,14.4,87,2.1,160,0,0,0
1989-05-05 06:00:00,15.0,84,1.5,120,23,1,23
1989-05-05 07:00:00,15.0,87,0.0,0,76,5,74
1989-05-05 08:00:00,15.6,90,1.5,300,106,8,102
1989-05-05 09:00:00,16.1,87,0.0,0,119,6,115
1989-05-05 10:00:00,16.7,87,0.0,0,161,4,158
1989-05-05 11:00:00,17.2,84,2.6,330,325,3,322
1989-05-05 12:00:00,19.4,73,2.6,330,469,47,428
1989-05-05 13:00:00,22.2,69,2.1,300,615,164,473
1989-05-05 14:00:00,23.9,54,3.6,290,538,221,356
1989-05-05 15:00:00,25.0,48,4.1,290,508,166,385
1989-05-05 16:00:00,25.6,45,5.2,280,546,491,240
1989-05-05 17:00:00,25.6,49,4.1,300,373,372,196
1989-05-05 18:00:00,22.8,60,4.6,330,213,252,136
1989-05-05 19:00:00,21.7,61,4.1,310,64,40,58
1989-05-05 20:00:00,20.0,66,2.6,330,5,0,5
1989-05-05 21:00:00,19.4,68,2.1,350,0,0,0
1989-05-05 22:00:00,18.9,70,2.6,320,0,0,0
1989-05-05 23:00:00,17.8,75,1.5,360,0,0,0
1989-05-06 00:00:00,17.8,78,2.1,330,0,0,0
1989-05-06 01:00:00,15.0,93,0.0,0,0,0,0
1989-05-06 02:00:00,13.9,93,2.1,40,0,0,0
1989-05-06 03:00:00,13.9,93,0.0,0,0,0,0
1989-05-06 04:00:00,13.9,93,0.0,0,0,0,0
1989-05-06 05:00:00,13.3,93,2.1,50,0,0,0
1989-05-06 06:00:00,14.4,97,2.6,60,32,20,30
1989-05-06 07:00:00,15.6,93,0.0,0,160,253,92
1989-05-06 08:00:00,18.3,78,2.1,330,217,48,197
1989-05-06 09:00:00,18.9,76,3.6,300,318,41,293
1989-05-06 10:00:00,19.4,68,2.6,290,323,7,318
1989-05-06 11:00:00,21.1,64,0.0,0,324,5,320
1989-05-06 12:00:00,23.3,58,2.1,360,450,80,381
1989-05-06 13:00:00,24.4,58,2.1,260,320,12,310
1989-05-06 14:00:00,23.3,60,3.6,290,347,6,341
1989-05-06 15:00:00,24.4,60,4.1,280,314,17,301
1989-05-06 16:00:00,23.9,60,4.6,290,288,5,285
1989-05-06 17:00:00,21.1,71,6.7,310,195,7,192
1989-05-06 18:00:00,21.7,71,4.1,340,121,0,121
1989-05-06 19:00:00,20.6,71,2.1,280,58,29,54
1989-05-06 20:00:00,20.0,71,3.6,320,5,1,5
1989-05-06 21:00:00,18.3,78,3.1,320,0,0,0
1989-05-06 22:00:00,17.8,78,3.6,320,0,0,0
1989-05-06 23:00:00,16.7,81,4.6,320,0,0,0
1989-05-07 00:00:00,15.6,87,3.6,340,0,0,0
1989-05-07 01:00:00,14.4,90,3.1,340,0,0,0
1989-05-07 02:00:00,15.0,87,3.1,310,0,0,0
1989-05-07 03:00:00,14.4,90,3.1,300,0,0,0
1989-05-07 04:00:00,13.3,93,2.6,310,0,0,0
1989-05-07 05:00:00,13.9,90,2.6,300,0,0,0
1989-05-07 06:00:00,14.4,87,3.1,300,27,1,27
1989-05-07 07:00:00,15.0,84,3.6,320,110,6,108
1989-05-07 08:00:00,15.6,81,2.6,300,150,7,147
1989-05-07 09:00:00,16.1,81,2.6,340,227,2,226
1989-05-07 10:00:00,17.2,78,3.1,320,302,6,297
1989-05-07 11:00:00,18.9,73,3.1,300,656,404,326
1989-05-07 12:00:00,20.0,68,3.6,280,633,229,435
1989-05-07 13:00:00,21.1,64,3.6,320,833,652,265
1989-05-07 14:00:00,22.8,57,4.1,300,835,846,132
1989-05-07 15:00:00,23.9,40,4.1,340,756,847,122
1989-05-07 16:00:00,24.4,37,5.2,350,608,803,103
1989-05-07 17:00:00,23.9,34,5.2,330,434,731,84
1989-05-07 18:00:00,22.8,45,5.2,350,245,587,62
1989-05-07 19:00:00,21.1,59,5.2,330,79,304,37
1989-05-07 20:00:00,19.4,66,4.6,320,7,15,5
1989-05-07 21:00:00,17.8,68,5.7,330,0,0,0
1989-05-07 22:00:00,16.1,75,4.6,330,0,0,0
1989-05-07 23:00:00,14.4,81,3.6,320,0,0,0
1989-05-08 00:00:00,13.3,87,3.6,330,0,0,0
1989-05-08 01:00:00,12.8,87,3.1,310,0,0,0
1989-05-08 02:00:00,12.2,90,2.6,330,0,0,0
1989-05-08 03:00:00,12.2,90,2.1,340,0,0,0
1989-05-08 04:00:00,12.2,90,3.1,330,0,0,0
1989-05-08 05:00:00,12.2,86,3.6,330,0,0,0
1989-05-08 06:00:00,12.2,83,4.6,320,31,7,31
1989-05-08 07:00:00,12.8,80,5.2,320,138,54,123
1989-05-08 08:00:00,13.3,78,3.1,340,182,22,172
1989-05-08 09:00:00,13.9,78,2.1,340,283,15,274
1989-05-08 10:00:00,15.0,72,3.1,340,272,0,272
1989-05-08 11:00:00,15.6,75,3.1,280,619,268,399
1989-05-08 12:00:00,17.8,70,2.6,340,874,767,207
1989-05-08 13:00:00,20.6,61,2.6,320,786,686,187
1989-05-08 14:00:00,21.7,57,5.2,280,743,611,234
1989-05-08 15:00:00,23.3,36,4.6,340,716,772,137
1989-05-08 16:00:00,23.9,42,6.2,350,579,723,123
1989-05-08 17:00:00,23.3,40,5.7,350,409,675,84
1989-05-08 18:00:00,21.7,46,6.2,320,231,476,82
1989-05-08 19:00:00,20.0,55,7.2,320,74,133,56
1989-05-08 20:00:00,17.8,61,7.2,340,8,17,6
1989-05-08 21:00:00,16.7,65,7.2,330,0,0,0
1989-05-08 22:00:00,15.0,70,5.2,320,0,0,0
1989-05-08 23:00:00,13.9,75,4.1,350,0,0,0
1989-05-09 00:00:00,13.3,78,4.6,300,0,0,0
1989-05-09 01:00:00,12.2,80,3.6,340,0,0,0
1989-05-09 02:00:00,11.7,83,4.1,310,0,0,0
1989-05-09 03:00:00,11.1,83,3.6,320,0,0,0
1989-05-09 04:00:00,11.7,80,3.6,320,0,0,0
1989-05-09 05:00:00,12.2,77,6.2,330,2,0,2
1989-05-09 06:00:00,12.2,80,6.2,310,31,3,31
1989-05-09 07:00:00,12.8,77,5.7,320,86,2,85
1989-05-09 08:00:00,12.8,77,5.2,330,192,9,188
1989-05-09 09:00:00,13.9,72,4.1,320,214,5,211
1989-05-09 10:00:00,15.0,70,4.1,320,386,3,384
1989-05-09 11:00:00,15.0,67,2.6,330,403,2,401
1989-05-09 12:00:00,14.4,72,1.5,300,440,1,439
1989-05-09 13:00:00,13.9,81,2.1,250,237,3,235
1989-05-09 14:00:00,13.3,87,4.1,180,232,1,231
1989-05-09 15:00:00,12.8,93,4.1,180,210,0,209
1989-05-09 16:00:00,12.8,93,2.1,200,272,1,271
1989-05-09 17:00:00,12.8,80,4.6,300,220,0,220
1989-05-09 18:00:00,13.3,75,2.6,310,134,0,134
1989-05-09 19:00:00,13.3,69,6.2,310,45,0,45
1989-05-09 20:00:00,12.2,69,5.7,300,7,0,7
1989-05-09 21:00:00,12.2,69,5.2,290,0,0,0
1989-05-09 22:00:00,11.7,72,5.2,290,0,0,0
1989-05-09 23:00:00,11.7,69,5.7,310,0,0,0
1989-05-10 00:00:00,11.1,72,4.6,280,0,0,0
1989-05-10 01:00:00,10.6,74,3.1,300,0,0,0
1989-05-10 02:00:00,10.6,74,3.1,290,0,0,0
1989-05-10 03:00:00,10.0,74,2.1,300,0,0,0
1989-05-10 04:00:00,10.6,69,6.2,300,0,0,0
1989-05-10 05:00:00,8.9,80,3.6,280,1,0,1
1989-05-10 06:00:00,10.0,74,4.6,320,20,3,19
1989-05-10 07:00:00,10.6,69,3.6,260,120,37,110
1989-05-10 08:00:00,12.2,62,2.6,270,215,117,162
1989-05-10 09:00:00,13.3,57,3.6,290,240,4,238
1989-05-10 10:00:00,12.2,62,4.1,300,189,4,187
1989-05-10 11:00:00,13.9,64,2.1,320,525,192,367
1989-05-10 12:00:00,13.3,64,3.6,230,700,426,329
1989-05-10 13:00:00,14.4,53,3.1,340,695,388,354
1989-05-10 14:00:00,16.1,67,4.1,360,609,234,413
1989-05-10 15:00:00,16.7,46,7.2,240,325,77,266
1989-05-10 16:00:00,15.6,50,7.7,260,538,382,295
1989-05-10 17:00:00,13.9,55,7.2,280,238,53,212
1989-05-10 18:00:00,13.9,51,7.7,270,170,85,143
1989-05-10 19:00:00,12.2,59,6.2,270,63,36,58
1989-05-10 20:00:00,10.0,61,3.6,280,6,2,5
1989-05-10 21:00:00,10.6,66,3.6,280,0,0,0
1989-05-10 22:00:00,10.6,64,4.6,300,0,0,0
1989-05-10 23:00:00,10.0,69,2.6,290,0,0,0
1989-05-11 00:00:00,10.0,69,3.1,310,0,0,0
1989-05-11 01:00:00,9.4,71,3.1,260,0,0,0
1989-05-11 02:00:00,8.9,80,2.1,230,0,0,0
1989-05-11 03:00:00,9.4,71,3.1,20,0,0,0
1989-05-11 04:00:00,7.2,83,2.1,50,0,0,0
1989-05-11 05:00:00,5.6,89,2.1,100,0,2,0
1989-05-11 06:00:00,7.2,86,0.0,0,52,163,34
1989-05-11 07:00:00,10.0,74,0.0,0,197,421,77
1989-05-11 08:00:00,11.7,66,1.5,360,386,541,139
1989-05-11 09:00:00,12.8,51,1.5,340,583,716,148
1989-05-11 10:00:00,13.3,49,2.1,300,763,696,252
1989-05-11 11:00:00,15.0,44,3.1,50,804,654,264
1989-05-11 12:00:00,15.0,44,3.1,330,903,660,325
1989-05-11 13:00:00,16.1,41,3.1,310,840,680,241
1989-05-11 14:00:00,16.7,37,3.1,350,811,598,308
1989-05-11 15:00:00,16.7,37,2.6,250,407,108,325
1989-05-11 16:00:00,16.7,40,5.2,310,525,439,245
1989-05-11 17:00:00,16.7,41,4.1,280,383,469,153
1989-05-11 18:00:00,13.9,55,6.7,340,197,176,140
1989-05-11 19:00:00,13.3,60,4.1,340,69,93,55
1989-05-11 20:00:00,12.2,64,4.6,330,7,2,6
1989-05-11 21:00:00,11.7,66,4.6,320,0,0,0
1989-05-11 22:00:00,11.1,72,4.1,310,0,0,0
1989-05-11 23:00:00,10.0,77,4.6,320,0,0,0
1989-05-12 00:00:00,10.0,74,4.1,320,0,0,0
1989-05-12 01:00:00,8.9,80,3.6,310,0,0,0
1989-05-12 02:00:00,8.9,80,2.6,340,0,0,0
1989-05-12 03:00:00,7.8,86,0.0,0,0,0,0
1989-05-12 04:00:00,7.8,86,2.1,50,0,0,0
1989-05-12 05:00:00,7.2,89,1.5,90,2,1,2
1989-05-12 06:00:00,8.3,86,0.0,0,32,4,32
1989-05-12 07:00:00,9.4,80,0.0,0,108,9,105
1989-05-12 08:00:00,10.6,72,3.1,280,313,323,165
1989-05-12 09:00:00,12.2,67,0.0,0,389,270,225
1989-05-12 10:00:00,14.4,58,2.1,30,726,516,346
1989-05-12 11:00:00,14.4,49,3.1,250,521,179,373
1989-05-12 12:00:00,15.0,48,4.6,230,678,307,409
1989-05-12 13:00:00,16.1,44,2.6,340,594,289,339
1989-05-12 14:00:00,15.0,46,3.1,300,511,75,448
1989-05-12 15:00:00,16.1,41,2.1,290,589,461,239
1989-05-12 16:00:00,17.2,41,4.1,310,486,432,210
1989-05-12 17:00:00,16.7,38,3.6,290,446,691,107
1989-05-12 18:00:00,16.1,40,4.1,290,257,611,57
1989-05-12 19:00:00,15.6,43,3.6,350,97,406,35
1989-05-12 20:00:00,13.9,53,4.1,340,12,43,8
1989-05-12 21:00:00,12.8,57,4.6,340,0,0,0
1989-05-12 22:00:00,11.7,64,4.1,320,0,0,0
1989-05-12 23:00:00,10.0,71,3.6,280,0,0,0
1989-05-13 00:00:00,10.0,71,3.6,300,0,0,0
1989-05-13 01:00:00,9.4,74,3.1,320,0,0,0
1989-05-13 02:00:00,7.8,80,1.5,280,0,0,0
1989-05-13 03:00:00,8.3,83,0.0,0,0,0,0
1989-05-13 04:00:00,6.1,89,2.6,120,0,0,0
1989-05-13 05:00:00,6.1,89,2.1,130,6,30,3
1989-05-13 06:00:00,7.2,86,1.5,130,73,398,26
1989-05-13 07:00:00,9.4,80,1.5,90,239,671,43
1989-05-13 08:00:00,10.6,74,2.1,160,429,804,59
1989-05-13 09:00:00,12.8,64,2.6,20,609,874,73
1989-05-13 10:00:00,13.9,62,2.1,20,757,911,83
1989-05-13 11:00:00,15.6,58,3.1,230,867,936,90
1989-05-13 12:00:00,17.2,48,2.6,220,930,950,94
1989-05-13 13:00:00,19.4,42,4.6,310,936,953,94
1989-05-13 14:00:00,21.1,35,5.2,280,844,876,105
1989-05-13 15:00:00,21.7,28,5.7,310,739,859,84
1989-05-13 16:00:00,22.2,29,5.2,290,562,616,166
1989-05-13 17:00:00,22.2,26,4.1,320,431,769,50
1989-05-13 18:00:00,21.7,27,4.6,350,259,644,48
1989-05-13 19:00:00,19.4,35,7.2,340,76,182,47
1989-05-13 20:00:00,16.7,50,8.2,330,15,53,10
1989-05-13 21:00:00,15.6,52,6.7,330,0,0,0
1989-05-13 22:00:00,14.4,56,5.7,320,0,0,0
1989-05-13 23:00:00,12.8,62,3.1,250,0,0,0
1989-05-14 00:00:00,12.8,64,3.6,340,0,0,0
1989-05-14 01:00:00,11.1,77,1.5,90,0,0,0
1989-05-14 02:00:00,11.1,74,0.0,0,0,0,0
1989-05-14 03:00:00,10.6,74,2.1,340,0,0,0
1989-05-14 04:00:00,9.4,80,2.1,100,0,0,0
1989-05-14 05:00:00,8.9,83,0.0,0,1,1,1
1989-05-14 06:00:00,10.0,83,0.0,0,61,158,41
1989-05-14 07:00:00,12.2,72,0.0,0,223,541,64
1989-05-14 08:00:00,13.3,67,2.6,310,410,695,89
1989-05-14 09:00:00,16.1,56,1.5,310,588,777,110
1989-05-14 10:00:00,17.8,50,2.1,120,737,819,131
1989-05-14 11:00:00,18.9,51,3.1,290,855,857,143
1989-05-14 12:00:00,21.1,42,5.2,270,911,865,149
1989-05-14 13:00:00,22.8,36,4.1,320,884,837,142
1989-05-14 14:00:00,23.9,28,5.2,290,873,860,145
1989-05-14 15:00:00,23.9,31,4.1,350,727,676,210
1989-05-14 16:00:00,25.6,26,5.2,360,490,463,191
1989-05-14 17:00:00,23.3,31,6.7,360,401,508,148
1989-05-14 18:00:00,22.8,34,5.7,10,229,317,124
1989-05-14 19:00:00,20.6,41,4.1,20,91,273,48
1989-05-14 20:00:00,18.9,47,5.2,310,12,22,10
1989-05-14 21:00:00,18.3,47,5.7,330,0,0,0
1989-05-14 22:00:00,17.2,50,6.7,320,0,0,0
1989-05-14 23:00:00,15.0,58,2.6,250,0,0,0
1989-05-15 00:00:00,13.3,67,3.1,300,0,0,0
1989-05-15 01:00:00,13.3,69,2.1,120,0,0,0
1989-05-15 02:00:00,11.7,83,2.1,50,0,0,0
1989-05-15 03:00:00,10.6,86,1.5,90,0,0,0
1989-05-15 04:00:00,10.6,80,2.1,110,0,0,0
1989-05-15 05:00:00,9.4,83,1.5,100,8,37,4
1989-05-15 06:00:00,10.6,86,2.1,90,77,397,27
1989-05-15 07:00:00,13.3,64,1.5,350,243,655,48
1989-05-15 08:00:00,15.6,60,0.0,0,431,781,68
1989-05-15 09:00:00,17.2,56,2.1,330,612,874,72
1989-05-15 10:00:00,18.9,53,2.6,320,759,901,89
1989-05-15 11:00:00,20.6,46,3.6,240,870,928,97
1989-05-15 12:00:00,22.8,38,4.1,290,930,948,92
1989-05-15 13:00:00,24.4,28,4.6,340,943,948,101
1989-05-15 14:00:00,25.6,26,5.7,310,882,931,92
1989-05-15 15:00:00,25.6,28,3.1,350,735,815,110
1989-05-15 16:00:00,25.6,29,5.2,330,611,847,64
1989-05-15 17:00:00,25.0,31,6.2,340,447,778,58
1989-05-15 18:00:00,22.8,36,7.7,350,260,629,50
1989-05-15 19:00:00,21.1,36,7.2,330,109,478,31
1989-05-15 20:00:00,17.8,42,5.2,320,19,82,11
1989-05-15 21:00:00,16.1,48,3.6,340,0,0,0
1989-05-15 22:00:00,13.9,67,4.6,350,0,0,0
1989-05-15 23:00:00,12.2,77,3.6,330,0,0,0
1989-05-16 00:00:00,11.7,80,2.1,350,0,0,0
1989-05-16 01:00:00,11.7,80,2.1,340,0,0,0
1989-05-16 02:00:00,11.7,83,2.6,170,0,0,0
1989-05-16 03:00:00,12.2,80,2.1,220,0,0,0
1989-05-16 04:00:00,12.2,80,3.1,210,0,0,0
1989-05-16 05:00:00,11.7,83,2.6,200,0,0,0
1989-05-16 06:00:00,11.1,90,2.6,190,17,3,17
1989-05-16 07:00:00,11.1,93,2.6,200,69,7,67
1989-05-16 08:00:00,12.2,86,3.6,190,167,9,163
1989-05-16 09:00:00,12.8,83,4.6,180,225,1,224
1989-05-16 10:00:00,13.9,78,4.1,190,308,2,307
1989-05-16 11:00:00,15.6,72,5.2,160,351,1,350
1989-05-16 12:00:00,18.9,59,4.1,180,862,410,499
1989-05-16 13:00:00,19.4,57,4.6,220,373,8,366
1989-05-16 14:00:00,18.9,59,3.6,210,587,297,334
1989-05-16 15:00:00,18.9,57,3.6,310,544,187,400
1989-05-16 16:00:00,19.4,55,3.6,320,393,156,291
1989-05-16 17:00:00,18.9,61,4.1,360,256,48,232
1989-05-16 18:00:00,17.8,58,4.6,360,176,156,124
1989-05-16 19:00:00,16.7,63,4.6,360,78,107,60
1989-05-16 20:00:00,14.4,70,4.1,350,13,8,12
1989-05-16 21:00:00,13.3,75,3.6,340,0,0,0
1989-05-16 22:00:00,12.8,72,4.1,340,0,0,0
1989-05-16 23:00:00,12.2,75,3.6,320,0,0,0
1989-05-17 00:00:00,12.2,72,0.0,0,0,0,0
1989-05-17 01:00:00,11.7,74,2.1,70,0,0,0
1989-05-17 02:00:00,11.7,74,2.1,70,0,0,0
1989-05-17 03:00:00,11.7,74,2.6,100,0,0,0
1989-05-17 04:00:00,11.7,77,4.1,180,0,0,0
1989-05-17 05:00:00,11.7,77,3.1,170,1,0,1
1989-05-17 06:00:00,11.7,77,4.6,150,25,4,24
1989-05-17 07:00:00,12.2,75,4.6,160,133,2,133
1989-05-17 08:00:00,13.3,72,4.6,190,177,9,173
1989-05-17 09:00:00,13.3,72,6.2,190,238,8,233
1989-05-17 10:00:00,15.0,67,6.2,180,302,3,300
1989-05-17 11:00:00,18.3,56,10.8,190,554,216,374
1989-05-17 12:00:00,17.2,58,7.2,170,387,3,385
1989-05-17 13:00:00,16.7,63,8.2,260,241,54,193
1989-05-17 14:00:00,11.7,86,7.2,250,207,4,203
1989-05-17 15:00:00,11.1,93,6.7,230,184,13,174
1989-05-17 16:00:00,11.1,83,6.2,190,369,99,304
1989-05-17 17:00:00,12.2,80,6.7,200,411,526,146
1989-05-17 18:00:00,11.1,77,4.1,270,229,329,117
1989-05-17 19:00:00,10.0,74,5.7,250,75,98,58
1989-05-17 20:00:00,8.3,83,5.2,220,13,12,12
1989-05-17 21:00:00,8.3,77,7.2,230,0,0,0
1989-05-17 22:00:00,7.8,83,6.2,220,0,0,0
1989-05-17 23:00:00,7.8,80,5.2,220,0,0,0
1989-05-18 00:00:00,7.2,83,2.6,120,0,0,0
1989-05-18 01:00:00,7.2,83,4.6,200,0,0,0
1989-05-18 02:00:00,6.7,86,4.6,200,0,0,0
1989-05-18 03:00:00,6.7,86,4.6,170,0,0,0
1989-05-18 04:00:00,6.7,86,2.6,180,0,0,0
1989-05-18 05:00:00,6.7,86,4.6,200,1,1,1
1989-05-18 06:00:00,6.7,89,2.6,180,40,53,32
1989-05-18 07:00:00,7.2,89,4.6,220,45,5,43
1989-05-18 08:00:00,7.2,93,6.2,210,166,4,164
1989-05-18 09:00:00,8.3,86,6.2,230,293,8,288
1989-05-18 10:00:00,9.4,83,4.6,230,298,4,295
1989-05-18 11:00:00,11.1,69,4.6,200,470,11,461
1989-05-18 12:00:00,10.6,69,2.1,320,283,34,253
1989-05-18 13:00:00,10.6,80,2.1,170,825,636,257
1989-05-18 14:00:00,11.7,74,4.6,50,934,803,248
1989-05-18 15:00:00,12.2,69,2.6,40,711,641,216
1989-05-18 16:00:00,14.4,56,3.1,270,495,448,202
1989-05-18 17:00:00,13.9,53,5.2,300,460,536,188
1989-05-18 18:00:00,13.9,53,6.2,300,219,219,144
1989-05-18 19:00:00,12.2,62,7.2,330,68,77,55
1989-05-18 20:00:00,11.1,61,5.7,300,11,6,11
1989-05-18 21:00:00,10.0,69,3.6,300,0,0,0
1989-05-18 22:00:00,8.3,80,2.6,240,0,0,0
1989-05-18 23:00:00,8.3,80,0.0,0,0,0,0
1989-05-19 00:00:00,9.4,74,1.5,330,0,0,0
1989-05-19 01:00:00,8.9,80,2.1,210,0,0,0
1989-05-19 02:00:00,8.9,80,2.1,230,0,0,0
1989-05-19 03:00:00,8.3,83,0.0,0,0,0,0
1989-05-19 04:00:00,7.8,83,0.0,0,0,0,0
1989-05-19 05:00:00,7.8,89,0.0,0,3,4,3
1989-05-19 06:00:00,7.8,93,2.6,170,48,13,46
1989-05-19 07:00:00,9.4,86,3.1,210,175,193,115
1989-05-19 08:00:00,10.6,77,3.1,140,441,626,144
1989-05-19 09:00:00,11.7,72,3.1,50,569,629,176
1989-05-19 10:00:00,13.3,57,2.1,10,441,154,326
1989-05-19 11:00:00,12.2,67,4.6,350,376,142,257
1989-05-19 12:00:00,14.4,53,2.6,60,892,763,213
1989-05-19 13:00:00,15.0,52,3.6,330,785,590,257
1989-05-19 14:00:00,15.6,54,5.2,310,834,712,225
1989-05-19 15:00:00,16.7,45,3.1,290,713,681,186
1989-05-19 16:00:00,16.7,43,3.1,300,622,720,151
1989-05-19 17:00:00,16.1,44,4.1,350,418,566,130
1989-05-19 18:00:00,16.1,48,4.6,340,274,628,58
1989-05-19 19:00:00,15.0,48,5.2,350,109,414,37
1989-05-19 20:00:00,13.3,57,4.1,350,15,62,10
1989-05-19 21:00:00,12.2,64,6.2,340,0,0,0
1989-05-19 22:00:00,11.1,69,6.2,320,0,0,0
1989-05-19 23:00:00,10.0,74,5.2,310,0,0,0
1989-05-20 00:00:00,8.9,80,3.6,310,0,0,0
1989-05-20 01:00:00,8.9,80,4.6,310,0,0,0
1989-05-20 02:00:00,8.9,80,2.6,340,0,0,0
1989-05-20 03:00:00,8.3,83,3.1,340,0,0,0
1989-05-20 04:00:00,7.8,86,4.1,340,0,0,0
1989-05-20 05:00:00,6.7,89,2.1,40,10,17,8
1989-05-20 06:00:00,7.8,89,3.6,340,79,278,40
1989-05-20 07:00:00,8.9,83,2.1,70,161,199,99
1989-05-20 08:00:00,10.6,74,1.5,170,424,581,148
1989-05-20 09:00:00,11.7,72,2.6,360,469,293,285
1989-05-20 10:00:00,13.9,64,1.5,260,702,658,207
1989-05-20 11:00:00,15.0,60,2.6,250,871,935,83
1989-05-20 12:00:00,16.7,50,3.1,280,937,946,94
1989-05-20 13:00:00,18.3,45,3.6,270,896,891,96
1989-05-20 14:00:00,19.4,35,3.6,300,900,941,94
1989-05-20 15:00:00,20.0,38,4.6,320,798,916,88
1989-05-20 16:00:00,20.0,41,4.1,300,655,877,78
1989-05-20 17:00:00,20.0,39,3.1,340,484,820,65
1989-05-20 18:00:00,18.9,43,5.2,360,299,718,49
1989-05-20 19:00:00,17.2,48,5.2,340,115,447,36
1989-05-20 20:00:00,15.0,58,6.7,360,22,102,12
1989-05-20 21:00:00,12.8,62,6.2,350,0,0,0
1989-05-20 22:00:00,11.7,66,5.7,330,0,0,0
1989-05-20 23:00:00,10.6,72,4.6,310,0,0,0
1989-05-21 00:00:00,10.0,74,3.6,340,0,0,0
1989-05-21 01:00:00,9.4,74,4.1,320,0,0,0
1989-05-21 02:00:00,9.4,77,3.1,310,0,0,0
1989-05-21 03:00:00,9.4,77,3.1,340,0,0,0
1989-05-21 04:00:00,9.4,74,3.6,320,0,0,0
1989-05-21 05:00:00,9.4,74,3.1,350,5,0,5
1989-05-21 06:00:00,9.4,77,0.0,0,26,6,25
1989-05-21 07:00:00,10.0,74,1.5,80,98,7,96
1989-05-21 08:00:00,10.6,69,1.5,280,189,7,186
1989-05-21 09:00:00,12.2,62,0.0,0,300,8,295
1989-05-21 10:00:00,11.7,62,3.1,280,317,2,316
1989-05-21 11:00:00,12.8,60,3.1,290,376,3,374
1989-05-21 12:00:00,14.4,56,3.6,310,379,4,375
1989-05-21 13:00:00,13.9,58,3.6,340,443,2,441
1989-05-21 14:00:00,14.4,58,3.6,330,687,330,404
1989-05-21 15:00:00,15.0,54,1.5,330,313,2,311
1989-05-21 16:00:00,15.0,56,2.1,250,264,4,261
1989-05-21 17:00:00,14.4,58,2.1,290,247,4,244
1989-05-21 18:00:00,14.4,60,2.6,310,111,1,111
1989-05-21 19:00:00,13.9,62,1.5,330,59,4,58
1989-05-21 20:00:00,13.9,64,3.1,330,12,0,12
1989-05-21 21:00:00,12.8,69,1.5,350,0,0,0
1989-05-21 22:00:00,12.8,72,3.1,340,0,0,0
1989-05-21 23:00:00,11.7,72,2.6,310,0,0,0
1989-05-22 00:00:00,11.1,74,2.6,290,0,0,0
1989-05-22 01:00:00,11.1,72,2.6,320,0,0,0
1989-05-22 02:00:00,11.1,74,3.1,320,0,0,0
1989-05-22 03:00:00,10.6,77,0.0,0,0,0,0
1989-05-22 04:00:00,10.6,80,1.5,290,0,0,0
1989-05-22 05:00:00,10.0,80,0.0,0,6,0,6
1989-05-22 06:00:00,10.6,83,0.0,0,41,0,41
1989-05-22 07:00:00,11.7,77,2.1,60,117,1,116
1989-05-22 08:00:00,12.2,75,2.6,40,209,1,209
1989-05-22 09:00:00,13.3,72,2.6,350,322,1,321
1989-05-22 10:00:00,13.9,69,2.6,360,353,71,300
1989-05-22 11:00:00,15.6,65,3.6,350,397,95,317
1989-05-22 12:00:00,15.0,62,3.1,10,379,3,376
1989-05-22 13:00:00,16.1,58,3.1,350,477,185,311
1989-05-22 14:00:00,17.8,54,4.1,330,449,91,371
1989-05-22 15:00:00,18.3,49,4.1,350,677,538,257
1989-05-22 16:00:00,17.8,48,2.6,300,532,438,242
1989-05-22 17:00:00,18.3,43,3.6,320,474,603,163
1989-05-22 18:00:00,16.7,52,4.6,290,188,233,105
1989-05-22 19:00:00,15.6,58,6.7,310,62,1,62
1989-05-22 20:00:00,10.0,93,6.2,240,6,0,6
1989-05-22 21:00:00,9.4,100,4.1,200,0,0,0
1989-05-22 22:00:00,9.4,100,5.2,190,0,0,0
1989-05-22 23:00:00,10.0,96,3.6,190,0,0,0
1989-05-23 00:00:00,9.4,96,5.7,190,0,0,0
1989-05-23 01:00:00,8.9,93,5.2,200,0,0,0
1989-05-23 02:00:00,8.9,93,4.6,190,0,0,0
1989-05-23 03:00:00,7.8,96,3.1,170,0,0,0
1989-05-23 04:00:00,7.8,93,2.1,190,0,0,0
1989-05-23 05:00:00,7.8,93,4.6,180,7,9,6
1989-05-23 06:00:00,8.9,89,4.1,190,70,168,46
1989-05-23 07:00:00,10.0,80,5.7,200,227,441,87
1989-05-23 08:00:00,11.1,72,7.7,210,392,424,187
1989-05-23 09:00:00,12.2,59,9.3,190,425,194,302
1989-05-23 10:00:00,11.7,62,6.7,180,237,7,232
1989-05-23 11:00:00,12.8,75,6.7,220,344,122,240
1989-05-23 12:00:00,12.8,62,8.8,200,475,8,467
1989-05-23 13:00:00,13.9,55,7.7,220,552,171,398
1989-05-23 14:00:00,12.8,57,9.3,230,340,8,333
1989-05-23 15:00:00,12.2,64,9.8,190,285,6,280
1989-05-23 16:00:00,11.7,66,8.2,200,360,0,360
1989-05-23 17:00:00,10.0,71,7.2,200,175,8,171
1989-05-23 18:00:00,8.9,86,8.8,190,70,1,70
1989-05-23 19:00:00,8.3,86,6.7,180,31,3,30
1989-05-23 20:00:00,7.8,96,6.2,190,8,0,8
1989-05-23 21:00:00,8.3,93,4.6,200,0,0,0
1989-05-23 22:00:00,8.3,93,8.8,230,0,0,0
1989-05-23 23:00:00,8.3,96,4.1,220,0,0,0
1989-05-24 00:00:00,8.3,96,6.2,200,0,0,0
1989-05-24 01:00:00,8.3,96,5.7,200,0,0,0
1989-05-24 02:00:00,8.3,93,7.2,190,0,0,0
1989-05-24 03:00:00,7.8,96,4.1,180,0,0,0
1989-05-24 04:00:00,8.3,96,5.7,180,0,0,0
1989-05-24 05:00:00,8.3,93,4.1,200,4,0,4
1989-05-24 06:00:00,8.3,96,6.2,190,29,0,29
1989-05-24 07:00:00,8.9,93,3.6,190,81,1,81
1989-05-24 08:00:00,8.9,96,5.2,200,136,0,136
1989-05-24 09:00:00,10.0,93,6.2,190,295,2,294
1989-05-24 10:00:00,10.6,90,4.6,180,210,1,209
1989-05-24 11:00:00,12.2,77,5.7,190,410,1,409
1989-05-24 12:00:00,13.3,72,5.7,230,498,138,374
1989-05-24 13:00:00,14.4,67,4.6,200,511,253,282
1989-05-24 14:00:00,11.7,90,3.6,170,614,305,350
1989-05-24 15:00:00,13.9,75,5.2,200,667,508,270
1989-05-24 16:00:00,13.3,75,2.6,210,382,356,145
1989-05-24 17:00:00,12.2,77,3.6,140,244,116,184
1989-05-24 18:00:00,12.8,83,1.5,110,145,79,117
1989-05-24 19:00:00,11.7,90,4.1,60,38,10,36
1989-05-24 20:00:00,11.1,93,2.6,130,6,1,6
1989-05-24 21:00:00,10.6,93,3.6,140,0,0,0
1989-05-24 22:00:00,10.6,96,3.1,100,0,0,0
1989-05-24 23:00:00,10.0,100,2.1,60,0,0,0
1989-05-25 00:00:00,10.0,96,4.1,330,0,0,0
1989-05-25 01:00:00,9.4,100,3.1,260,0,0,0
1989-05-25 02:00:00,8.9,100,2.1,220,0,0,0
1989-05-25 03:00:00,8.9,100,3.1,160,0,0,0
1989-05-25 04:00:00,8.9,100,3.6,170,0,0,0
1989-05-25 05:00:00,8.9,96,3.1,140,3,0,3
1989-05-25 06:00:00,8.9,96,3.1,170,21,11,20
1989-05-25 07:00:00,10.0,93,4.1,180,151,172,96
1989-05-25 08:00:00,10.6,86,4.1,260,348,352,177
1989-05-25 09:00:00,12.2,77,0.0,0,519,404,262
1989-05-25 10:00:00,13.9,69,2.6,170,634,357,363
1989-05-25 11:00:00,13.3,64,3.1,210,319,26,297
1989-05-25 12:00:00,15.0,60,3.1,20,628,184,463
1989-05-25 13:00:00,15.0,60,2.6,330,629,193,454
1989-05-25 14:00:00,15.0,58,3.1,330,505,124,397
1989-05-25 15:00:00,17.2,52,2.1,330,723,472,353
1989-05-25 16:00:00,17.8,50,2.6,200,243,14,233
1989-05-25 17:00:00,15.0,72,6.7,300,163,94,113
1989-05-25 18:00:00,14.4,67,2.6,340,126,64,103
1989-05-25 19:00:00,14.4,70,3.1,350,73,62,61
1989-05-25 20:00:00,12.8,75,2.1,340,16,3,15
1989-05-25 21:00:00,10.6,93,2.6,280,0,0,0
1989-05-25 22:00:00,11.1,90,2.6,300,0,0,0
1989-05-25 23:00:00,11.1,93,2.1,300,0,0,0
1989-05-26 00:00:00,11.1,90,2.1,360,0,0,0
1989-05-26 01:00:00,10.6,90,2.1,340,0,0,0
1989-05-26 02:00:00,10.6,90,1.5,330,0,0,0
1989-05-26 03:00:00,10.6,93,0.0,0,0,0,0
1989-05-26 04:00:00,10.0,96,3.1,120,0,0,0
1989-05-26 05:00:00,10.0,96,3.1,90,3,0,3
1989-05-26 06:00:00,10.0,96,2.6,120,28,4,28
1989-05-26 07:00:00,10.6,93,3.1,140,127,1,127
1989-05-26 08:00:00,12.2,86,2.6,170,167,5,164
1989-05-26 09:00:00,12.8,75,2.1,180,251,2,250
1989-05-26 10:00:00,12.8,75,3.1,180,355,3,353
1989-05-26 11:00:00,13.3,72,4.1,180,425,4,421
1989-05-26 12:00:00,13.9,72,3.1,160,403,1,402
1989-05-26 13:00:00,14.4,72,1.5,180,255,3,253
1989-05-26 14:00:00,15.6,65,3.1,210,414,1,413
1989-05-26 15:00:00,14.4,72,2.6,330,216,0,216
1989-05-26 16:00:00,13.3,90,3.6,320,206,1,206
1989-05-26 17:00:00,13.3,93,1.5,360,135,1,134
1989-05-26 18:00:00,12.8,97,3.6,120,98,1,98
1989-05-26 19:00:00,12.8,97,3.1,110,40,1,40
1989-05-26 20:00:00,12.2,100,4.1,120,10,0,10
1989-05-26 21:00:00,12.2,100,4.1,120,0,0,0
1989-05-26 22:00:00,12.2,100,3.6,110,0,0,0
1989-05-26 23:00:00,12.8,97,2.6,170,0,0,0
1989-05-27 00:00:00,12.2,100,3.1,220,0,0,0
1989-05-27 01:00:00,10.0,100,7.2,330,0,0,0
1989-05-27 02:00:00,9.4,96,5.7,320,0,0,0
1989-05-27 03:00:00,8.9,96,6.2,320,0,0,0
1989-05-27 04:00:00,8.9,93,3.6,300,0,0,0
1989-05-27 05:00:00,8.9,100,3.1,250,5,0,5
1989-05-27 06:00:00,8.3,100,2.1,240,71,100,55
1989-05-27 07:00:00,10.0,90,3.1,260,59,5,58
1989-05-27 08:00:00,10.6,83,3.6,240,374,259,247
1989-05-27 09:00:00,12.8,67,2.6,230,468,418,201
1989-05-27 10:00:00,12.8,67,3.6,240,352,90,283
1989-05-27 11:00:00,8.9,96,2.1,250,522,325,245
1989-05-27 12:00:00,13.3,75,5.2,190,646,262,409
1989-05-27 13:00:00,11.1,77,1.5,30,917,589,383
1989-05-27 14:00:00,10.6,86,2.6,90,285,38,252
1989-05-27 15:00:00,11.7,86,4.1,360,207,11,198
1989-05-27 16:00:00,10.0,90,3.1,90,154,1,153
1989-05-27 17:00:00,10.6,90,4.6,80,291,128,224
1989-05-27 18:00:00,11.7,83,2.6,60,119,36,106
1989-05-27 19:00:00,10.0,93,3.6,80,91,129,66
1989-05-27 20:00:00,9.4,93,2.6,110,14,15,12
1989-05-27 21:00:00,9.4,96,0.0,0,0,0,0
1989-05-27 22:00:00,8.9,100,2.1,110,0,0,0
1989-05-27 23:00:00,8.3,96,3.1,150,0,0,0
1989-05-28 00:00:00,7.8,100,3.1,110,0,0,0
1989-05-28 01:00:00,7.8,96,2.6,120,0,0,0
1989-05-28 02:00:00,7.2,100,3.6,150,0,0,0
1989-05-28 03:00:00,6.7,100,2.1,130,0,0,0
1989-05-28 04:00:00,6.1,100,1.5,270,0,0,0
1989-05-28 05:00:00,7.2,100,1.5,200,3,0,3
1989-05-28 06:00:00,8.3,100,1.5,210,89,69,78
1989-05-28 07:00:00,9.4,93,0.0,0,100,17,95
1989-05-28 08:00:00,10.6,86,1.5,260,230,13,224
1989-05-28 09:00:00,11.1,83,3.1,30,213,6,209
1989-05-28 10:00:00,12.8,75,2.1,20,395,1,394
1989-05-28 11:00:00,12.8,72,3.1,340,495,120,393
1989-05-28 12:00:00,14.4,60,2.6,350,441,1,440
1989-05-28 13:00:00,15.6,62,3.1,40,820,606,270
1989-05-28 14:00:00,16.7,52,2.6,360,791,655,221
1989-05-28 15:00:00,17.2,50,3.1,320,772,777,158
1989-05-28 16:00:00,16.7,48,5.2,280,627,724,139
1989-05-28 17:00:00,16.7,52,5.2,320,476,630,143
1989-05-28 18:00:00,15.6,58,5.7,320,270,444,107
1989-05-28 19:00:00,14.4,65,5.2,330,118,226,73
1989-05-28 20:00:00,13.3,72,4.1,320,27,16,25
1989-05-28 21:00:00,12.2,75,4.6,300,0,0,0
1989-05-28 22:00:00,11.7,77,5.2,310,0,0,0
1989-05-28 23:00:00,11.7,80,5.2,300,0,0,0
1989-05-29 00:00:00,11.7,83,5.2,330,0,0,0
1989-05-29 01:00:00,11.1,86,3.6,300,0,0,0
1989-05-29 02:00:00,10.6,90,2.6,280,0,0,0
1989-05-29 03:00:00,11.1,86,2.6,320,0,0,0
1989-05-29 04:00:00,10.6,93,0.0,0,0,0,0
1989-05-29 05:00:00,10.6,90,2.6,350,5,1,5
1989-05-29 06:00:00,10.6,93,0.0,0,25,7,24
1989-05-29 07:00:00,10.6,96,2.6,130,62,1,62
1989-05-29 08:00:00,11.1,93,2.1,160,169,1,169
1989-05-29 09:00:00,12.2,86,3.1,70,311,5,308
1989-05-29 10:00:00,12.2,90,3.1,80,312,5,308
1989-05-29 11:00:00,12.2,90,3.6,110,350,5,347
1989-05-29 12:00:00,12.2,90,3.6,50,396,3,394
1989-05-29 13:00:00,12.8,83,4.1,80,395,0,395
1989-05-29 14:00:00,13.3,80,4.1,110,410,1,409
1989-05-29 15:00:00,13.9,81,3.6,80,395,0,395
1989-05-29 16:00:00,13.3,83,4.1,80,304,0,304
1989-05-29 17:00:00,13.9,78,3.1,120,225,0,225
1989-05-29 18:00:00,13.9,78,3.6,90,148,1,148
1989-05-29 19:00:00,13.3,80,4.1,120,36,24,31
1989-05-29 20:00:00,12.8,83,3.1,110,13,2,13
1989-05-29 21:00:00,12.8,87,3.1,100,0,0,0
1989-05-29 22:00:00,12.2,90,1.5,100,0,0,0
1989-05-29 23:00:00,12.2,90,1.5,70,0,0,0
1989-05-30 00:00:00,12.2,90,1.5,350,0,0,0
1989-05-30 01:00:00,11.1,96,1.5,350,0,0,0
1989-05-30 02:00:00,11.1,90,3.1,320,0,0,0
1989-05-30 03:00:00,10.6,93,2.1,340,0,0,0
1989-05-30 04:00:00,10.6,93,3.6,310,0,0,0
1989-05-30 05:00:00,9.4,96,1.5,260,10,1,10
1989-05-30 06:00:00,10.6,96,1.5,300,67,31,62
1989-05-30 07:00:00,11.7,86,2.6,310,106,36,94
1989-05-30 08:00:00,12.8,83,2.1,290,211,36,193
1989-05-30 09:00:00,15.0,75,0.0,0,492,356,263
1989-05-30 10:00:00,16.7,70,2.1,360,624,402,316
1989-05-30 11:00:00,16.1,67,3.1,20,342,8,336
1989-05-30 12:00:00,17.2,63,3.1,310,399,57,348
1989-05-30 13:00:00,18.3,56,4.1,320,497,108,399
1989-05-30 14:00:00,18.3,56,3.6,290,482,84,409
1989-05-30 15:00:00,20.0,55,3.1,350,725,454,366
1989-05-30 16:00:00,20.0,55,2.6,340,603,519,252
1989-05-30 17:00:00,20.0,55,2.6,260,404,387,198
1989-05-30 18:00:00,20.6,53,3.6,310,260,401,112
1989-05-30 19:00:00,18.9,59,4.6,360,98,172,64
1989-05-30 20:00:00,17.2,68,4.6,330,20,10,19
1989-05-30 21:00:00,14.4,81,2.6,290,0,0,0
1989-05-30 22:00:00,13.9,84,3.1,300,0,0,0
1989-05-30 23:00:00,13.3,87,1.5,260,0,0,0
1989-05-31 00:00:00,12.2,93,0.0,0,0,0,0
1989-05-31 01:00:00,11.7,96,1.5,90,0,0,0
1989-05-31 02:00:00,11.7,96,0.0,0,0,0,0
1989-05-31 03:00:00,11.1,96,2.6,330,0,0,0
1989-05-31 04:00:00,11.1,96,0.0,0,0,0,0
1989-05-31 05:00:00,10.0,100,2.1,130,8,10,7
1989-05-31 06:00:00,11.1,96,2.1,310,79,80,66
1989-05-31 07:00:00,12.2,93,2.1,330,153,29,143
1989-05-31 08:00:00,12.8,90,1.5,310,195,0,194
1989-05-31 09:00:00,14.4,84,2.1,30,224,1,223
1989-05-31 10:00:00,16.1,78,0.0,0,693,672,177
1989-05-31 11:00:00,18.3,70,0.0,0,846,818,145
1989-05-31 12:00:00,20.6,63,2.1,60,928,865,145
1989-05-31 13:00:00,21.7,59,0.0,0,945,842,178
1989-05-31 14:00:00,23.3,58,1.5,180,889,824,169
1989-05-31 15:00:00,25.0,50,3.6,360,795,824,140
1989-05-31 16:00:00,25.0,52,5.2,350,650,782,119
1989-05-31 17:00:00,25.0,48,6.2,320,487,724,100
1989-05-31 18:00:00,23.9,52,5.7,340,301,595,79
1989-05-31 19:00:00,22.2,62,6.2,330,129,380,52
1989-05-31 20:00:00,20.6,66,5.2,330,24,62,19
1989-05-31 21:00:00,18.9,73,5.2,310,0,0,0
1989-05-31 22:00:00,18.1,81,4.8,240,0,0,0
1989-05-31 23:00:00,17.3,84,4.5,280,0,0,0
1989-06-01 00:00:00,16.5,87,4.1,0,0,0,0
1989-06-01 01:00:00,15.7,87,3.7,340,0,0,0
1989-06-01 02:00:00,14.9,84,3.3,330,0,0,0
1989-06-01 03:00:00,14.1,90,3.0,360,0,0,0
1989-06-01 04:00:00,13.3,93,2.6,350,0,0,0
1989-06-01 05:00:00,12.8,93,2.1,20,11,1,11
1989-06-01 06:00:00,14.4,90,2.1,20,76,112,58
1989-06-01 07:00:00,15.6,87,1.5,260,220,336,109
1989-06-01 08:00:00,17.8,78,1.5,220,387,420,179
1989-06-01 09:00:00,19.4,73,2.6,280,544,541,195
1989-06-01 10:00:00,20.6,68,1.5,190,661,513,266
1989-06-01 11:00:00,22.2,59,1.5,280,777,514,336
1989-06-01 12:00:00,23.9,58,1.5,180,861,622,296
1989-06-01 13:00:00,25.6,56,3.1,270,803,535,314
1989-06-01 14:00:00,27.2,54,4.1,280,817,636,261
1989-06-01 15:00:00,28.3,44,5.2,330,761,668,230
1989-06-01 16:00:00,28.3,41,6.2,330,599,582,203
1989-06-01 17:00:00,27.8,41,7.7,330,446,521,167
1989-06-01 18:00:00,26.7,41,7.2,330,266,386,122
1989-06-01 19:00:00,25.6,50,7.7,330,107,173,72
1989-06-01 20:00:00,23.3,58,5.2,320,20,7,20
1989-06-01 21:00:00,22.2,59,7.2,330,0,0,0
1989-06-01 22:00:00,20.6,66,6.7,330,0,0,0
1989-06-01 23:00:00,20.0,68,7.2,330,0,0,0
1989-06-02 00:00:00,17.8,78,2.6,320,0,0,0
1989-06-02 01:00:00,17.2,78,1.5,50,0,0,0
1989-06-02 02:00:00,15.0,90,0.0,0,0,0,0
1989-06-02 03:00:00,15.0,84,2.1,110,0,0,0
1989-06-02 04:00:00,15.0,81,2.1,350,0,0,0
1989-06-02 05:00:00,13.9,87,2.6,340,12,14,11
1989-06-02 06:00:00,14.4,87,2.1,350,93,242,53
1989-06-02 07:00:00,15.0,84,2.1,300,261,413,124
1989-06-02 08:00:00,17.2,78,3.6,310,362,354,186
1989-06-02 09:00:00,18.3,73,3.6,280,534,430,256
1989-06-02 10:00:00,20.0,73,4.6,290,541,267,336
1989-06-02 11:00:00,21.7,66,2.6,280,511,137,393
1989-06-02 12:00:00,23.9,54,3.6,340,814,479,379
1989-06-02 13:00:00,25.0,54,2.6,300,751,431,357
1989-06-02 14:00:00,26.7,45,4.6,330,601,258,374
1989-06-02 15:00:00,26.7,47,4.1,300,734,509,328
1989-06-02 16:00:00,27.8,44,4.6,310,625,651,181
1989-06-02 17:00:00,27.2,41,3.6,330,457,629,119
1989-06-02 18:00:00,26.7,45,4.6,350,296,553,88
1989-06-02 19:00:00,25.0,50,4.1,340,128,340,57
1989-06-02 20:00:00,21.7,61,3.1,330,19,41,16
1989-06-02 21:00:00,20.0,66,3.6,350,0,0,0
1989-06-02 22:00:00,17.8,73,4.1,330,0,0,0
1989-06-02 23:00:00,17.2,73,3.1,300,0,0,0
1989-06-03 00:00:00,15.6,84,2.1,330,0,0,0
1989-06-03 01:00:00,15.0,84,0.0,0,0,0,0
1989-06-03 02:00:00,13.9,90,2.6,10,0,0,0
1989-06-03 03:00:00,13.3,90,2.1,360,0,0,0
1989-06-03 04:00:00,12.8,93,1.5,20,0,0,0
1989-06-03 05:00:00,12.8,93,2.1,10,13,35,9
1989-06-03 06:00:00,13.3,93,2.1,340,100,360,41
1989-06-03 07:00:00,15.0,87,1.5,260,263,597,64
1989-06-03 08:00:00,17.2,78,0.0,0,448,728,86
1989-06-03 09:00:00,19.4,76,3.6,290,617,794,104
1989-06-03 10:00:00,21.7,66,2.1,360,572,331,317
1989-06-03 11:00:00,23.3,60,4.6,320,768,589,262
1989-06-03 12:00:00,26.1,54,4.1,350,813,629,241
1989-06-03 13:00:00,28.3,49,3.6,10,1008,854,226
1989-06-03 14:00:00,26.7,49,4.1,40,585,307,316
1989-06-03 15:00:00,24.4,58,4.1,290,547,429,205
1989-06-03 16:00:00,26.7,41,4.6,320,669,819,110
1989-06-03 17:00:00,27.2,41,2.6,290,470,697,94
1989-06-03 18:00:00,26.7,45,2.1,30,301,596,76
1989-06-03 19:00:00,25.0,48,2.6,360,132,389,50
1989-06-03 20:00:00,22.2,57,0.0,0,27,98,19
1989-06-03 21:00:00,20.0,66,1.5,20,0,0,0
1989-06-03 22:00:00,20.0,61,2.1,360,0,0,0
1989-06-03 23:00:00,17.2,93,2.6,270,0,0,0
1989-06-04 00:00:00,16.1,97,2.1,260,0,0,0
1989-06-04 01:00:00,16.1,93,3.1,240,0,0,0
1989-06-04 02:00:00,15.6,93,2.1,300,0,0,0
1989-06-04 03:00:00,14.4,93,2.1,250,0,0,0
1989-06-04 04:00:00,13.3,93,3.1,300,0,0,0
1989-06-04 05:00:00,14.4,84,2.1,340,15,57,11
1989-06-04 06:00:00,15.6,87,1.5,270,105,411,37
1989-06-04 07:00:00,17.8,73,2.6,280,269,636,57
1989-06-04 08:00:00,21.1,64,2.6,310,455,761,76
1989-06-04 09:00:00,22.8,57,3.6,290,625,824,92
1989-06-04 10:00:00,26.1,36,2.1,40,779,875,104
1989-06-04 11:00:00,26.7,39,5.2,300,886,900,112
1989-06-04 12:00:00,27.8,33,6.2,290,944,911,116
1989-06-04 13:00:00,28.9,32,4.1,330,955,916,116
1989-06-04 14:00:00,30.0,32,4.1,360,907,905,113
1989-06-04 15:00:00,31.1,29,1.5,360,813,884,106
1989-06-04 16:00:00,30.0,31,4.6,290,676,849,96
1989-06-04 17:00:00,30.0,30,3.6,290,508,781,85
1989-06-04 18:00:00,29.4,31,4.1,340,301,622,65
1989-06-04 19:00:00,28.9,30,3.6,330,146,395,63
1989-06-04 20:00:00,26.1,36,2.1,340,26,95,18
1989-06-04 21:00:00,22.2,51,3.6,300,0,0,0
1989-06-04 22:00:00,21.7,51,3.1,270,0,0,0
1989-06-04 23:00:00,18.9,65,2.6,120,0,0,0
1989-06-05 00:00:00,17.8,78,3.1,100,0,0,0
1989-06-05 01:00:00,16.7,78,2.1,100,0,0,0
1989-06-05 02:00:00,15.0,90,1.5,90,0,0,0
1989-06-05 03:00:00,14.4,87,2.1,110,0,0,0
1989-06-05 04:00:00,14.4,84,0.0,0,0,0,0
1989-06-05 05:00:00,14.4,84,0.0,0,12,8,11
1989-06-05 06:00:00,15.6,81,0.0,0,90,210,55
1989-06-05 07:00:00,17.2,70,0.0,0,246,455,94
1989-06-05 08:00:00,19.4,70,2.1,320,429,615,122
1989-06-05 09:00:00,21.7,53,2.6,20,606,705,149
1989-06-05 10:00:00,23.3,50,3.1,350,755,760,169
1989-06-05 11:00:00,25.0,40,2.6,290,864,792,182
1989-06-05 12:00:00,27.8,41,3.1,40,924,807,189
1989-06-05 13:00:00,28.9,40,2.6,20,928,806,190
1989-06-05 14:00:00,29.4,37,2.1,290,885,797,185
1989-06-05 15:00:00,29.4,43,4.1,310,786,765,173
1989-06-05 16:00:00,30.0,35,5.2,350,622,673,160
1989-06-05 17:00:00,28.3,40,6.2,350,454,577,141
1989-06-05 18:00:00,25.6,54,4.6,350,255,350,122
1989-06-05 19:00:00,21.1,66,4.6,350,125,286,64
1989-06-05 20:00:00,17.8,73,5.7,340,24,31,21
1989-06-05 21:00:00,15.0,84,4.1,340,0,0,0
1989-06-05 22:00:00,13.9,87,2.6,330,0,0,0
1989-06-05 23:00:00,13.3,90,2.1,30,0,0,0
1989-06-06 00:00:00,13.3,93,2.6,50,0,0,0
1989-06-06 01:00:00,13.9,84,2.6,10,0,0,0
1989-06-06 02:00:00,13.3,87,1.5,90,0,0,0
1989-06-06 03:00:00,13.3,83,2.1,100,0,0,0
1989-06-06 04:00:00,13.3,83,2.6,180,0,0,0
1989-06-06 05:00:00,13.3,80,4.6,190,6,0,6
1989-06-06 06:00:00,13.3,80,3.6,200,62,1,62
1989-06-06 07:00:00,13.9,81,3.1,260,76,2,75
1989-06-06 08:00:00,14.4,81,3.1,300,177,0,177
1989-06-06 09:00:00,15.0,75,3.1,330,241,4,239
1989-06-06 10:00:00,16.1,70,1.5,240,355,1,354
1989-06-06 11:00:00,17.8,61,4.6,260,393,5,389
1989-06-06 12:00:00,18.3,63,3.6,170,545,101,453
1989-06-06 13:00:00,19.4,57,3.1,250,890,588,351
1989-06-06 14:00:00,20.6,55,4.6,80,850,690,243
1989-06-06 15:00:00,20.6,57,4.1,90,780,726,198
1989-06-06 16:00:00,21.1,57,4.1,90,644,661,189
1989-06-06 17:00:00,21.1,59,3.1,80,474,581,158
1989-06-06 18:00:00,21.1,57,3.6,110,286,460,110
1989-06-06 19:00:00,20.0,61,2.6,90,123,250,69
1989-06-06 20:00:00,17.2,70,5.2,320,25,19,23
1989-06-06 21:00:00,15.6,72,5.7,320,0,0,0
1989-06-06 22:00:00,13.9,78,4.1,320,0,0,0
1989-06-06 23:00:00,12.8,83,6.2,340,0,0,0
1989-06-07 00:00:00,12.2,83,5.7,320,0,0,0
1989-06-07 01:00:00,11.7,83,4.1,320,0,0,0
1989-06-07 02:00:00,11.1,86,3.1,320,0,0,0
1989-06-07 03:00:00,10.6,86,2.6,340,0,0,0
1989-06-07 04:00:00,10.0,86,2.6,10,0,0,0
1989-06-07 05:00:00,10.0,90,2.6,340,8,12,7
1989-06-07 06:00:00,11.1,86,2.1,40,60,29,55
1989-06-07 07:00:00,12.8,80,2.1,10,174,92,143
1989-06-07 08:00:00,13.3,78,3.6,300,237,18,228
1989-06-07 09:00:00,13.9,78,3.1,330,237,8,232
1989-06-07 10:00:00,15.0,72,2.6,330,273,4,270
1989-06-07 11:00:00,15.6,75,2.6,350,376,11,367
1989-06-07 12:00:00,17.2,70,4.1,340,494,103,400
1989-06-07 13:00:00,18.9,63,2.6,10,865,747,179
1989-06-07 14:00:00,20.0,61,1.5,360,891,828,162
1989-06-07 15:00:00,21.1,57,1.5,320,799,806,153
1989-06-07 16:00:00,22.2,57,2.6,200,651,746,137
1989-06-07 17:00:00,22.8,57,4.1,290,491,688,115
1989-06-07 18:00:00,23.3,56,1.5,320,305,564,88
1989-06-07 19:00:00,21.7,61,3.1,290,137,362,58
1989-06-07 20:00:00,21.1,64,2.1,20,26,57,21
1989-06-07 21:00:00,18.3,73,3.6,340,0,0,0
1989-06-07 22:00:00,17.2,75,3.6,350,0,0,0
1989-06-07 23:00:00,15.6,81,2.6,340,0,0,0
1989-06-08 00:00:00,13.3,90,2.6,290,0,0,0
1989-06-08 01:00:00,13.3,90,2.6,320,0,0,0
1989-06-08 02:00:00,12.8,90,3.1,330,0,0,0
1989-06-08 03:00:00,11.7,93,4.1,320,0,0,0
1989-06-08 04:00:00,11.7,93,2.6,350,0,0,0
1989-06-08 05:00:00,11.1,93,2.6,320,9,9,8
1989-06-08 06:00:00,12.2,90,2.6,320,56,3,55
1989-06-08 07:00:00,13.3,80,4.1,320,118,4,117
1989-06-08 08:00:00,14.4,75,3.1,360,177,6,174
1989-06-08 09:00:00,13.9,81,2.1,270,213,2,211
1989-06-08 10:00:00,15.6,72,3.1,330,349,9,341
1989-06-08 11:00:00,15.6,72,2.1,350,340,3,337
1989-06-08 12:00:00,16.7,73,3.1,210,538,171,382
1989-06-08 13:00:00,18.3,65,2.6,40,953,814,206
1989-06-08 14:00:00,19.4,61,2.6,60,863,740,211
1989-06-08 15:00:00,20.6,57,2.6,130,718,666,183
1989-06-08 16:00:00,22.2,53,2.6,340,645,714,153
1989-06-08 17:00:00,23.3,50,2.6,360,380,359,184
1989-06-08 18:00:00,20.6,57,5.2,340,264,241,171
1989-06-08 19:00:00,19.4,57,5.7,340,105,125,78
1989-06-08 20:00:00,17.2,63,6.2,310,12,9,12
1989-06-08 21:00:00,15.6,65,4.6,350,0,0,0
1989-06-08 22:00:00,13.9,72,5.7,340,0,0,0
1989-06-08 23:00:00,12.8,75,6.2,340,0,0,0
1989-06-09 00:00:00,12.2,77,5.2,330,0,0,0
1989-06-09 01:00:00,11.7,80,4.6,330,0,0,0
1989-06-09 02:00:00,11.7,77,5.2,330,0,0,0
1989-06-09 03:00:00,11.1,80,4.1,330,0,0,0
1989-06-09 04:00:00,11.1,77,4.1,340,0,0,0
1989-06-09 05:00:00,11.7,74,4.1,330,5,0,5
1989-06-09 06:00:00,11.7,74,3.6,350,57,3,56
1989-06-09 07:00:00,12.2,72,3.1,350,124,3,123
1989-06-09 08:00:00,13.3,69,2.1,280,178,6,175
1989-06-09 09:00:00,13.9,67,2.1,20,242,7,238
1989-06-09 10:00:00,15.0,62,3.1,350,345,7,339
1989-06-09 11:00:00,15.6,58,4.1,300,357,7,351
1989-06-09 12:00:00,16.7,52,3.1,310,526,139,399
1989-06-09 13:00:00,17.2,52,3.6,280,350,113,247
1989-06-09 14:00:00,18.3,52,5.2,350,404,95,320
1989-06-09 15:00:00,17.2,56,4.1,350,262,4,259
1989-06-09 16:00:00,17.8,54,2.6,290,518,299,312
1989-06-09 17:00:00,18.3,50,3.6,330,381,266,235
1989-06-09 18:00:00,17.8,54,4.6,310,298,508,102
1989-06-09 19:00:00,17.8,56,2.6,30,106,196,63
1989-06-09 20:00:00,16.7,60,3.6,300,31,95,23
1989-06-09 21:00:00,14.4,72,6.2,330,0,0,0
1989-06-09 22:00:00,13.9,72,5.7,320,0,0,0
1989-06-09 23:00:00,12.8,77,5.7,320,0,0,0
1989-06-10 00:00:00,12.2,83,4.1,320,0,0,0
1989-06-10 01:00:00,11.7,83,2.6,320,0,0,0
1989-06-10 02:00:00,11.1,86,3.6,330,0,0,0
1989-06-10 03:00:00,11.1,86,4.6,340,0,0,0
1989-06-10 04:00:00,10.6,90,2.1,10,0,0,0
1989-06-10 05:00:00,10.6,90,0.0,0,14,3,14
1989-06-10 06:00:00,11.7,86,1.5,330,27,1,26
1989-06-10 07:00:00,12.2,83,2.6,360,123,3,121
1989-06-10 08:00:00,13.3,80,0.0,0,182,7,178
1989-06-10 09:00:00,16.1,65,2.1,280,426,265,253
1989-06-10 10:00:00,16.1,67,2.1,300,672,673,151
1989-06-10 11:00:00,17.2,65,3.1,280,835,804,141
1989-06-10 12:00:00,19.4,59,3.1,310,896,821,146
1989-06-10 13:00:00,21.1,55,5.2,250,941,861,148
1989-06-10 14:00:00,22.2,48,3.1,310,854,788,158
1989-06-10 15:00:00,25.0,40,3.6,320,751,704,184
1989-06-10 16:00:00,25.0,40,3.1,10,664,653,212
1989-06-10 17:00:00,25.0,45,4.1,320,451,489,181
1989-06-10 18:00:00,23.9,50,6.2,350,268,209,187
1989-06-10 19:00:00,23.3,52,6.2,330,134,282,71
1989-06-10 20:00:00,21.1,61,5.7,330,29,40,26
1989-06-10 21:00:00,18.9,68,2.1,270,0,0,0
1989-06-10 22:00:00,16.7,78,3.1,300,0,0,0
1989-06-10 23:00:00,16.1,78,2.1,330,0,0,0
1989-06-11 00:00:00,16.1,78,2.1,350,0,0,0
1989-06-11 01:00:00,15.6,84,1.5,10,0,0,0
1989-06-11 02:00:00,13.9,90,2.6,340,0,0,0
1989-06-11 03:00:00,13.9,90,1.5,10,0,0,0
1989-06-11 04:00:00,12.2,96,2.1,20,0,0,0
1989-06-11 05:00:00,12.8,97,0.0,0,17,64,12
1989-06-11 06:00:00,14.4,90,0.0,0,109,417,38
1989-06-11 07:00:00,15.6,87,0.0,0,272,637,57
1989-06-11 08:00:00,17.2,73,2.6,320,460,765,76
1989-06-11 09:00:00,19.4,66,2.1,360,629,826,92
1989-06-11 10:00:00,21.1,59,2.6,310,775,867,104
1989-06-11 11:00:00,23.9,50,2.6,360,883,893,112
1989-06-11 12:00:00,25.0,48,3.1,360,898,856,116
1989-06-11 13:00:00,26.1,45,2.6,30,942,896,117
1989-06-11 14:00:00,27.8,43,3.6,330,906,889,120
1989-06-11 15:00:00,28.9,37,3.1,340,803,863,107
1989-06-11 16:00:00,28.9,38,2.6,340,678,830,102
1989-06-11 17:00:00,28.9,38,3.6,340,510,771,86
1989-06-11 18:00:00,27.2,47,5.7,350,331,677,66
1989-06-11 19:00:00,24.4,56,2.6,360,157,506,44
1989-06-11 20:00:00,21.7,64,4.6,340,33,162,20
1989-06-11 21:00:00,18.3,73,4.6,320,0,0,0
1989-06-11 22:00:00,16.1,84,4.6,360,0,0,0
1989-06-11 23:00:00,14.4,87,2.1,350,0,0,0
1989-06-12 00:00:00,13.3,93,2.6,20,0,0,0
1989-06-12 01:00:00,13.3,90,2.6,350,0,0,0
1989-06-12 02:00:00,12.2,96,2.6,320,0,0,0
1989-06-12 03:00:00,11.7,96,0.0,0,0,0,0
1989-06-12 04:00:00,12.2,96,0.0,0,0,0,0
1989-06-12 05:00:00,12.8,93,1.5,10,8,0,8
1989-06-12 06:00:00,13.3,90,0.0,0,52,22,49
1989-06-12 07:00:00,13.3,93,2.1,60,149,3,148
1989-06-12 08:00:00,14.4,84,3.1,240,226,5,223
1989-06-12 09:00:00,14.4,84,4.6,170,347,2,345
1989-06-12 10:00:00,15.0,81,3.6,220,349,8,342
1989-06-12 11:00:00,16.1,78,3.1,160,416,7,410
1989-06-12 12:00:00,16.7,75,3.6,200,420,5,416
1989-06-12 13:00:00,17.2,73,1.5,170,449,1,448
1989-06-12 14:00:00,17.8,73,0.0,0,413,2,411
1989-06-12 15:00:00,17.8,73,3.6,160,389,1,388
1989-06-12 16:00:00,17.8,75,2.1,110,324,1,323
1989-06-12 17:00:00,17.2,78,2.6,80,273,1,272
1989-06-12 18:00:00,17.2,78,2.6,70,168,0,168
1989-06-12 19:00:00,17.2,78,3.1,80,97,1,97
1989-06-12 20:00:00,17.2,78,1.5,190,23,0,23
1989-06-12 21:00:00,17.2,78,4.1,170,0,0,0
1989-06-12 22:00:00,16.1,84,5.2,230,0,0,0
1989-06-12 23:00:00,15.6,87,4.1,330,0,0,0
1989-06-13 00:00:00,15.0,90,0.0,0,0,0,0
1989-06-13 01:00:00,15.0,90,2.1,280,0,0,0
1989-06-13 02:00:00,14.4,90,2.6,300,0,0,0
1989-06-13 03:00:00,14.4,90,2.6,260,0,0,0
1989-06-13 04:00:00,14.4,90,0.0,0,0,0,0
1989-06-13 05:00:00,15.0,90,1.5,120,8,0,8
1989-06-13 06:00:00,15.0,84,3.1,180,58,0,58
1989-06-13 07:00:00,15.6,81,2.6,180,121,0,121
1989-06-13 08:00:00,15.6,81,1.5,100,210,1,210
1989-06-13 09:00:00,17.8,73,1.5,340,286,0,286
1989-06-13 10:00:00,19.4,68,3.6,330,578,171,446
1989-06-13 11:00:00,20.6,66,3.1,20,750,436,374
1989-06-13 12:00:00,21.7,59,3.1,30,775,359,446
1989-06-13 13:00:00,23.3,46,4.1,170,639,279,382
1989-06-13 14:00:00,22.8,46,4.1,170,346,11,336
1989-06-13 15:00:00,23.3,43,4.1,190,198,9,191
1989-06-13 16:00:00,23.3,46,6.7,180,158,7,153
1989-06-13 17:00:00,22.2,51,7.7,190,231,7,227
1989-06-13 18:00:00,20.6,63,6.2,190,70,4,69
1989-06-13 19:00:00,18.3,68,7.7,180,36,2,36
1989-06-13 20:00:00,15.6,90,2.1,180,12,0,12
1989-06-13 21:00:00,15.6,93,3.1,180,0,0,0
1989-06-13 22:00:00,15.6,93,2.6,170,0,0,0
1989-06-13 23:00:00,15.0,93,2.1,190,0,0,0
1989-06-14 00:00:00,15.6,93,4.6,120,0,0,0
1989-06-14 01:00:00,15.0,100,3.6,120,0,0,0
1989-06-14 02:00:00,14.4,100,3.1,130,0,0,0
1989-06-14 03:00:00,14.4,100,3.1,110,0,0,0
1989-06-14 04:00:00,14.4,100,2.6,120,0,0,0
1989-06-14 05:00:00,14.4,100,3.6,130,6,0,6
1989-06-14 06:00:00,15.0,97,3.1,130,61,1,61
1989-06-14 07:00:00,15.6,97,2.1,190,149,1,148
1989-06-14 08:00:00,16.1,90,3.1,150,232,1,231
1989-06-14 09:00:00,16.7,87,3.1,180,186,1,186
1989-06-14 10:00:00,17.2,81,0.0,0,359,1,358
1989-06-14 11:00:00,16.7,87,1.5,90,265,1,264
1989-06-14 12:00:00,17.2,81,1.5,150,264,0,264
1989-06-14 13:00:00,16.1,97,3.1,60,268,2,266
1989-06-14 14:00:00,15.6,97,4.1,300,242,1,242
1989-06-14 15:00:00,16.7,90,1.5,350,220,0,220
1989-06-14 16:00:00,16.7,90,3.6,320,330,1,329
1989-06-14 17:00:00,16.1,87,4.1,350,243,0,243
1989-06-14 18:00:00,15.0,97,2.1,360,109,1,109
1989-06-14 19:00:00,15.0,97,0.0,0,49,0,49
1989-06-14 20:00:00,14.4,97,3.6,360,13,0,13
1989-06-14 21:00:00,13.9,93,2.1,310,0,0,0
1989-06-14 22:00:00,13.9,90,3.1,310,0,0,0
1989-06-14 23:00:00,13.3,87,4.1,320,0,0,0
1989-06-15 00:00:00,12.8,90,4.6,320,0,0,0
1989-06-15 01:00:00,12.8,87,3.1,330,0,0,0
1989-06-15 02:00:00,12.8,87,4.6,330,0,0,0
1989-06-15 03:00:00,12.2,90,5.2,320,0,0,0
1989-06-15 04:00:00,12.2,86,4.1,300,0,0,0
1989-06-15 05:00:00,12.2,86,5.2,310,12,0,12
1989-06-15 06:00:00,12.2,86,6.7,310,57,0,57
1989-06-15 07:00:00,12.8,80,4.6,310,142,0,142
1989-06-15 08:00:00,13.9,75,4.6,320,260,56,232
1989-06-15 09:00:00,14.4,70,4.6,330,296,5,293
1989-06-15 10:00:00,15.0,70,5.7,330,316,7,311
1989-06-15 11:00:00,15.0,70,3.6,300,314,4,311
1989-06-15 12:00:00,15.6,62,3.1,300,404,8,396
1989-06-15 13:00:00,18.3,50,2.1,360,831,514,357
1989-06-15 14:00:00,17.8,48,4.6,280,376,108,280
1989-06-15 15:00:00,17.2,50,5.2,300,451,114,359
1989-06-15 16:00:00,18.9,45,3.6,310,461,197,324
1989-06-15 17:00:00,17.8,47,3.1,340,283,29,267
1989-06-15 18:00:00,17.2,52,4.6,310,202,146,145
1989-06-15 19:00:00,17.2,48,5.7,310,103,89,82
1989-06-15 20:00:00,15.6,60,5.2,330,35,53,31
1989-06-15 21:00:00,14.4,62,4.6,330,0,0,0
1989-06-15 22:00:00,13.3,67,4.1,330,0,0,0
1989-06-15 23:00:00,12.8,72,3.6,330,0,0,0
1989-06-16 00:00:00,12.2,77,4.1,310,0,0,0
1989-06-16 01:00:00,12.2,77,3.6,300,0,0,0
1989-06-16 02:00:00,11.7,80,4.1,300,0,0,0
1989-06-16 03:00:00,11.1,83,3.1,330,0,0,0
1989-06-16 04:00:00,10.6,86,2.1,350,0,0,0
1989-06-16 05:00:00,10.0,90,0.0,0,13,14,12
1989-06-16 06:00:00,12.2,83,1.5,10,87,52,78
1989-06-16 07:00:00,11.7,86,2.6,60,262,305,159
1989-06-16 08:00:00,13.9,78,2.6,80,422,580,131
1989-06-16 09:00:00,15.0,60,2.1,360,443,260,274
1989-06-16 10:00:00,16.1,58,2.6,30,616,382,320
1989-06-16 11:00:00,17.2,45,1.5,350,630,293,377
1989-06-16 12:00:00,18.9,43,3.6,360,752,466,326
1989-06-16 13:00:00,19.4,40,3.1,320,740,546,236
1989-06-16 14:00:00,19.4,40,3.6,280,859,746,198
1989-06-16 15:00:00,20.0,38,2.6,330,739,604,250
1989-06-16 16:00:00,20.6,35,1.5,300,630,645,180
1989-06-16 17:00:00,20.6,39,3.1,270,468,478,202
1989-06-16 18:00:00,19.4,44,5.2,320,219,110,176
1989-06-16 19:00:00,17.8,56,4.6,340,118,141,86
1989-06-16 20:00:00,16.7,58,3.1,340,34,82,27
1989-06-16 21:00:00,16.1,58,2.6,300,0,0,0
1989-06-16 22:00:00,13.9,72,2.6,280,0,0,0
1989-06-16 23:00:00,14.4,70,3.1,310,0,0,0
1989-06-17 00:00:00,12.8,75,2.1,120,0,0,0
1989-06-17 01:00:00,11.1,93,2.1,120,0,0,0
1989-06-17 02:00:00,10.6,90,2.6,120,0,0,0
1989-06-17 03:00:00,10.6,83,2.6,130,0,0,0
1989-06-17 04:00:00,10.0,86,3.1,130,0,0,0
1989-06-17 05:00:00,10.0,86,4.1,110,8,2,8
1989-06-17 06:00:00,10.6,83,4.1,110,44,1,44
1989-06-17 07:00:00,12.2,75,3.1,120,140,7,138
1989-06-17 08:00:00,12.8,75,4.1,120,194,5,192
1989-06-17 09:00:00,13.9,67,4.1,180,290,1,289
1989-06-17 10:00:00,15.0,62,2.6,120,373,3,371
1989-06-17 11:00:00,17.8,50,5.2,190,379,150,249
1989-06-17 12:00:00,17.8,50,4.1,190,895,582,361
1989-06-17 13:00:00,19.4,47,2.6,200,202,13,190
1989-06-17 14:00:00,20.0,49,2.6,230,685,356,369
1989-06-17 15:00:00,20.0,49,6.2,230,349,3,347
1989-06-17 16:00:00,21.1,47,3.6,160,346,44,315
1989-06-17 17:00:00,20.0,51,4.1,310,336,164,244
1989-06-17 18:00:00,20.0,55,5.2,310,268,239,172
1989-06-17 19:00:00,18.3,63,4.6,300,71,45,60
1989-06-17 20:00:00,17.2,68,4.1,300,26,20,24
1989-06-17 21:00:00,16.7,70,2.6,260,0,0,0
1989-06-17 22:00:00,16.1,75,2.1,260,0,0,0
1989-06-17 23:00:00,15.6,84,2.6,280,0,0,0
1989-06-18 00:00:00,15.0,90,3.1,310,0,0,0
1989-06-18 01:00:00,14.4,90,2.1,340,0,0,0
1989-06-18 02:00:00,13.9,90,2.6,320,0,0,0
1989-06-18 03:00:00,13.9,90,2.6,310,0,0,0
1989-06-18 04:00:00,13.3,93,2.1,320,0,0,0
1989-06-18 05:00:00,13.3,93,1.5,300,5,0,5
1989-06-18 06:00:00,13.3,97,0.0,0,55,1,55
1989-06-18 07:00:00,14.4,90,0.0,0,73,4,72
1989-06-18 08:00:00,15.0,87,1.5,90,181,1,181
1989-06-18 09:00:00,14.4,97,2.1,170,180,3,178
1989-06-18 10:00:00,17.2,84,2.6,110,513,414,193
1989-06-18 11:00:00,16.7,84,4.1,80,319,3,317
1989-06-18 12:00:00,17.8,75,3.6,90,573,158,428
1989-06-18 13:00:00,20.0,66,2.6,30,671,299,395
1989-06-18 14:00:00,20.0,57,2.6,340,616,288,361
1989-06-18 15:00:00,20.6,49,5.7,240,491,164,358
1989-06-18 16:00:00,22.2,44,6.2,250,543,288,342
1989-06-18 17:00:00,20.6,44,6.2,220,324,196,215
1989-06-18 18:00:00,18.3,49,6.2,260,187,56,165
1989-06-18 19:00:00,16.7,52,6.7,290,82,8,80
1989-06-18 20:00:00,15.6,52,7.2,260,12,0,12
1989-06-18 21:00:00,15.0,54,4.6,260,0,0,0
1989-06-18 22:00:00,13.9,58,3.6,270,0,0,0
1989-06-18 23:00:00,13.9,58,4.1,250,0,0,0
1989-06-19 00:00:00,13.3,67,4.6,230,0,0,0
1989-06-19 01:00:00,12.8,75,4.6,190,0,0,0
1989-06-19 02:00:00,12.8,75,4.6,210,0,0,0
1989-06-19 03:00:00,12.2,75,5.7,200,0,0,0
1989-06-19 04:00:00,12.2,72,5.2,180,0,0,0
1989-06-19 05:00:00,11.1,86,5.2,210,5,0,5
1989-06-19 06:00:00,10.6,96,5.7,190,35,3,35
1989-06-19 07:00:00,11.1,90,5.2,180,70,5,69
1989-06-19 08:00:00,11.7,86,4.1,230,99,0,99
1989-06-19 09:00:00,12.2,86,8.2,190,232,89,174
1989-06-19 10:00:00,15.6,78,8.8,200,618,415,297
1989-06-19 11:00:00,15.0,81,7.7,180,726,428,356
1989-06-19 12:00:00,17.2,65,7.7,210,877,598,330
1989-06-19 13:00:00,16.7,75,6.2,230,940,769,229
1989-06-19 14:00:00,17.8,54,7.7,270,867,565,365
1989-06-19 15:00:00,17.2,48,6.7,240,385,36,356
1989-06-19 16:00:00,12.8,90,5.7,260,214,59,173
1989-06-19 17:00:00,13.9,72,5.7,280,233,4,231
1989-06-19 18:00:00,13.9,72,6.7,250,212,208,129
1989-06-19 19:00:00,13.3,75,6.7,250,90,52,78
1989-06-19 20:00:00,12.8,83,3.1,260,9,2,9
1989-06-19 21:00:00,11.7,90,5.7,230,0,0,0
1989-06-19 22:00:00,11.1,90,2.1,260,0,0,0
1989-06-19 23:00:00,11.7,86,0.0,0,0,0,0
1989-06-20 00:00:00,11.1,93,2.1,230,0,0,0
1989-06-20 01:00:00,10.6,96,2.1,270,0,0,0
1989-06-20 02:00:00,11.1,90,1.5,210,0,0,0
1989-06-20 03:00:00,10.6,93,2.6,240,0,0,0
1989-06-20 04:00:00,10.6,93,1.5,220,0,0,0
1989-06-20 05:00:00,10.6,93,2.1,230,5,0,5
1989-06-20 06:00:00,11.7,90,2.6,200,81,37,75
1989-06-20 07:00:00,12.2,83,1.5,160,147,35,136
1989-06-20 08:00:00,13.3,78,2.1,340,170,2,169
1989-06-20 09:00:00,14.4,70,2.6,270,275,3,274
1989-06-20 10:00:00,16.7,56,2.6,260,540,235,359
1989-06-20 11:00:00,17.8,47,3.1,350,359,2,358
1989-06-20 12:00:00,17.2,50,1.5,290,777,409,402
1989-06-20 13:00:00,18.3,49,3.1,360,555,183,386
1989-06-20 14:00:00,18.9,49,2.6,360,554,298,290
1989-06-20 15:00:00,18.9,47,4.6,310,595,305,347
1989-06-20 16:00:00,19.4,47,5.2,330,409,214,259
1989-06-20 17:00:00,20.0,45,4.6,310,406,336,218
1989-06-20 18:00:00,19.4,47,4.6,320,237,194,159
1989-06-20 19:00:00,17.8,54,5.2,360,88,5,87
1989-06-20 20:00:00,16.7,60,4.6,350,31,50,27
1989-06-20 21:00:00,15.6,65,5.2,360,0,0,0
1989-06-20 22:00:00,14.4,70,4.1,350,0,0,0
1989-06-20 23:00:00,13.3,75,4.1,320,0,0,0
1989-06-21 00:00:00,12.8,75,5.2,330,0,0,0
1989-06-21 01:00:00,12.2,77,4.1,330,0,0,0
1989-06-21 02:00:00,11.7,83,3.6,310,0,0,0
1989-06-21 03:00:00,10.6,90,3.1,340,0,0,0
1989-06-21 04:00:00,9.4,96,1.5,100,0,0,0
1989-06-21 05:00:00,9.4,93,0.0,0,13,10,12
1989-06-21 06:00:00,11.1,90,3.1,320,84,198,51
1989-06-21 07:00:00,12.8,80,0.0,0,235,432,90
1989-06-21 08:00:00,13.9,78,3.1,320,392,538,124
1989-06-21 09:00:00,15.6,70,3.6,330,601,693,152
1989-06-21 10:00:00,16.7,65,3.6,240,755,751,174
1989-06-21 11:00:00,18.9,57,3.6,280,847,771,181
1989-06-21 12:00:00,20.6,49,2.6,330,848,581,316
1989-06-21 13:00:00,22.2,46,2.6,330,891,576,359
1989-06-21 14:00:00,22.8,38,5.7,320,815,543,331
1989-06-21 15:00:00,23.9,36,5.2,320,744,585,268
1989-06-21 16:00:00,24.4,26,6.2,310,527,299,317
1989-06-21 17:00:00,24.4,28,5.2,330,360,231,230
1989-06-21 18:00:00,24.4,28,4.1,360,210,204,129
1989-06-21 19:00:00,23.3,37,5.2,340,103,93,81
1989-06-21 20:00:00,21.1,51,6.2,330,24,50,20
1989-06-21 21:00:00,19.4,61,5.2,340,0,0,0
1989-06-21 22:00:00,17.8,65,5.2,330,0,0,0
1989-06-21 23:00:00,17.8,63,6.2,330,0,0,0
1989-06-22 00:00:00,16.7,65,5.2,330,0,0,0
1989-06-22 01:00:00,16.1,67,4.1,310,0,0,0
1989-06-22 02:00:00,15.6,70,4.1,300,0,0,0
1989-06-22 03:00:00,14.4,70,4.6,320,0,0,0
1989-06-22 04:00:00,13.9,69,4.1,310,0,0,0
1989-06-22 05:00:00,13.9,69,2.6,310,10,7,9
1989-06-22 06:00:00,15.0,62,2.6,300,76,104,59
1989-06-22 07:00:00,16.1,60,4.6,340,272,630,60
1989-06-22 08:00:00,17.2,56,4.6,330,454,749,80
1989-06-22 09:00:00,18.3,54,3.1,350,507,585,128
1989-06-22 10:00:00,20.0,51,4.6,350,751,839,102
1989-06-22 11:00:00,21.7,46,4.6,360,886,889,118
1989-06-22 12:00:00,23.3,45,4.6,360,942,895,122
1989-06-22 13:00:00,23.3,46,5.2,320,905,858,113
1989-06-22 14:00:00,23.9,46,6.7,320,879,839,133
1989-06-22 15:00:00,24.4,45,7.7,310,780,822,110
1989-06-22 16:00:00,24.4,45,7.2,330,691,839,102
1989-06-22 17:00:00,23.9,46,6.2,340,517,765,87
1989-06-22 18:00:00,23.9,46,6.2,330,342,682,68
1989-06-22 19:00:00,22.8,48,6.2,330,167,508,48
1989-06-22 20:00:00,21.7,53,6.2,330,36,173,22
1989-06-22 21:00:00,20.6,57,5.2,330,0,0,0
1989-06-22 22:00:00,17.8,70,3.1,280,0,0,0
1989-06-22 23:00:00,18.3,65,5.2,300,0,0,0
1989-06-23 00:00:00,18.3,68,5.2,300,0,0,0
1989-06-23 01:00:00,17.2,73,4.6,300,0,0,0
1989-06-23 02:00:00,16.7,75,2.6,330,0,0,0
1989-06-23 03:00:00,15.6,78,0.0,0,0,0,0
1989-06-23 04:00:00,15.6,78,1.5,10,0,0,0
1989-06-23 05:00:00,14.4,90,1.5,40,12,7,12
1989-06-23 06:00:00,16.1,75,3.6,320,88,200,54
1989-06-23 07:00:00,18.3,68,3.1,320,241,442,93
1989-06-23 08:00:00,20.6,61,2.6,310,422,590,128
1989-06-23 09:00:00,22.8,53,3.6,310,599,681,157
1989-06-23 10:00:00,24.4,50,4.1,320,750,740,179
1989-06-23 11:00:00,26.1,44,4.6,310,859,771,194
1989-06-23 12:00:00,27.8,40,5.2,340,923,790,201
1989-06-23 13:00:00,29.4,37,5.7,330,934,792,202
1989-06-23 14:00:00,30.0,35,3.6,350,892,782,197
1989-06-23 15:00:00,31.1,34,4.1,360,800,754,186
1989-06-23 16:00:00,31.1,34,7.2,10,665,709,167
1989-06-23 17:00:00,30.6,34,6.2,340,496,633,141
1989-06-23 18:00:00,29.4,35,5.2,350,313,512,108
1989-06-23 19:00:00,28.3,37,6.2,340,143,311,70
1989-06-23 20:00:00,26.1,41,6.2,330,29,45,26
1989-06-23 21:00:00,22.2,51,3.1,220,0,0,0
1989-06-23 22:00:00,23.9,45,4.1,320,0,0,0
1989-06-23 23:00:00,21.1,55,3.1,240,0,0,0
1989-06-24 00:00:00,19.4,57,2.6,280,0,0,0
1989-06-24 01:00:00,17.2,81,1.5,50,0,0,0
1989-06-24 02:00:00,16.7,90,1.5,80,0,0,0
1989-06-24 03:00:00,14.4,93,0.0,0,0,0,0
1989-06-24 04:00:00,15.0,93,0.0,0,0,0,0
1989-06-24 05:00:00,14.4,97,0.0,0,16,63,11
1989-06-24 06:00:00,17.2,84,0.0,0,107,416,37
1989-06-24 07:00:00,19.4,70,0.0,0,271,642,56
1989-06-24 08:00:00,21.1,59,0.0,0,455,763,75
1989-06-24 09:00:00,23.9,50,2.1,320,628,830,91
1989-06-24 10:00:00,26.7,42,3.1,330,775,871,102
1989-06-24 11:00:00,28.9,38,3.6,290,883,895,111
1989-06-24 12:00:00,31.1,34,5.2,300,946,908,115
1989-06-24 13:00:00,32.2,28,5.2,290,960,914,115
1989-06-24 14:00:00,32.8,24,4.1,290,921,908,113
1989-06-24 15:00:00,33.3,23,5.2,300,831,890,106
1989-06-24 16:00:00,33.3,25,6.2,330,696,846,102
1989-06-24 17:00:00,33.3,24,4.6,330,530,789,87
1989-06-24 18:00:00,32.2,25,3.6,340,350,709,64
1989-06-24 19:00:00,30.6,27,5.7,340,172,506,52
1989-06-24 20:00:00,27.8,34,4.1,310,35,169,22
1989-06-24 21:00:00,25.6,44,4.1,310,0,0,0
1989-06-24 22:00:00,22.8,55,3.6,310,0,0,0
1989-06-24 23:00:00,21.1,55,3.6,270,0,0,0
1989-06-25 00:00:00,21.7,49,3.6,260,0,0,0
1989-06-25 01:00:00,18.9,65,2.1,110,0,0,0
1989-06-25 02:00:00,18.3,52,2.1,130,0,0,0
1989-06-25 03:00:00,16.7,87,1.5,100,0,0,0
1989-06-25 04:00:00,16.1,93,0.0,0,0,0,0
1989-06-25 05:00:00,16.1,87,2.1,120,12,1,12
1989-06-25 06:00:00,17.2,84,2.1,40,77,94,62
1989-06-25 07:00:00,18.9,78,2.1,280,217,303,116
1989-06-25 08:00:00,21.1,61,2.6,290,399,453,174
1989-06-25 09:00:00,22.8,57,2.6,340,583,548,228
1989-06-25 10:00:00,23.9,52,3.1,340,753,593,295
1989-06-25 11:00:00,26.7,39,3.1,20,866,636,317
1989-06-25 12:00:00,27.8,31,2.1,320,956,645,366
1989-06-25 13:00:00,28.9,36,2.1,330,890,585,349
1989-06-25 14:00:00,30.6,32,3.1,10,845,607,305
1989-06-25 15:00:00,30.6,32,3.1,330,764,568,302
1989-06-25 16:00:00,30.6,34,2.6,10,541,365,285
1989-06-25 17:00:00,28.3,44,5.2,330,418,299,250
1989-06-25 18:00:00,25.6,56,7.2,330,257,158,193
1989-06-25 19:00:00,20.6,71,6.7,330,113,62,99
1989-06-25 20:00:00,18.3,76,5.2,360,24,6,23
1989-06-25 21:00:00,16.1,84,4.6,320,0,0,0
1989-06-25 22:00:00,16.1,81,2.1,340,0,0,0
1989-06-25 23:00:00,16.1,78,3.6,320,0,0,0
1989-06-26 00:00:00,16.1,75,5.2,340,0,0,0
1989-06-26 01:00:00,15.6,75,5.2,310,0,0,0
1989-06-26 02:00:00,15.0,70,5.2,350,0,0,0
1989-06-26 03:00:00,14.4,70,5.2,340,0,0,0
1989-06-26 04:00:00,13.9,69,5.7,340,0,0,0
1989-06-26 05:00:00,13.9,67,5.7,360,9,2,9
1989-06-26 06:00:00,13.9,64,5.2,350,41,15,38
1989-06-26 07:00:00,13.9,67,3.6,340,111,6,108
1989-06-26 08:00:00,15.0,62,4.1,350,194,1,193
1989-06-26 09:00:00,15.0,58,2.1,300,283,7,279
1989-06-26 10:00:00,16.7,54,3.1,340,349,2,348
1989-06-26 11:00:00,17.2,52,3.1,350,369,2,367
1989-06-26 12:00:00,17.8,50,3.6,330,657,319,365
1989-06-26 13:00:00,20.0,44,2.6,320,803,478,361
1989-06-26 14:00:00,21.1,42,4.1,340,839,611,296
1989-06-26 15:00:00,20.6,46,3.6,320,804,695,238
1989-06-26 16:00:00,21.7,43,6.2,360,510,332,277
1989-06-26 17:00:00,20.0,44,6.2,340,355,126,284
1989-06-26 18:00:00,18.3,49,6.2,340,303,337,167
1989-06-26 19:00:00,16.1,54,8.8,330,139,181,96
1989-06-26 20:00:00,15.0,60,7.7,340,31,25,29
1989-06-26 21:00:00,13.9,64,6.2,320,0,0,0
1989-06-26 22:00:00,12.8,69,4.6,310,0,0,0
1989-06-26 23:00:00,12.2,72,4.6,310,0,0,0
1989-06-27 00:00:00,11.7,77,2.6,310,0,0,0
1989-06-27 01:00:00,10.6,83,2.1,250,0,0,0
1989-06-27 02:00:00,10.6,86,1.5,280,0,0,0
1989-06-27 03:00:00,11.7,80,2.1,280,0,0,0
1989-06-27 04:00:00,11.7,80,0.0,0,0,0,0
1989-06-27 05:00:00,11.1,86,3.1,110,5,5,5
1989-06-27 06:00:00,11.7,83,3.1,120,63,75,51
1989-06-27 07:00:00,12.2,80,2.1,80,175,160,122
1989-06-27 08:00:00,13.9,69,0.0,0,219,3,218
1989-06-27 09:00:00,14.4,65,2.1,360,364,138,275
1989-06-27 10:00:00,16.1,58,3.1,20,494,161,371
1989-06-27 11:00:00,16.1,56,2.6,350,688,414,332
1989-06-27 12:00:00,18.3,47,3.6,340,760,370,421
1989-06-27 13:00:00,17.8,48,3.6,300,742,522,260
1989-06-27 14:00:00,19.4,45,2.6,290,708,326,418
1989-06-27 15:00:00,18.9,45,4.6,290,754,498,349
1989-06-27 16:00:00,18.9,47,3.1,230,296,1,295
1989-06-27 17:00:00,18.3,49,2.1,320,204,6,201
1989-06-27 18:00:00,18.3,52,3.6,280,161,8,158
1989-06-27 19:00:00,17.8,54,4.1,20,97,8,95
1989-06-27 20:00:00,17.2,54,2.6,290,18,2,18
1989-06-27 21:00:00,16.1,65,3.1,340,0,0,0
1989-06-27 22:00:00,15.6,67,4.1,310,0,0,0
1989-06-27 23:00:00,14.4,72,4.1,350,0,0,0
1989-06-28 00:00:00,13.9,78,3.1,340,0,0,0
1989-06-28 01:00:00,13.9,78,4.1,360,0,0,0
1989-06-28 02:00:00,13.3,75,2.6,300,0,0,0
1989-06-28 03:00:00,13.3,80,3.6,300,0,0,0
1989-06-28 04:00:00,13.3,78,1.5,340,0,0,0
1989-06-28 05:00:00,12.8,80,0.0,0,8,0,8
1989-06-28 06:00:00,13.3,78,0.0,0,57,0,57
1989-06-28 07:00:00,13.9,69,0.0,0,102,0,102
1989-06-28 08:00:00,14.4,72,0.0,0,203,0,203
1989-06-28 09:00:00,15.0,70,1.5,360,276,0,276
1989-06-28 10:00:00,16.1,65,0.0,0,369,1,368
1989-06-28 11:00:00,17.2,61,3.1,280,399,0,399
1989-06-28 12:00:00,18.3,56,2.6,310,437,0,437
1989-06-28 13:00:00,19.4,53,3.6,320,427,0,427
1989-06-28 14:00:00,20.0,47,2.1,300,415,1,414
1989-06-28 15:00:00,20.0,45,2.6,290,370,1,370
1989-06-28 16:00:00,18.9,57,5.2,290,314,1,313
1989-06-28 17:00:00,17.8,61,4.1,330,144,1,143
1989-06-28 18:00:00,18.3,54,2.6,290,99,0,99
1989-06-28 19:00:00,15.6,78,4.6,290,49,1,49
1989-06-28 20:00:00,15.0,81,2.1,350,17,0,17
1989-06-28 21:00:00,15.6,72,2.1,350,0,0,0
1989-06-28 22:00:00,15.0,78,3.1,330,0,0,0
1989-06-28 23:00:00,14.4,84,2.1,300,0,0,0
1989-06-29 00:00:00,14.4,81,2.6,310,0,0,0
1989-06-29 01:00:00,14.4,81,1.5,320,0,0,0
1989-06-29 02:00:00,13.9,84,1.5,310,0,0,0
1989-06-29 03:00:00,13.9,87,2.1,340,0,0,0
1989-06-29 04:00:00,13.9,90,1.5,10,0,0,0
1989-06-29 05:00:00,13.9,90,2.1,290,10,0,10
1989-06-29 06:00:00,13.3,97,2.1,260,51,0,51
1989-06-29 07:00:00,13.9,97,2.6,260,70,0,70
1989-06-29 08:00:00,13.9,97,3.6,130,120,1,120
1989-06-29 09:00:00,14.4,93,3.1,90,168,1,168
1989-06-29 10:00:00,15.6,90,3.1,60,202,1,201
1989-06-29 11:00:00,16.1,84,2.6,130,251,0,250
1989-06-29 12:00:00,16.1,81,0.0,0,252,1,251
1989-06-29 13:00:00,15.0,93,0.0,0,262,1,261
1989-06-29 14:00:00,15.6,93,1.5,60,248,1,247
1989-06-29 15:00:00,15.6,97,5.2,110,242,0,242
1989-06-29 16:00:00,16.1,87,2.6,160,186,1,185
1989-06-29 17:00:00,16.1,84,2.6,40,148,1,148
1989-06-29 18:00:00,16.7,87,3.6,70,156,0,156
1989-06-29 19:00:00,16.1,84,3.1,70,134,222,81
1989-06-29 20:00:00,15.6,93,3.1,260,13,5,12
1989-06-29 21:00:00,15.0,97,2.1,180,0,0,0
1989-06-29 22:00:00,15.0,90,4.6,130,0,0,0
1989-06-29 23:00:00,13.9,97,3.6,130,0,0,0
1989-06-30 00:00:00,13.3,100,4.1,120,0,0,0
1989-06-30 01:00:00,13.9,97,4.6,100,0,0,0
1989-06-30 02:00:00,14.4,84,3.6,160,0,0,0
1989-06-30 03:00:00,13.9,87,3.1,180,0,0,0
1989-06-30 04:00:00,13.3,90,2.1,160,0,0,0
1989-06-30 05:00:00,13.9,87,3.6,150,6,1,6
1989-06-30 06:00:00,13.3,90,4.6,160,32,20,28
1989-06-30 07:00:00,13.3,87,5.2,160,72,24,64
1989-06-30 08:00:00,14.4,81,6.2,210,268,134,202
1989-06-30 09:00:00,16.7,70,7.7,190,389,219,248
1989-06-30 10:00:00,16.7,65,6.7,200,469,67,418
1989-06-30 11:00:00,17.2,61,8.8,210,314,3,311
1989-06-30 12:00:00,15.6,72,6.2,250,240,7,234
1989-06-30 13:00:00,15.0,81,4.6,240,255,8,248
1989-06-30 14:00:00,16.7,65,9.3,200,212,8,205
1989-06-30 15:00:00,16.1,75,5.2,250,356,1,355
1989-06-30 16:00:00,16.1,63,4.6,220,297,6,292
1989-06-30 17:00:00,16.1,60,7.2,220,129,4,127
1989-06-30 18:00:00,16.1,60,5.2,240,131,0,131
1989-06-30 19:00:00,15.6,62,5.2,220,76,1,76
1989-06-30 20:00:00,15.6,60,6.2,230,28,0,28
1989-06-30 21:00:00,15.0,62,4.1,200,0,0,0
1989-06-30 22:00:00,14.8,67,3.8,140,0,0,0
1989-06-30 23:00:00,14.5,65,3.5,160,0,0,0
1989-07-01 00:00:00,14.3,69,3.2,150,0,0,0
1980-07-01 01:00:00,14.0,81,3.0,320,0,0,0
1980-07-01 02:00:00,13.8,84,2.7,350,0,0,0
1980-07-01 03:00:00,13.5,83,2.4,330,0,0,0
1980-07-01 04:00:00,13.3,87,2.1,340,0,0,0
1980-07-01 05:00:00,13.3,87,2.6,340,10,1,10
1980-07-01 06:00:00,13.3,87,1.5,350,52,54,44
1980-07-01 07:00:00,13.3,90,2.1,50,171,137,126
1980-07-01 08:00:00,15.6,81,2.6,110,376,471,145
1980-07-01 09:00:00,18.3,70,2.6,310,576,602,190
1980-07-01 10:00:00,20.6,63,2.1,180,727,663,219
1980-07-01 11:00:00,21.7,61,3.1,250,838,691,244
1980-07-01 12:00:00,23.3,54,3.1,310,914,700,275
1980-07-01 13:00:00,25.0,50,3.6,330,927,704,277
1980-07-01 14:00:00,26.1,47,1.5,320,920,666,328
1980-07-01 15:00:00,26.7,45,3.6,340,814,635,297
1980-07-01 16:00:00,28.3,40,2.6,330,668,600,247
1980-07-01 17:00:00,27.8,38,3.6,310,490,533,190
1980-07-01 18:00:00,26.1,50,5.2,360,300,416,132
1980-07-01 19:00:00,23.3,58,5.7,350,134,221,82
1980-07-01 20:00:00,20.6,63,5.2,340,28,19,27
1980-07-01 21:00:00,18.3,68,5.2,340,0,0,0
1980-07-01 22:00:00,16.7,73,5.2,330,0,0,0
1980-07-01 23:00:00,15.0,78,5.7,350,0,0,0
1980-07-02 00:00:00,14.4,78,3.1,330,0,0,0
1980-07-02 01:00:00,13.9,80,1.5,310,0,0,0
1980-07-02 02:00:00,13.9,80,1.5,360,0,0,0
1980-07-02 03:00:00,13.9,78,2.6,330,0,0,0
1980-07-02 04:00:00,13.9,78,2.1,340,0,0,0
1980-07-02 05:00:00,14.4,75,4.1,350,7,0,7
1980-07-02 06:00:00,14.4,75,2.6,360,46,1,45
1980-07-02 07:00:00,14.4,75,3.6,350,96,4,95
1980-07-02 08:00:00,15.0,72,2.6,320,155,2,154
1980-07-02 09:00:00,15.6,70,2.1,340,220,3,218
1980-07-02 10:00:00,15.6,72,2.6,250,345,2,344
1980-07-02 11:00:00,16.7,70,2.6,220,345,2,343
1980-07-02 12:00:00,17.8,68,2.6,320,378,1,377
1980-07-02 13:00:00,18.3,65,0.0,0,418,2,416
1980-07-02 14:00:00,19.4,61,3.6,350,449,116,346
1980-07-02 15:00:00,20.0,57,3.1,350,546,106,460
1980-07-02 16:00:00,20.6,57,2.6,300,512,229,350
1980-07-02 17:00:00,21.1,53,2.6,10,452,437,206
1980-07-02 18:00:00,21.1,53,3.1,60,304,469,115
1980-07-02 19:00:00,20.0,59,3.1,50,141,245,83
1980-07-02 20:00:00,18.9,63,3.1,130,22,8,21
1980-07-02 21:00:00,18.9,63,2.1,180,0,0,0
1980-07-02 22:00:00,16.7,70,4.6,310,0,0,0
1980-07-02 23:00:00,15.6,70,1.5,330,0,0,0
1980-07-03 00:00:00,15.0,72,2.6,290,0,0,0
1980-07-03 01:00:00,14.4,78,4.6,180,0,0,0
1980-07-03 02:00:00,13.9,72,3.6,180,0,0,0
1980-07-03 03:00:00,13.9,72,4.6,190,0,0,0
1980-07-03 04:00:00,13.9,72,4.6,170,0,0,0
1980-07-03 05:00:00,13.9,72,4.1,170,5,0,5
1980-07-03 06:00:00,13.9,72,4.1,180,42,1,41
1980-07-03 07:00:00,13.9,72,5.2,190,105,0,105
1980-07-03 08:00:00,13.9,72,4.6,190,176,9,171
1980-07-03 09:00:00,15.0,67,5.7,190,284,6,280
1980-07-03 10:00:00,15.6,65,5.7,190,367,2,366
1980-07-03 11:00:00,15.6,67,5.7,190,257,5,252
1980-07-03 12:00:00,14.4,78,4.1,200,239,3,236
1980-07-03 13:00:00,13.9,87,4.6,190,283,1,282
1980-07-03 14:00:00,13.9,87,3.6,190,253,1,252
1980-07-03 15:00:00,13.9,87,4.6,190,254,1,253
1980-07-03 16:00:00,13.9,87,6.2,170,199,0,198
1980-07-03 17:00:00,13.9,87,3.6,170,245,1,244
1980-07-03 18:00:00,13.9,80,5.7,180,169,1,168
1980-07-03 19:00:00,13.9,80,5.7,180,60,0,60
1980-07-03 20:00:00,13.9,80,4.1,160,25,0,25
1980-07-03 21:00:00,13.9,80,4.6,170,0,0,0
1980-07-03 22:00:00,13.9,80,5.2,160,0,0,0
1980-07-03 23:00:00,13.9,87,4.1,150,0,0,0
1980-07-04 00:00:00,13.9,90,2.6,170,0,0,0
1980-07-04 01:00:00,13.9,90,3.6,160,0,0,0
1980-07-04 02:00:00,13.9,90,4.1,190,0,0,0
1980-07-04 03:00:00,13.9,90,5.7,190,0,0,0
1980-07-04 04:00:00,13.9,90,3.6,190,0,0,0
1980-07-04 05:00:00,13.9,90,3.1,190,6,0,6
1980-07-04 06:00:00,13.3,96,1.5,220,30,0,30
1980-07-04 07:00:00,13.9,93,3.6,240,117,0,116
1980-07-04 08:00:00,15.0,87,3.6,240,191,1,191
1980-07-04 09:00:00,15.6,84,2.1,190,294,1,294
1980-07-04 10:00:00,15.6,81,3.1,330,338,1,337
1980-07-04 11:00:00,16.1,75,2.6,250,384,1,383
1980-07-04 12:00:00,16.7,65,3.1,240,465,0,465
1980-07-04 13:00:00,17.8,58,1.5,290,447,1,446
1980-07-04 14:00:00,17.8,61,2.6,260,414,1,413
1980-07-04 15:00:00,17.8,61,4.6,190,393,104,309
1980-07-04 16:00:00,18.9,61,4.6,170,530,350,285
1980-07-04 17:00:00,18.9,61,4.1,200,267,136,191
1980-07-04 18:00:00,18.9,57,2.6,180,220,126,169
1980-07-04 19:00:00,18.3,63,3.6,120,120,150,85
1980-07-04 20:00:00,16.1,72,2.6,120,27,0,27
1980-07-04 21:00:00,15.6,72,5.2,340,0,0,0
1980-07-04 22:00:00,15.6,70,4.1,300,0,0,0
1980-07-04 23:00:00,14.4,75,3.6,330,0,0,0
1980-07-05 00:00:00,13.9,80,3.1,290,0,0,0
1980-07-05 01:00:00,13.3,80,2.6,330,0,0,0
1980-07-05 02:00:00,13.3,80,2.6,330,0,0,0
1980-07-05 03:00:00,13.3,80,2.6,320,0,0,0
1980-07-05 04:00:00,13.3,80,4.1,360,0,0,0
1980-07-05 05:00:00,13.3,80,2.6,330,6,0,6
1980-07-05 06:00:00,13.9,78,2.6,340,51,6,50
1980-07-05 07:00:00,13.9,80,2.1,360,114,1,113
1980-07-05 08:00:00,15.6,72,0.0,0,322,233,209
1980-07-05 09:00:00,17.2,68,3.1,340,409,213,274
1980-07-05 10:00:00,18.9,65,2.1,210,685,513,294
1980-07-05 11:00:00,20.6,59,2.1,20,568,285,325
1980-07-05 12:00:00,21.1,47,3.1,320,556,113,453
1980-07-05 13:00:00,21.1,47,2.6,290,567,240,346
1980-07-05 14:00:00,21.7,48,4.6,300,588,280,339
1980-07-05 15:00:00,21.7,44,4.1,290,469,81,403
1980-07-05 16:00:00,21.7,44,3.6,280,354,75,302
1980-07-05 17:00:00,21.7,44,3.6,280,323,100,267
1980-07-05 18:00:00,21.7,46,4.6,320,160,48,140
1980-07-05 19:00:00,21.1,47,3.6,330,92,36,84
1980-07-05 20:00:00,18.9,59,4.1,340,26,36,23
1980-07-05 21:00:00,18.3,59,4.6,340,0,0,0
1980-07-05 22:00:00,17.8,61,5.2,340,0,0,0
1980-07-05 23:00:00,16.7,65,4.1,320,0,0,0
1980-07-06 00:00:00,16.1,65,5.7,300,0,0,0
1980-07-06 01:00:00,15.6,70,3.6,320,0,0,0
1980-07-06 02:00:00,15.0,70,4.6,320,0,0,0
1980-07-06 03:00:00,13.9,75,3.1,320,0,0,0
1980-07-06 04:00:00,13.3,78,1.5,330,0,0,0
1980-07-06 05:00:00,13.3,78,2.1,350,9,22,7
1980-07-06 06:00:00,13.3,78,1.5,330,85,303,39
1980-07-06 07:00:00,14.4,75,2.1,350,255,625,56
1980-07-06 08:00:00,16.1,67,2.6,300,426,727,75
1980-07-06 09:00:00,17.8,63,1.5,70,610,817,91
1980-07-06 10:00:00,19.4,57,2.6,200,763,866,104
1980-07-06 11:00:00,21.1,55,2.1,250,827,842,108
1980-07-06 12:00:00,22.2,51,3.1,330,915,878,116
1980-07-06 13:00:00,23.9,46,5.7,360,873,808,129
1980-07-06 14:00:00,25.0,40,5.7,330,908,894,115
1980-07-06 15:00:00,25.0,40,4.6,320,826,884,108
1980-07-06 16:00:00,25.0,40,4.6,340,694,849,98
1980-07-06 17:00:00,24.4,42,6.2,340,527,790,84
1980-07-06 18:00:00,23.9,45,6.7,330,345,695,65
1980-07-06 19:00:00,23.9,45,6.2,320,168,522,46
1980-07-06 20:00:00,21.7,46,6.2,330,34,165,20
1980-07-06 21:00:00,18.9,57,2.6,270,0,0,0
1980-07-06 22:00:00,18.9,57,4.6,300,0,0,0
1980-07-06 23:00:00,18.3,61,4.1,320,0,0,0
1980-07-07 00:00:00,17.8,58,4.1,340,0,0,0
1980-07-07 01:00:00,16.1,63,2.6,310,0,0,0
1980-07-07 02:00:00,15.6,65,2.1,330,0,0,0
1980-07-07 03:00:00,15.0,67,3.1,330,0,0,0
1980-07-07 04:00:00,15.0,67,2.6,320,0,0,0
1980-07-07 05:00:00,14.4,72,1.5,350,8,24,6
1980-07-07 06:00:00,15.6,70,2.6,360,66,183,39
1980-07-07 07:00:00,16.7,67,2.1,360,223,515,60
1980-07-07 08:00:00,18.3,63,2.1,350,372,526,118
1980-07-07 09:00:00,20.6,57,1.5,360,577,692,139
1980-07-07 10:00:00,22.2,55,3.1,330,726,806,113
1980-07-07 11:00:00,23.3,54,3.1,360,857,854,127
1980-07-07 12:00:00,26.1,47,3.6,290,878,832,122
1980-07-07 13:00:00,27.2,46,4.1,300,791,729,120
1980-07-07 14:00:00,28.9,41,2.6,300,902,867,133
1980-07-07 15:00:00,30.0,39,5.2,290,770,804,117
1980-07-07 16:00:00,30.0,39,4.1,280,674,816,102
1980-07-07 17:00:00,29.4,41,4.1,320,496,693,107
1980-07-07 18:00:00,29.4,39,5.7,330,357,622,107
1980-07-07 19:00:00,26.7,51,5.2,320,153,367,68
1980-07-07 20:00:00,26.1,50,4.1,340,30,91,22
1980-07-07 21:00:00,21.7,61,3.6,310,0,0,0
1980-07-07 22:00:00,21.7,61,3.1,330,0,0,0
1980-07-07 23:00:00,19.4,68,4.1,300,0,0,0
1980-07-08 00:00:00,18.3,73,3.1,300,0,0,0
1980-07-08 01:00:00,17.2,78,3.1,300,0,0,0
1980-07-08 02:00:00,16.7,78,2.6,340,0,0,0
1980-07-08 03:00:00,16.1,78,2.1,330,0,0,0
1980-07-08 04:00:00,15.6,81,2.6,360,0,0,0
1980-07-08 05:00:00,14.4,84,0.0,0,5,2,5
1980-07-08 06:00:00,15.6,81,0.0,0,65,109,49
1980-07-08 07:00:00,16.1,78,0.0,0,206,286,116
1980-07-08 08:00:00,17.8,73,3.1,100,274,142,206
1980-07-08 09:00:00,18.3,73,2.6,70,473,293,288
1980-07-08 10:00:00,20.0,66,2.1,360,488,223,319
1980-07-08 11:00:00,21.1,61,2.6,360,727,500,300
1980-07-08 12:00:00,22.2,57,2.1,360,826,642,243
1980-07-08 13:00:00,23.3,58,3.1,360,897,705,249
1980-07-08 14:00:00,24.4,56,2.6,340,577,316,297
1980-07-08 15:00:00,26.1,50,4.6,120,705,506,294
1980-07-08 16:00:00,26.7,51,5.2,90,593,537,217
1980-07-08 17:00:00,26.1,50,4.1,70,435,403,209
1980-07-08 18:00:00,25.0,56,3.6,210,280,377,129
1980-07-08 19:00:00,24.4,56,4.1,200,85,71,69
1980-07-08 20:00:00,23.9,60,5.2,210,14,1,14
1980-07-08 21:00:00,21.1,64,5.2,10,0,0,0
1980-07-08 22:00:00,20.0,63,2.6,360,0,0,0
1980-07-08 23:00:00,17.2,75,3.1,180,0,0,0
1980-07-09 00:00:00,16.7,75,2.6,20,0,0,0
1980-07-09 01:00:00,16.1,75,3.1,340,0,0,0
1980-07-09 02:00:00,15.6,75,3.1,360,0,0,0
1980-07-09 03:00:00,15.0,78,2.6,10,0,0,0
1980-07-09 04:00:00,15.0,78,2.1,20,0,0,0
1980-07-09 05:00:00,15.0,78,2.6,360,2,0,2
1980-07-09 06:00:00,15.0,81,2.6,360,21,4,20
1980-07-09 07:00:00,13.9,90,2.6,360,70,7,68
1980-07-09 08:00:00,13.9,93,2.6,360,95,4,93
1980-07-09 09:00:00,13.9,93,3.1,330,176,1,176
1980-07-09 10:00:00,14.4,90,2.1,310,182,3,179
1980-07-09 11:00:00,15.0,90,0.0,0,202,1,202
1980-07-09 12:00:00,15.6,84,1.5,40,414,3,412
1980-07-09 13:00:00,16.1,81,2.1,320,413,0,413
1980-07-09 14:00:00,18.3,73,4.6,340,454,1,453
1980-07-09 15:00:00,18.3,73,2.1,350,378,1,377
1980-07-09 16:00:00,17.8,75,3.1,300,322,0,322
1980-07-09 17:00:00,17.8,75,2.6,320,255,1,255
1980-07-09 18:00:00,17.8,75,3.1,330,192,1,191
1980-07-09 19:00:00,17.2,78,3.6,360,101,1,101
1980-07-09 20:00:00,16.1,84,2.1,40,33,145,21
1980-07-09 21:00:00,15.6,84,1.5,330,0,0,0
1980-07-09 22:00:00,13.9,90,1.5,290,0,0,0
1980-07-09 23:00:00,13.9,93,1.5,240,0,0,0
1980-07-10 00:00:00,14.4,90,0.0,0,0,0,0
1980-07-10 01:00:00,13.9,93,1.5,40,0,0,0
1980-07-10 02:00:00,12.2,96,0.0,0,0,0,0
1980-07-10 03:00:00,13.3,96,2.6,280,0,0,0
1980-07-10 04:00:00,13.9,96,2.1,260,0,0,0
1980-07-10 05:00:00,14.4,93,2.1,20,6,0,6
1980-07-10 06:00:00,14.4,90,2.6,90,32,2,32
1980-07-10 07:00:00,15.0,87,2.1,150,101,6,99
1980-07-10 08:00:00,15.6,87,4.6,190,205,1,205
1980-07-10 09:00:00,16.1,81,2.6,200,243,8,238
1980-07-10 10:00:00,17.8,70,2.1,300,338,5,334
1980-07-10 11:00:00,18.9,65,3.1,360,377,6,372
1980-07-10 12:00:00,21.1,55,4.1,360,831,558,326
1980-07-10 13:00:00,22.2,50,2.6,30,905,764,205
1980-07-10 14:00:00,23.3,46,2.6,20,852,718,217
1980-07-10 15:00:00,23.3,46,2.1,50,565,346,285
1980-07-10 16:00:00,23.9,45,3.1,50,538,513,180
1980-07-10 17:00:00,23.3,46,1.5,180,323,267,174
1980-07-10 18:00:00,23.3,50,3.1,70,313,561,89
1980-07-10 19:00:00,22.2,53,3.1,90,151,364,67
1980-07-10 20:00:00,20.0,66,1.5,50,25,68,20
1980-07-10 21:00:00,18.3,73,2.6,320,0,0,0
1980-07-10 22:00:00,17.2,75,4.1,300,0,0,0
1980-07-10 23:00:00,16.7,78,4.1,330,0,0,0
1980-07-11 00:00:00,16.1,81,2.6,340,0,0,0
1980-07-11 01:00:00,14.4,87,1.5,260,0,0,0
1980-07-11 02:00:00,14.4,87,1.5,240,0,0,0
1980-07-11 03:00:00,13.3,90,0.0,0,0,0,0
1980-07-11 04:00:00,13.3,93,2.1,40,0,0,0
1980-07-11 05:00:00,13.9,90,0.0,0,6,2,6
1980-07-11 06:00:00,14.4,90,0.0,0,49,2,49
1980-07-11 07:00:00,15.0,87,0.0,0,72,15,67
1980-07-11 08:00:00,15.0,87,0.0,0,158,6,155
1980-07-11 09:00:00,16.1,78,2.6,300,250,1,250
1980-07-11 10:00:00,18.3,68,0.0,0,259,1,258
1980-07-11 11:00:00,18.9,68,2.1,360,464,6,460
1980-07-11 12:00:00,19.4,68,2.6,350,394,6,388
1980-07-11 13:00:00,20.0,61,2.1,20,418,4,415
1980-07-11 14:00:00,21.1,59,2.1,90,373,4,369
1980-07-11 15:00:00,21.7,57,2.1,60,350,3,348
1980-07-11 16:00:00,21.7,57,1.5,20,322,0,322
1980-07-11 17:00:00,22.2,57,1.5,10,277,99,222
1980-07-11 18:00:00,22.2,57,1.5,30,262,205,180
1980-07-11 19:00:00,20.6,66,4.1,340,97,104,73
1980-07-11 20:00:00,18.9,70,5.7,350,24,16,23
1980-07-11 21:00:00,17.2,75,4.1,10,0,0,0
1980-07-11 22:00:00,17.2,75,4.1,350,0,0,0
1980-07-11 23:00:00,16.1,75,6.2,310,0,0,0
1980-07-12 00:00:00,16.1,75,4.1,310,0,0,0
1980-07-12 01:00:00,16.1,75,4.6,300,0,0,0
1980-07-12 02:00:00,15.6,78,4.1,310,0,0,0
1980-07-12 03:00:00,15.6,78,4.1,320,0,0,0
1980-07-12 04:00:00,15.6,78,3.1,330,0,0,0
1980-07-12 05:00:00,15.6,78,2.6,340,1,0,1
1980-07-12 06:00:00,15.6,81,1.5,40,32,4,31
1980-07-12 07:00:00,16.1,78,3.1,340,129,118,93
1980-07-12 08:00:00,18.3,70,3.1,320,188,96,143
1980-07-12 09:00:00,18.9,65,3.6,310,387,305,196
1980-07-12 10:00:00,20.0,61,2.6,330,677,558,257
1980-07-12 11:00:00,21.1,51,2.6,300,777,600,268
1980-07-12 12:00:00,22.2,48,3.1,290,554,259,320
1980-07-12 13:00:00,23.9,43,3.1,300,947,809,207
1980-07-12 14:00:00,24.4,42,3.1,330,853,603,321
1980-07-12 15:00:00,24.4,45,4.6,340,666,389,352
1980-07-12 16:00:00,24.4,43,3.6,300,654,646,203
1980-07-12 17:00:00,24.4,43,5.7,300,505,627,156
1980-07-12 18:00:00,23.9,46,5.2,340,323,536,110
1980-07-12 19:00:00,23.3,48,6.7,330,126,272,64
1980-07-12 20:00:00,21.7,57,5.2,350,31,93,23
1980-07-12 21:00:00,20.0,66,5.7,340,0,0,0
1980-07-12 22:00:00,18.3,70,5.7,320,0,0,0
1980-07-12 23:00:00,17.8,73,5.2,320,0,0,0
1980-07-13 00:00:00,16.1,81,4.6,340,0,0,0
1980-07-13 01:00:00,15.6,84,5.2,320,0,0,0
1980-07-13 02:00:00,15.0,84,3.6,350,0,0,0
1980-07-13 03:00:00,14.4,87,3.1,350,0,0,0
1980-07-13 04:00:00,13.9,87,2.6,340,0,0,0
1980-07-13 05:00:00,13.9,90,3.1,310,7,0,7
1980-07-13 06:00:00,15.0,84,3.6,310,44,6,43
1980-07-13 07:00:00,15.6,84,2.6,330,92,4,91
1980-07-13 08:00:00,16.1,78,2.6,320,168,8,165
1980-07-13 09:00:00,16.1,78,0.0,0,270,7,265
1980-07-13 10:00:00,18.3,68,2.1,360,282,6,277
1980-07-13 11:00:00,18.9,70,0.0,0,761,585,265
1980-07-13 12:00:00,21.7,57,2.6,340,861,601,319
1980-07-13 13:00:00,22.2,57,2.6,20,836,545,338
1980-07-13 14:00:00,24.4,50,0.0,0,806,522,346
1980-07-13 15:00:00,25.0,50,2.1,290,548,320,289
1980-07-13 16:00:00,25.0,54,3.6,340,305,4,302
1980-07-13 17:00:00,21.7,61,7.2,350,163,8,158
1980-07-13 18:00:00,20.0,66,7.7,350,127,2,126
1980-07-13 19:00:00,19.4,66,5.2,350,91,3,91
1980-07-13 20:00:00,17.8,75,6.2,330,11,0,11
1980-07-13 21:00:00,17.8,73,4.1,330,0,0,0
1980-07-13 22:00:00,17.2,75,4.1,330,0,0,0
1980-07-13 23:00:00,16.7,78,6.7,330,0,0,0
1980-07-14 00:00:00,16.7,78,5.2,300,0,0,0
1980-07-14 01:00:00,16.1,81,2.6,310,0,0,0
1980-07-14 02:00:00,16.1,81,3.1,300,0,0,0
1980-07-14 03:00:00,15.6,84,2.1,260,0,0,0
1980-07-14 04:00:00,15.6,84,2.6,290,0,0,0
1980-07-14 05:00:00,15.6,87,2.6,260,3,0,3
1980-07-14 06:00:00,15.6,87,2.1,260,40,1,40
1980-07-14 07:00:00,15.6,87,0.0,0,137,1,137
1980-07-14 08:00:00,16.1,81,0.0,0,194,1,193
1980-07-14 09:00:00,18.3,70,2.6,300,313,1,313
1980-07-14 10:00:00,18.9,68,4.6,290,382,1,381
1980-07-14 11:00:00,20.0,63,2.6,340,416,1,415
1980-07-14 12:00:00,21.1,59,2.6,350,453,1,452
1980-07-14 13:00:00,21.1,61,2.6,40,425,111,324
1980-07-14 14:00:00,21.1,61,0.0,0,404,87,328
1980-07-14 15:00:00,22.2,57,2.6,60,332,37,302
1980-07-14 16:00:00,22.2,57,2.1,360,350,8,345
1980-07-14 17:00:00,22.2,57,1.5,310,224,10,218
1980-07-14 18:00:00,21.7,61,2.1,360,129,1,129
1980-07-14 19:00:00,21.1,66,4.1,350,83,2,82
1980-07-14 20:00:00,19.4,70,3.1,10,12,0,12
1980-07-14 21:00:00,19.4,70,4.6,360,0,0,0
1980-07-14 22:00:00,18.9,70,4.1,330,0,0,0
1980-07-14 23:00:00,17.8,75,3.1,350,0,0,0
1980-07-15 00:00:00,16.7,81,4.6,310,0,0,0
1980-07-15 01:00:00,16.7,81,2.6,330,0,0,0
1980-07-15 02:00:00,16.1,84,3.6,320,0,0,0
1980-07-15 03:00:00,15.6,87,3.1,320,0,0,0
1980-07-15 04:00:00,15.0,87,2.1,300,0,0,0
1980-07-15 05:00:00,14.4,90,0.0,0,4,8,3
1980-07-15 06:00:00,16.1,84,2.6,340,58,158,36
1980-07-15 07:00:00,17.2,78,4.1,320,216,417,91
1980-07-15 08:00:00,18.3,73,2.6,330,387,569,121
1980-07-15 09:00:00,20.6,63,0.0,0,571,738,112
1980-07-15 10:00:00,21.7,61,3.1,360,717,719,178
1980-07-15 11:00:00,23.3,55,3.1,300,821,789,155
1980-07-15 12:00:00,23.9,52,3.1,310,928,861,153
1980-07-15 13:00:00,25.6,38,2.6,330,889,827,134
1980-07-15 14:00:00,26.1,39,3.1,210,894,862,136
1980-07-15 15:00:00,27.2,39,2.6,310,758,796,116
1980-07-15 16:00:00,28.3,38,2.6,30,648,762,119
1980-07-15 17:00:00,27.8,41,3.1,360,480,692,97
1980-07-15 18:00:00,27.2,44,3.6,330,313,603,76
1980-07-15 19:00:00,25.6,49,4.1,350,150,438,52
1980-07-15 20:00:00,22.8,62,3.6,320,28,94,19
1980-07-15 21:00:00,21.1,59,4.1,340,0,0,0
1980-07-15 22:00:00,20.0,66,4.1,330,0,0,0
1980-07-15 23:00:00,18.3,73,5.2,330,0,0,0
1980-07-16 00:00:00,16.7,81,4.6,330,0,0,0
1980-07-16 01:00:00,16.1,84,5.2,310,0,0,0
1980-07-16 02:00:00,16.1,84,4.6,310,0,0,0
1980-07-16 03:00:00,15.0,87,2.1,250,0,0,0
1980-07-16 04:00:00,14.4,90,2.1,250,0,0,0
1980-07-16 05:00:00,15.6,87,2.6,230,2,0,2
1980-07-16 06:00:00,16.7,81,2.1,250,19,2,19
1980-07-16 07:00:00,17.2,78,0.0,0,84,15,79
1980-07-16 08:00:00,18.3,73,3.1,310,189,39,171
1980-07-16 09:00:00,18.9,70,2.6,330,248,17,237
1980-07-16 10:00:00,20.0,66,2.1,320,220,7,215
1980-07-16 11:00:00,20.0,66,3.1,310,402,15,390
1980-07-16 12:00:00,20.6,63,2.1,340,355,2,353
1980-07-16 13:00:00,22.8,55,4.1,10,751,395,391
1980-07-16 14:00:00,23.3,52,4.6,350,826,565,329
1980-07-16 15:00:00,25.0,48,3.1,360,738,534,308
1980-07-16 16:00:00,25.0,48,4.6,350,608,475,279
1980-07-16 17:00:00,24.4,48,5.7,340,462,488,192
1980-07-16 18:00:00,23.3,50,5.2,360,258,297,142
1980-07-16 19:00:00,22.2,55,5.2,350,118,178,78
1980-07-16 20:00:00,20.0,63,6.7,360,24,8,23
1980-07-16 21:00:00,18.3,68,5.7,340,0,0,0
1980-07-16 22:00:00,17.2,70,3.6,330,0,0,0
1980-07-16 23:00:00,16.1,75,2.6,350,0,0,0
1980-07-17 00:00:00,15.0,78,3.1,330,0,0,0
1980-07-17 01:00:00,14.4,78,4.1,320,0,0,0
1980-07-17 02:00:00,14.4,78,3.1,310,0,0,0
1980-07-17 03:00:00,14.4,78,3.6,320,0,0,0
1980-07-17 04:00:00,14.4,78,3.6,330,0,0,0
1980-07-17 05:00:00,14.4,78,3.6,340,4,3,4
1980-07-17 06:00:00,14.4,75,3.6,340,33,5,32
1980-07-17 07:00:00,15.6,72,2.6,350,83,0,83
1980-07-17 08:00:00,16.1,70,2.1,340,205,3,204
1980-07-17 09:00:00,17.8,65,2.6,330,234,10,227
1980-07-17 10:00:00,19.4,59,4.1,350,590,344,334
1980-07-17 11:00:00,20.0,59,2.6,350,333,85,262
1980-07-17 12:00:00,21.1,55,1.5,360,718,446,318
1980-07-17 13:00:00,22.2,53,2.6,300,931,871,139
1980-07-17 14:00:00,24.4,47,4.1,350,845,850,99
1980-07-17 15:00:00,25.0,45,4.1,360,731,665,197
1980-07-17 16:00:00,25.6,44,5.2,350,456,395,183
1980-07-17 17:00:00,24.4,47,5.2,350,361,312,189
1980-07-17 18:00:00,23.3,52,5.7,340,294,387,143
1980-07-17 19:00:00,21.1,59,5.7,340,139,326,67
1980-07-17 20:00:00,20.6,61,5.2,340,21,20,20
1980-07-17 21:00:00,19.4,66,6.2,350,0,0,0
1980-07-17 22:00:00,18.3,70,3.1,320,0,0,0
1980-07-17 23:00:00,17.8,75,3.6,330,0,0,0
1980-07-18 00:00:00,17.2,78,3.1,300,0,0,0
1980-07-18 01:00:00,17.2,78,2.1,330,0,0,0
1980-07-18 02:00:00,16.1,81,3.1,330,0,0,0
1980-07-18 03:00:00,16.1,81,2.6,320,0,0,0
1980-07-18 04:00:00,15.6,84,3.6,360,0,0,0
1980-07-18 05:00:00,15.0,87,4.6,350,5,1,5
1980-07-18 06:00:00,15.6,84,6.2,350,53,85,42
1980-07-18 07:00:00,16.7,78,3.1,310,109,38,98
1980-07-18 08:00:00,17.2,75,5.7,320,285,207,189
1980-07-18 09:00:00,19.4,66,1.5,340,468,390,228
1980-07-18 10:00:00,21.1,59,1.5,250,627,487,265
1980-07-18 11:00:00,22.8,53,1.5,30,714,532,268
1980-07-18 12:00:00,23.3,54,2.1,330,873,679,265
1980-07-18 13:00:00,25.6,47,5.2,300,875,763,182
1980-07-18 14:00:00,26.7,38,5.7,330,861,797,163
1980-07-18 15:00:00,27.2,41,4.1,320,677,623,177
1980-07-18 16:00:00,27.2,41,5.7,340,643,729,140
1980-07-18 17:00:00,26.7,42,5.7,330,457,572,143
1980-07-18 18:00:00,25.0,47,6.2,330,296,494,104
1980-07-18 19:00:00,23.3,46,6.2,350,130,303,64
1980-07-18 20:00:00,21.1,47,3.6,320,26,34,23
1980-07-18 21:00:00,18.3,63,4.6,360,0,0,0
1980-07-18 22:00:00,17.2,70,4.1,340,0,0,0
1980-07-18 23:00:00,16.1,75,4.6,300,0,0,0
1980-07-19 00:00:00,15.6,78,4.6,320,0,0,0
1980-07-19 01:00:00,15.0,81,2.6,300,0,0,0
1980-07-19 02:00:00,15.0,81,2.1,360,0,0,0
1980-07-19 03:00:00,14.4,84,2.1,290,0,0,0
1980-07-19 04:00:00,13.3,90,2.6,200,0,0,0
1980-07-19 05:00:00,13.9,93,1.5,210,5,12,4
1980-07-19 06:00:00,15.6,84,0.0,0,52,2,52
1980-07-19 07:00:00,16.7,78,0.0,0,127,5,126
1980-07-19 08:00:00,17.2,75,1.5,120,194,5,192
1980-07-19 09:00:00,18.9,70,1.5,40,253,1,253
1980-07-19 10:00:00,20.0,66,3.1,50,544,223,378
1980-07-19 11:00:00,21.7,59,2.6,360,568,217,386
1980-07-19 12:00:00,22.8,57,3.1,350,569,193,396
1980-07-19 13:00:00,25.0,52,2.6,320,506,108,407
1980-07-19 14:00:00,23.9,56,4.6,300,497,113,398
1980-07-19 15:00:00,24.4,56,4.6,350,471,227,289
1980-07-19 16:00:00,24.4,56,3.6,330,353,74,302
1980-07-19 17:00:00,23.3,60,4.1,330,278,57,247
1980-07-19 18:00:00,22.8,62,4.6,340,159,6,157
1980-07-19 19:00:00,21.7,68,5.2,340,72,6,71
1980-07-19 20:00:00,21.1,71,5.2,330,12,7,12
1980-07-19 21:00:00,20.0,73,3.6,360,0,0,0
1980-07-19 22:00:00,18.9,76,3.6,350,0,0,0
1980-07-19 23:00:00,18.9,76,2.6,300,0,0,0
1980-07-20 00:00:00,17.8,81,2.6,300,0,0,0
1980-07-20 01:00:00,17.2,84,3.1,330,0,0,0
1980-07-20 02:00:00,16.7,87,2.1,330,0,0,0
1980-07-20 03:00:00,16.7,87,2.1,300,0,0,0
1980-07-20 04:00:00,16.1,90,2.6,310,0,0,0
1980-07-20 05:00:00,16.7,87,3.1,340,3,0,3
1980-07-20 06:00:00,16.7,87,2.6,330,30,0,30
1980-07-20 07:00:00,17.8,81,3.6,350,131,4,130
1980-07-20 08:00:00,18.9,76,2.6,330,155,3,154
1980-07-20 09:00:00,20.0,73,1.5,10,217,5,214
1980-07-20 10:00:00,20.6,71,1.5,90,357,32,333
1980-07-20 11:00:00,23.9,60,5.2,290,760,597,261
1980-07-20 12:00:00,25.6,56,3.6,340,836,645,260
1980-07-20 13:00:00,27.2,51,4.6,330,889,692,263
1980-07-20 14:00:00,28.9,49,4.6,320,850,679,257
1980-07-20 15:00:00,30.6,45,6.2,330,755,644,241
1980-07-20 16:00:00,30.6,45,5.7,300,619,588,214
1980-07-20 17:00:00,30.0,45,7.7,330,451,502,177
1980-07-20 18:00:00,29.4,45,5.2,310,270,366,129
1980-07-20 19:00:00,27.2,51,6.7,300,112,167,76
1980-07-20 20:00:00,25.6,52,5.2,300,23,6,22
1980-07-20 21:00:00,23.9,58,5.2,300,0,0,0
1980-07-20 22:00:00,23.3,58,4.1,320,0,0,0
1980-07-20 23:00:00,22.2,62,3.1,310,0,0,0
1980-07-21 00:00:00,21.7,64,2.1,320,0,0,0
1980-07-21 01:00:00,21.1,66,3.1,320,0,0,0
1980-07-21 02:00:00,19.4,73,3.1,290,0,0,0
1980-07-21 03:00:00,20.0,71,2.6,310,0,0,0
1980-07-21 04:00:00,18.9,76,0.0,0,0,0,0
1980-07-21 05:00:00,18.9,76,2.6,310,3,4,2
1980-07-21 06:00:00,20.6,68,2.6,330,60,209,35
1980-07-21 07:00:00,22.2,66,2.6,330,209,500,65
1980-07-21 08:00:00,24.4,58,3.6,320,389,655,91
1980-07-21 09:00:00,26.7,54,4.1,290,567,745,113
1980-07-21 10:00:00,28.3,51,3.6,290,719,798,129
1980-07-21 11:00:00,31.7,47,5.2,300,834,831,140
1980-07-21 12:00:00,33.3,44,5.2,270,902,847,146
1980-07-21 13:00:00,35.0,41,5.2,310,915,848,148
1980-07-21 14:00:00,37.2,37,5.2,290,877,840,144
1980-07-21 15:00:00,37.8,35,6.2,300,789,820,136
1980-07-21 16:00:00,37.8,35,5.7,300,657,778,123
1980-07-21 17:00:00,36.7,38,5.2,320,492,713,104
1980-07-21 18:00:00,35.0,39,3.6,310,309,600,79
1980-07-21 19:00:00,33.3,40,4.1,300,137,394,53
1980-07-21 20:00:00,30.6,46,3.6,320,24,58,18
1980-07-21 21:00:00,28.9,49,2.6,350,0,0,0
1980-07-21 22:00:00,25.0,67,3.1,90,0,0,0
1980-07-21 23:00:00,23.9,66,3.1,110,0,0,0
1980-07-22 00:00:00,22.2,71,3.1,100,0,0,0
1980-07-22 01:00:00,21.1,79,2.6,230,0,0,0
1980-07-22 02:00:00,20.6,76,2.6,230,0,0,0
1980-07-22 03:00:00,20.0,78,0.0,0,0,0,0
1980-07-22 04:00:00,19.4,81,2.6,90,0,0,0
1980-07-22 05:00:00,19.4,73,3.1,170,6,25,3
1980-07-22 06:00:00,19.4,73,4.6,170,67,356,26
1980-07-22 07:00:00,20.6,68,4.1,150,213,575,49
1980-07-22 08:00:00,21.1,66,4.1,180,414,756,72
1980-07-22 09:00:00,22.8,62,4.1,160,571,793,89
1980-07-22 10:00:00,24.4,58,3.1,200,667,749,114
1980-07-22 11:00:00,24.4,58,3.6,360,756,638,224
1980-07-22 12:00:00,26.7,54,6.2,290,636,359,316
1980-07-22 13:00:00,26.7,54,5.2,290,863,781,158
1980-07-22 14:00:00,27.8,51,4.1,310,851,809,147
1980-07-22 15:00:00,27.8,51,4.1,310,848,880,147
1980-07-22 16:00:00,25.6,58,6.7,350,590,653,143
1980-07-22 17:00:00,26.1,56,6.7,350,458,588,140
1980-07-22 18:00:00,24.4,58,7.7,350,316,610,84
1980-07-22 19:00:00,23.3,60,5.2,350,115,257,61
1980-07-22 20:00:00,21.1,64,5.2,340,31,141,18
1980-07-22 21:00:00,19.4,70,6.2,350,0,0,0
1980-07-22 22:00:00,18.3,73,4.1,340,0,0,0
1980-07-22 23:00:00,17.2,78,4.6,340,0,0,0
1980-07-23 00:00:00,16.7,78,4.6,320,0,0,0
1980-07-23 01:00:00,17.8,75,5.2,320,0,0,0
1980-07-23 02:00:00,15.6,87,4.6,330,0,0,0
1980-07-23 03:00:00,15.6,81,4.6,340,0,0,0
1980-07-23 04:00:00,16.7,75,4.6,330,0,0,0
1980-07-23 05:00:00,16.7,75,4.6,320,1,0,1
1980-07-23 06:00:00,16.7,75,3.1,300,44,17,42
1980-07-23 07:00:00,17.2,70,5.7,320,99,14,95
1980-07-23 08:00:00,17.2,70,3.6,340,174,6,171
1980-07-23 09:00:00,17.2,70,4.1,320,266,12,259
1980-07-23 10:00:00,17.8,68,3.1,310,262,5,259
1980-07-23 11:00:00,18.9,68,4.6,310,363,7,358
1980-07-23 12:00:00,20.6,61,5.2,310,430,6,424
1980-07-23 13:00:00,22.2,57,6.2,310,639,295,373
1980-07-23 14:00:00,23.9,52,5.2,340,579,391,240
1980-07-23 15:00:00,25.0,50,5.2,360,780,817,131
1980-07-23 16:00:00,24.4,50,7.2,360,624,781,91
1980-07-23 17:00:00,24.4,50,6.2,340,506,797,75
1980-07-23 18:00:00,23.9,50,8.2,320,319,688,58
1980-07-23 19:00:00,22.2,59,6.2,330,146,511,40
1980-07-23 20:00:00,21.1,61,7.7,330,29,140,17
1980-07-23 21:00:00,20.0,63,5.2,320,0,0,0
1980-07-23 22:00:00,18.3,70,6.2,330,0,0,0
1980-07-23 23:00:00,17.2,73,5.2,320,0,0,0
1980-07-24 00:00:00,16.1,75,4.6,310,0,0,0
1980-07-24 01:00:00,15.6,75,5.2,330,0,0,0
1980-07-24 02:00:00,15.0,75,2.6,340,0,0,0
1980-07-24 03:00:00,14.4,78,2.6,320,0,0,0
1980-07-24 04:00:00,13.9,80,4.1,320,0,0,0
1980-07-24 05:00:00,13.9,80,2.1,350,0,0,0
1980-07-24 06:00:00,13.9,80,2.6,350,41,9,40
1980-07-24 07:00:00,15.6,78,5.2,320,66,5,64
1980-07-24 08:00:00,16.1,78,3.6,330,120,1,119
1980-07-24 09:00:00,17.2,73,4.1,360,426,232,286
1980-07-24 10:00:00,18.3,70,3.6,310,342,4,339
1980-07-24 11:00:00,20.0,61,2.6,270,357,67,302
1980-07-24 12:00:00,21.7,57,3.1,290,852,543,371
1980-07-24 13:00:00,23.3,52,3.6,330,913,636,341
1980-07-24 14:00:00,24.4,50,2.1,340,872,809,170
1980-07-24 15:00:00,27.2,44,4.1,320,780,781,160
1980-07-24 16:00:00,27.8,43,7.2,320,649,742,144
1980-07-24 17:00:00,26.7,45,7.7,320,477,662,121
1980-07-24 18:00:00,26.1,47,5.2,340,293,537,91
1980-07-24 19:00:00,24.4,52,5.2,320,125,321,58
1980-07-24 20:00:00,22.8,55,5.2,310,22,8,21
1980-07-24 21:00:00,21.1,61,5.2,330,0,0,0
1980-07-24 22:00:00,19.4,68,3.6,330,0,0,0
1980-07-24 23:00:00,18.3,70,3.1,340,0,0,0
1980-07-25 00:00:00,17.2,73,1.5,350,0,0,0
1980-07-25 01:00:00,16.1,72,0.0,0,0,0,0
1980-07-25 02:00:00,16.1,67,3.1,320,0,0,0
1980-07-25 03:00:00,15.6,70,2.6,330,0,0,0
1980-07-25 04:00:00,15.0,75,2.6,330,0,0,0
1980-07-25 05:00:00,14.4,84,2.6,350,4,15,2
1980-07-25 06:00:00,15.0,84,2.1,310,56,279,26
1980-07-25 07:00:00,16.1,81,2.1,340,202,435,81
1980-07-25 08:00:00,17.8,73,3.6,350,292,342,139
1980-07-25 09:00:00,18.9,68,3.1,310,508,535,186
1980-07-25 10:00:00,21.1,61,2.6,340,665,740,124
1980-07-25 11:00:00,22.8,57,4.1,340,804,854,96
1980-07-25 12:00:00,24.4,54,4.6,330,917,922,101
1980-07-25 13:00:00,26.7,49,5.2,340,934,927,102
1980-07-25 14:00:00,27.8,44,6.7,350,896,919,99
1980-07-25 15:00:00,28.3,41,6.7,340,802,895,94
1980-07-25 16:00:00,28.3,43,7.2,330,658,827,96
1980-07-25 17:00:00,27.8,46,7.7,330,474,725,84
1980-07-25 18:00:00,26.7,49,7.7,320,248,224,164
1980-07-25 19:00:00,25.6,50,7.7,340,105,164,71
1980-07-25 20:00:00,23.3,58,5.2,340,26,104,17
1980-07-25 21:00:00,22.2,64,7.7,340,0,0,0
1980-07-25 22:00:00,20.6,71,4.6,330,0,0,0
1980-07-25 23:00:00,18.9,76,4.1,330,0,0,0
1980-07-26 00:00:00,17.8,78,3.1,330,0,0,0
1980-07-26 01:00:00,17.2,81,3.1,350,0,0,0
1980-07-26 02:00:00,16.7,81,2.6,360,0,0,0
1980-07-26 03:00:00,16.1,84,2.6,330,0,0,0
1980-07-26 04:00:00,15.6,87,2.6,340,0,0,0
1980-07-26 05:00:00,15.0,90,1.5,310,3,10,2
1980-07-26 06:00:00,15.6,78,4.1,320,58,288,28
1980-07-26 07:00:00,17.8,75,2.6,340,212,603,46
1980-07-26 08:00:00,15.6,90,2.6,330,383,697,73
1980-07-26 09:00:00,23.3,58,2.1,360,577,829,80
1980-07-26 10:00:00,22.8,57,3.1,30,734,879,92
1980-07-26 11:00:00,25.0,52,3.6,10,842,898,100
1980-07-26 12:00:00,26.7,49,4.1,350,917,920,104
1980-07-26 13:00:00,29.4,41,4.6,350,929,919,105
1980-07-26 14:00:00,31.1,39,6.2,340,895,916,103
1980-07-26 15:00:00,31.1,38,6.2,330,807,900,97
1980-07-26 16:00:00,31.1,36,9.8,330,674,867,87
1980-07-26 17:00:00,30.6,36,8.2,340,506,809,73
1980-07-26 18:00:00,30.0,35,8.8,340,320,709,56
1980-07-26 19:00:00,28.3,38,8.2,330,141,513,38
1980-07-26 20:00:00,25.6,52,7.7,330,28,132,16
1980-07-26 21:00:00,23.9,56,6.7,330,0,0,0
1980-07-26 22:00:00,22.8,62,5.7,320,0,0,0
1980-07-26 23:00:00,22.2,61,4.1,320,0,0,0
1980-07-27 00:00:00,21.1,64,2.1,330,0,0,0
1980-07-27 01:00:00,20.6,63,3.1,320,0,0,0
1980-07-27 02:00:00,19.4,68,4.1,340,0,0,0
1980-07-27 03:00:00,18.9,70,2.6,320,0,0,0
1980-07-27 04:00:00,16.7,78,1.5,10,0,0,0
1980-07-27 05:00:00,16.7,78,0.0,0,2,6,1
1980-07-27 06:00:00,17.2,78,2.1,330,54,265,27
1980-07-27 07:00:00,18.9,70,0.0,0,208,576,50
1980-07-27 08:00:00,21.1,64,1.5,350,392,727,70
1980-07-27 09:00:00,23.3,54,2.6,360,571,810,88
1980-07-27 10:00:00,25.0,50,3.1,340,725,858,101
1980-07-27 11:00:00,27.8,44,4.6,360,842,887,110
1980-07-27 12:00:00,29.4,41,2.6,340,909,901,115
1980-07-27 13:00:00,31.1,36,5.2,340,924,904,116
1980-07-27 14:00:00,32.2,35,7.2,340,885,895,113
1980-07-27 15:00:00,32.2,34,9.3,320,796,876,106
1980-07-27 16:00:00,31.7,34,10.3,320,663,840,96
1980-07-27 17:00:00,31.7,33,10.3,330,495,780,81
1980-07-27 18:00:00,30.6,34,8.2,330,311,675,62
1980-07-27 19:00:00,28.3,44,5.7,320,135,470,41
1980-07-27 20:00:00,25.6,52,7.7,320,25,98,16
1980-07-27 21:00:00,24.4,54,6.2,320,0,0,0
1980-07-27 22:00:00,23.3,55,5.2,320,0,0,0
1980-07-27 23:00:00,21.7,57,3.1,330,0,0,0
1980-07-28 00:00:00,21.1,57,4.1,320,0,0,0
1980-07-28 01:00:00,20.0,61,0.0,0,0,0,0
1980-07-28 02:00:00,18.9,65,4.1,360,0,0,0
1980-07-28 03:00:00,17.8,68,0.0,0,0,0,0
1980-07-28 04:00:00,17.2,70,0.0,0,0,0,0
1980-07-28 05:00:00,17.2,70,4.1,340,1,0,1
1980-07-28 06:00:00,17.8,68,2.6,360,39,45,35
1980-07-28 07:00:00,19.4,61,2.6,360,166,291,87
1980-07-28 08:00:00,21.1,55,4.1,340,344,478,134
1980-07-28 09:00:00,22.8,50,3.1,360,526,594,173
1980-07-28 10:00:00,24.4,47,4.1,340,685,666,202
1980-07-28 11:00:00,27.2,38,5.7,330,807,712,221
1980-07-28 12:00:00,28.9,36,5.7,350,875,731,232
1980-07-28 13:00:00,30.6,32,7.7,340,892,738,234
1980-07-28 14:00:00,31.1,33,8.2,320,853,727,228
1980-07-28 15:00:00,31.7,32,7.2,330,761,697,213
1980-07-28 16:00:00,31.1,31,8.2,340,624,644,190
1980-07-28 17:00:00,30.0,33,7.7,330,450,555,157
1980-07-28 18:00:00,28.3,33,7.7,330,252,319,134
1980-07-28 19:00:00,25.6,32,7.2,310,96,166,63
1980-07-28 20:00:00,22.2,35,5.7,310,19,6,18
1980-07-28 21:00:00,21.1,41,4.6,340,0,0,0
1980-07-28 22:00:00,19.4,45,5.7,300,0,0,0
1980-07-28 23:00:00,17.2,52,3.6,290,0,0,0
1980-07-29 00:00:00,15.0,62,3.6,290,0,0,0
1980-07-29 01:00:00,16.1,58,1.5,330,0,0,0
1980-07-29 02:00:00,15.0,65,3.1,310,0,0,0
1980-07-29 03:00:00,14.4,67,2.1,340,0,0,0
1980-07-29 04:00:00,13.9,72,2.6,340,0,0,0
1980-07-29 05:00:00,13.3,78,2.1,350,1,1,1
1980-07-29 06:00:00,13.3,80,4.1,350,46,175,29
1980-07-29 07:00:00,13.9,80,4.6,340,172,269,99
1980-07-29 08:00:00,16.7,67,3.6,10,201,167,128
1980-07-29 09:00:00,18.3,59,2.6,360,528,726,98
1980-07-29 10:00:00,20.0,53,3.1,340,716,818,124
1980-07-29 11:00:00,21.7,49,4.1,330,828,844,135
1980-07-29 12:00:00,23.3,43,2.6,330,901,865,141
1980-07-29 13:00:00,25.0,40,3.6,320,921,874,142
1980-07-29 14:00:00,26.7,38,3.1,330,880,863,139
1980-07-29 15:00:00,27.8,34,4.6,330,786,836,131
1980-07-29 16:00:00,28.3,30,5.2,350,655,801,117
1980-07-29 17:00:00,27.8,24,5.2,350,485,732,98
1980-07-29 18:00:00,26.1,38,5.7,330,297,609,75
1980-07-29 19:00:00,24.4,48,6.2,340,122,383,48
1980-07-29 20:00:00,21.7,57,5.7,340,20,50,16
1980-07-29 21:00:00,20.6,59,5.2,320,0,0,0
1980-07-29 22:00:00,18.9,63,4.6,330,0,0,0
1980-07-29 23:00:00,17.2,65,4.6,340,0,0,0
1980-07-30 00:00:00,16.1,72,2.6,10,0,0,0
1980-07-30 01:00:00,15.6,72,4.1,350,0,0,0
1980-07-30 02:00:00,14.4,78,3.6,350,0,0,0
1980-07-30 03:00:00,13.9,83,2.6,350,0,0,0
1980-07-30 04:00:00,13.3,87,2.6,340,0,0,0
1980-07-30 05:00:00,12.8,86,1.5,310,0,1,0
1980-07-30 06:00:00,12.8,86,2.6,280,43,174,26
1980-07-30 07:00:00,13.9,80,4.1,330,166,339,77
1980-07-30 08:00:00,15.6,75,2.1,330,218,160,148
1980-07-30 09:00:00,17.2,70,2.6,290,522,706,105
1980-07-30 10:00:00,20.6,57,3.6,310,709,816,121
1980-07-30 11:00:00,21.1,57,5.2,290,828,850,132
1980-07-30 12:00:00,22.8,51,4.1,290,894,864,138
1980-07-30 13:00:00,24.4,47,4.6,300,907,865,138
1980-07-30 14:00:00,26.1,41,5.2,300,870,857,136
1980-07-30 15:00:00,28.9,32,4.6,310,782,837,128
1980-07-30 16:00:00,29.4,29,5.7,320,650,801,114
1980-07-30 17:00:00,28.9,28,5.2,360,478,728,96
1980-07-30 18:00:00,27.8,33,5.2,330,294,611,73
1980-07-30 19:00:00,26.1,42,3.6,310,120,382,47
1980-07-30 20:00:00,23.9,52,7.7,350,20,51,16
1980-07-30 21:00:00,21.1,64,1.5,220,0,0,0
1980-07-30 22:00:00,20.6,63,5.2,320,0,0,0
1980-07-30 23:00:00,18.9,70,3.1,320,0,0,0
1980-07-31 00:00:00,18.3,70,1.5,10,0,0,0
1980-07-31 01:00:00,17.2,75,1.5,190,0,0,0
1980-07-31 02:00:00,16.7,81,2.1,340,0,0,0
1980-07-31 03:00:00,16.1,81,4.1,350,0,0,0
1980-07-31 04:00:00,16.1,81,3.1,360,0,0,0
1980-07-31 05:00:00,15.6,81,3.1,350,0,1,0
1980-07-31 06:00:00,15.0,81,2.1,320,42,118,32
1980-07-31 07:00:00,15.0,84,2.1,310,180,429,67
1980-07-31 08:00:00,16.1,78,1.5,310,324,483,115
1980-07-31 09:00:00,18.3,70,0.0,0,540,751,98
1980-07-31 10:00:00,20.0,63,2.6,290,702,726,180
1980-07-31 11:00:00,23.3,52,4.1,280,713,640,189
1980-07-31 12:00:00,24.4,48,5.2,300,649,369,327
1980-07-31 13:00:00,26.7,38,5.2,310,771,607,233
1980-07-31 14:00:00,27.2,37,4.6,360,696,490,277
1980-07-31 15:00:00,28.3,36,5.2,340,795,895,97
1980-07-31 16:00:00,27.2,42,6.2,340,648,848,83
1980-07-31 17:00:00,26.7,44,7.2,330,484,792,70
1980-07-31 18:00:00,25.0,48,5.7,340,304,698,53
1980-07-31 19:00:00,23.3,54,5.2,340,128,495,36
1980-07-31 20:00:00,20.0,57,5.7,320,24,107,14
1980-07-31 21:00:00,18.3,61,5.2,310,0,0,0
1980-07-31 22:00:00,17.4,67,4.5,310,0,0,0
1980-07-31 23:00:00,16.6,72,3.7,310,0,0,0
1980-08-01 00:00:00,15.7,75,3.0,330,0,0,0
2001-08-01 01:00:00,14.8,83,2.2,0,0,0,0
2001-08-01 02:00:00,13.9,83,1.5,310,0,0,0
2001-08-01 03:00:00,13.1,93,0.7,260,0,0,0
2001-08-01 04:00:00,12.2,90,0.0,0,0,0,0
2001-08-01 05:00:00,12.8,89,0.0,0,0,0,0
2001-08-01 06:00:00,12.8,89,0.0,0,16,0,16
2001-08-01 07:00:00,13.9,83,0.0,0,80,0,80
2001-08-01 08:00:00,14.4,87,0.0,0,230,108,183
2001-08-01 09:00:00,16.7,75,1.5,20,453,356,245
2001-08-01 10:00:00,18.3,68,2.6,40,280,30,259
2001-08-01 11:00:00,19.4,63,1.5,350,446,107,358
2001-08-01 12:00:00,21.7,55,2.6,10,785,521,332
2001-08-01 13:00:00,23.3,50,2.6,30,865,716,232
2001-08-01 14:00:00,24.4,45,2.6,350,679,351,381
2001-08-01 15:00:00,25.0,45,5.2,310,438,97,362
2001-08-01 16:00:00,25.0,45,3.1,300,503,302,302
2001-08-01 17:00:00,25.0,48,3.6,330,471,582,170
2001-08-01 18:00:00,24.4,52,4.6,300,303,533,115
2001-08-01 19:00:00,22.8,57,5.7,330,118,98,101
2001-08-01 20:00:00,21.1,63,5.2,330,2,23,2
2001-08-01 21:00:00,20.0,65,4.1,320,0,0,0
2001-08-01 22:00:00,19.4,68,2.6,290,0,0,0
2001-08-01 23:00:00,17.8,75,0.0,0,0,0,0
2001-08-02 00:00:00,17.8,75,1.5,40,0,0,0
2001-08-02 01:00:00,16.7,78,2.6,140,0,0,0
2001-08-02 02:00:00,16.1,81,3.6,140,0,0,0
2001-08-02 03:00:00,15.6,83,3.1,130,0,0,0
2001-08-02 04:00:00,16.1,81,3.6,150,0,0,0
2001-08-02 05:00:00,16.1,81,3.1,160,0,0,0
2001-08-02 06:00:00,16.1,81,4.1,140,19,8,19
2001-08-02 07:00:00,16.7,80,2.1,170,99,16,95
2001-08-02 08:00:00,17.2,81,1.5,180,129,0,129
2001-08-02 09:00:00,18.9,73,2.6,190,292,76,247
2001-08-02 10:00:00,20.6,65,3.6,200,632,555,235
2001-08-02 11:00:00,22.2,59,3.6,250,526,202,361
2001-08-02 12:00:00,23.3,53,3.1,330,797,574,298
2001-08-02 13:00:00,24.4,52,2.6,360,749,463,341
2001-08-02 14:00:00,25.0,50,3.6,340,440,85,368
2001-08-02 15:00:00,26.1,47,3.1,360,745,622,265
2001-08-02 16:00:00,26.1,47,1.5,360,627,728,147
2001-08-02 17:00:00,26.7,45,2.6,360,465,582,165
2001-08-02 18:00:00,27.2,39,3.6,240,296,453,137
2001-08-02 19:00:00,26.7,42,2.6,280,140,181,107
2001-08-02 20:00:00,25.0,42,4.1,270,2,40,2
2001-08-02 21:00:00,20.6,70,3.1,300,0,0,0
2001-08-02 22:00:00,18.9,75,0.0,0,0,0,0
2001-08-02 23:00:00,18.9,75,0.0,0,0,0,0
2001-08-03 00:00:00,17.8,70,5.7,190,0,0,0
2001-08-03 01:00:00,16.7,75,4.6,170,0,0,0
2001-08-03 02:00:00,16.1,78,2.6,180,0,0,0
2001-08-03 03:00:00,16.1,78,3.1,130,0,0,0
2001-08-03 04:00:00,15.6,83,4.1,120,0,0,0
2001-08-03 05:00:00,16.1,78,3.6,150,0,0,0
2001-08-03 06:00:00,16.7,75,3.1,160,6,0,6
2001-08-03 07:00:00,16.7,78,2.1,140,51,0,51
2001-08-03 08:00:00,16.7,84,2.1,180,143,6,141
2001-08-03 09:00:00,17.2,81,1.5,190,114,0,114
2001-08-03 10:00:00,17.2,90,2.6,120,148,0,148
2001-08-03 11:00:00,17.8,87,4.1,90,211,0,211
2001-08-03 12:00:00,18.3,84,3.6,90,260,6,255
2001-08-03 13:00:00,20.0,76,2.6,120,396,48,353
2001-08-03 14:00:00,22.2,59,3.1,160,132,0,132
2001-08-03 15:00:00,22.8,55,3.1,190,124,0,124
2001-08-03 16:00:00,22.8,55,1.5,230,124,0,124
2001-08-03 17:00:00,22.8,55,3.6,260,105,0,105
2001-08-03 18:00:00,22.8,57,3.6,260,90,0,90
2001-08-03 19:00:00,21.7,59,3.6,260,108,83,94
2001-08-03 20:00:00,21.1,59,4.6,270,1,17,1
2001-08-03 21:00:00,20.0,63,3.6,240,0,0,0
2001-08-03 22:00:00,19.4,63,4.1,230,0,0,0
2001-08-03 23:00:00,18.3,65,2.1,250,0,0,0
2001-08-04 00:00:00,18.3,65,3.1,230,0,0,0
2001-08-04 01:00:00,17.8,70,2.6,210,0,0,0
2001-08-04 02:00:00,17.8,70,0.0,0,0,0,0
2001-08-04 03:00:00,17.2,75,2.6,160,0,0,0
2001-08-04 04:00:00,17.2,75,2.6,180,0,0,0
2001-08-04 05:00:00,16.7,75,3.1,170,0,0,0
2001-08-04 06:00:00,16.7,75,3.1,170,16,0,16
2001-08-04 07:00:00,17.2,72,2.1,180,82,5,81
2001-08-04 08:00:00,17.2,72,2.6,190,157,11,152
2001-08-04 09:00:00,17.8,70,2.1,160,198,17,187
2001-08-04 10:00:00,18.9,63,0.0,0,609,472,274
2001-08-04 11:00:00,20.6,54,2.6,280,725,553,278
2001-08-04 12:00:00,21.7,47,2.6,190,384,48,342
2001-08-04 13:00:00,21.1,49,2.1,210,469,78,400
2001-08-04 14:00:00,21.7,45,2.1,290,409,36,378
2001-08-04 15:00:00,22.2,46,0.0,0,170,0,170
2001-08-04 16:00:00,22.2,46,3.1,220,131,0,131
2001-08-04 17:00:00,22.8,44,1.5,280,158,0,158
2001-08-04 18:00:00,21.7,57,3.6,340,182,68,158
2001-08-04 19:00:00,20.0,65,3.1,340,94,19,90
2001-08-04 20:00:00,18.9,68,2.6,330,1,4,1
2001-08-04 21:00:00,18.9,70,4.1,310,0,0,0
2001-08-04 22:00:00,18.3,76,2.6,300,0,0,0
2001-08-04 23:00:00,17.2,81,1.5,290,0,0,0
2001-08-05 00:00:00,17.2,81,0.0,0,0,0,0
2001-08-05 01:00:00,16.7,84,0.0,0,0,0,0
2001-08-05 02:00:00,14.4,90,4.1,110,0,0,0
2001-08-05 03:00:00,15.0,83,3.6,110,0,0,0
2001-08-05 04:00:00,14.4,87,2.1,120,0,0,0
2001-08-05 05:00:00,13.9,87,2.1,110,0,0,0
2001-08-05 06:00:00,15.0,87,3.1,100,23,70,17
2001-08-05 07:00:00,16.1,81,2.6,120,175,442,66
2001-08-05 08:00:00,17.8,73,3.1,110,356,646,86
2001-08-05 09:00:00,19.4,68,2.1,90,535,751,103
2001-08-05 10:00:00,22.2,55,2.1,70,664,726,150
2001-08-05 11:00:00,23.3,46,2.6,50,782,803,135
2001-08-05 12:00:00,26.7,38,5.7,240,856,808,159
2001-08-05 13:00:00,27.8,34,7.7,210,847,758,184
2001-08-05 14:00:00,28.3,34,5.7,210,844,804,166
2001-08-05 15:00:00,28.9,35,4.6,240,688,579,244
2001-08-05 16:00:00,28.3,37,6.7,210,580,581,203
2001-08-05 17:00:00,28.9,37,5.7,260,445,558,163
2001-08-05 18:00:00,27.8,40,6.2,270,301,538,118
2001-08-05 19:00:00,25.6,47,6.2,280,117,114,98
2001-08-05 20:00:00,23.3,53,4.6,300,0,20,0
2001-08-05 21:00:00,22.2,55,5.7,260,0,0,0
2001-08-05 22:00:00,21.1,59,2.1,230,0,0,0
2001-08-05 23:00:00,20.6,63,2.1,280,0,0,0
2001-08-06 00:00:00,19.4,68,2.1,260,0,0,0
2001-08-06 01:00:00,18.3,73,1.5,150,0,0,0
2001-08-06 02:00:00,18.3,73,1.5,140,0,0,0
2001-08-06 03:00:00,17.2,78,1.5,150,0,0,0
2001-08-06 04:00:00,16.7,80,2.1,120,0,0,0
2001-08-06 05:00:00,15.0,93,2.6,110,0,0,0
2001-08-06 06:00:00,16.1,90,2.1,120,28,163,16
2001-08-06 07:00:00,17.8,75,0.0,0,174,488,55
2001-08-06 08:00:00,19.4,70,0.0,0,356,663,80
2001-08-06 09:00:00,20.6,65,2.1,20,519,710,112
2001-08-06 10:00:00,22.2,57,2.1,360,669,761,132
2001-08-06 11:00:00,24.4,50,2.1,340,771,762,159
2001-08-06 12:00:00,25.6,48,2.6,320,838,748,195
2001-08-06 13:00:00,26.7,47,3.6,310,828,698,220
2001-08-06 14:00:00,27.8,44,4.6,290,819,798,149
2001-08-06 15:00:00,28.3,46,4.6,320,740,762,159
2001-08-06 16:00:00,27.8,51,6.2,330,623,748,138
2001-08-06 17:00:00,26.1,56,6.7,350,454,616,144
2001-08-06 18:00:00,24.4,60,6.7,350,294,485,131
2001-08-06 19:00:00,22.8,66,7.2,330,122,145,98
2001-08-06 20:00:00,21.1,73,6.7,320,0,0,0
2001-08-06 21:00:00,20.6,75,7.2,330,0,0,0
2001-08-06 22:00:00,20.0,78,7.2,310,0,0,0
2001-08-06 23:00:00,19.4,79,6.7,320,0,0,0
2001-08-07 00:00:00,18.9,78,5.7,320,0,0,0
2001-08-07 01:00:00,18.3,78,5.2,330,0,0,0
2001-08-07 02:00:00,17.8,80,5.7,320,0,0,0
2001-08-07 03:00:00,17.2,78,4.6,330,0,0,0
2001-08-07 04:00:00,16.1,78,4.6,330,0,0,0
2001-08-07 05:00:00,15.6,78,3.1,320,0,0,0
2001-08-07 06:00:00,15.6,75,4.6,320,27,85,21
2001-08-07 07:00:00,16.1,72,3.6,330,89,63,73
2001-08-07 08:00:00,17.2,70,2.1,350,336,464,144
2001-08-07 09:00:00,19.4,63,2.6,320,514,675,128
2001-08-07 10:00:00,20.6,61,2.6,280,680,791,124
2001-08-07 11:00:00,21.7,59,3.1,280,782,815,129
2001-08-07 12:00:00,23.9,51,3.6,340,856,826,147
2001-08-07 13:00:00,25.6,47,5.7,340,871,860,123
2001-08-07 14:00:00,26.7,41,6.7,320,825,811,147
2001-08-07 15:00:00,27.2,39,5.2,340,741,774,152
2001-08-07 16:00:00,26.7,41,6.7,340,616,735,142
2001-08-07 17:00:00,26.7,38,5.7,330,440,559,160
2001-08-07 18:00:00,25.6,40,8.8,340,278,411,140
2001-08-07 19:00:00,23.9,51,7.7,330,128,158,103
2001-08-07 20:00:00,22.2,57,5.7,320,0,0,0
2001-08-07 21:00:00,21.1,61,4.6,310,0,0,0
2001-08-07 22:00:00,19.4,66,6.2,320,0,0,0
2001-08-07 23:00:00,18.3,70,5.7,320,0,0,0
2001-08-08 00:00:00,17.2,70,3.1,320,0,0,0
2001-08-08 01:00:00,16.7,70,2.6,320,0,0,0
2001-08-08 02:00:00,16.1,75,2.6,320,0,0,0
2001-08-08 03:00:00,15.0,81,3.1,330,0,0,0
2001-08-08 04:00:00,15.0,81,2.6,340,0,0,0
2001-08-08 05:00:00,14.4,84,1.5,350,0,0,0
2001-08-08 06:00:00,14.4,84,0.0,0,26,178,14
2001-08-08 07:00:00,15.6,78,2.1,330,168,470,56
2001-08-08 08:00:00,16.7,72,1.5,330,345,628,87
2001-08-08 09:00:00,18.9,65,2.6,300,518,710,115
2001-08-08 10:00:00,21.1,57,2.1,320,669,779,123
2001-08-08 11:00:00,23.3,50,3.1,340,770,779,148
2001-08-08 12:00:00,26.1,44,4.1,320,856,832,144
2001-08-08 13:00:00,28.3,40,5.2,320,865,830,145
2001-08-08 14:00:00,30.0,39,5.7,330,807,750,181
2001-08-08 15:00:00,31.1,36,5.7,330,728,744,165
2001-08-08 16:00:00,30.6,39,6.7,340,603,705,151
2001-08-08 17:00:00,30.0,39,8.2,330,456,648,134
2001-08-08 18:00:00,28.9,41,7.7,330,280,481,121
2001-08-08 19:00:00,27.2,44,7.2,320,112,101,96
2001-08-08 20:00:00,25.6,47,5.2,290,0,0,0
2001-08-08 21:00:00,24.4,48,6.2,300,0,0,0
2001-08-08 22:00:00,23.3,50,2.6,310,0,0,0
2001-08-08 23:00:00,21.7,55,1.5,310,0,0,0
2001-08-09 00:00:00,20.6,61,2.6,320,0,0,0
2001-08-09 01:00:00,20.6,61,2.6,310,0,0,0
2001-08-09 02:00:00,19.4,66,1.5,310,0,0,0
2001-08-09 03:00:00,17.2,75,0.0,0,0,0,0
2001-08-09 04:00:00,17.2,84,1.5,90,0,0,0
2001-08-09 05:00:00,15.6,80,0.0,0,0,0,0
2001-08-09 06:00:00,16.7,80,0.0,0,23,134,15
2001-08-09 07:00:00,17.8,78,0.0,0,164,417,65
2001-08-09 08:00:00,20.6,65,0.0,0,335,560,106
2001-08-09 09:00:00,23.3,55,1.5,320,497,628,142
2001-08-09 10:00:00,26.1,47,3.1,270,663,749,140
2001-08-09 11:00:00,28.3,41,3.6,290,770,791,140
2001-08-09 12:00:00,30.6,36,4.6,290,820,712,213
2001-08-09 13:00:00,32.8,31,4.6,280,835,746,190
2001-08-09 14:00:00,35.0,24,5.2,280,813,805,144
2001-08-09 15:00:00,36.1,22,5.2,290,735,775,151
2001-08-09 16:00:00,36.1,21,5.2,300,597,680,162
2001-08-09 17:00:00,36.7,19,3.1,300,450,592,158
2001-08-09 18:00:00,35.6,20,2.6,290,282,455,133
2001-08-09 19:00:00,33.3,29,3.1,300,119,145,97
2001-08-09 20:00:00,29.0,40,3.1,270,0,0,0
2001-08-09 21:00:00,27.2,45,4.1,290,0,0,0
2001-08-09 22:00:00,26.1,47,1.5,270,0,0,0
2001-08-09 23:00:00,23.9,55,0.0,0,0,0,0
2001-08-10 00:00:00,23.9,60,2.1,330,0,0,0
2001-08-10 01:00:00,21.7,68,0.0,0,0,0,0
2001-08-10 02:00:00,20.6,78,0.0,0,0,0,0
2001-08-10 03:00:00,19.4,76,1.5,250,0,0,0
2001-08-10 04:00:00,20.0,73,2.6,300,0,0,0
2001-08-10 05:00:00,18.3,78,1.5,300,0,0,0
2001-08-10 06:00:00,18.9,73,1.5,360,22,137,14
2001-08-10 07:00:00,20.0,68,1.5,260,159,395,67
2001-08-10 08:00:00,21.1,66,2.1,360,334,582,98
2001-08-10 09:00:00,22.8,59,2.1,20,517,727,108
2001-08-10 10:00:00,23.9,55,2.1,10,646,708,154
2001-08-10 11:00:00,25.6,47,2.1,350,764,755,165
2001-08-10 12:00:00,27.8,41,2.6,320,809,682,228
2001-08-10 13:00:00,29.4,40,2.1,300,823,716,205
2001-08-10 14:00:00,30.6,39,3.1,300,814,799,152
2001-08-10 15:00:00,31.1,39,3.6,310,703,683,190
2001-08-10 16:00:00,32.2,38,4.1,290,591,650,178
2001-08-10 17:00:00,32.2,38,4.1,310,443,592,153
2001-08-10 18:00:00,31.1,39,4.1,300,256,380,133
2001-08-10 19:00:00,28.3,49,3.6,340,101,42,95
2001-08-10 20:00:00,25.6,60,4.1,350,0,0,0
2001-08-10 21:00:00,22.8,68,1.5,330,0,0,0
2001-08-10 22:00:00,21.1,73,2.6,270,0,0,0
2001-08-10 23:00:00,19.4,79,2.6,260,0,0,0
2001-08-11 00:00:00,18.9,75,2.6,10,0,0,0
2001-08-11 01:00:00,17.2,84,2.1,360,0,0,0
2001-08-11 02:00:00,16.7,84,0.0,0,0,0,0
2001-08-11 03:00:00,15.6,86,2.1,340,0,0,0
2001-08-11 04:00:00,15.0,90,2.6,340,0,0,0
2001-08-11 05:00:00,14.4,93,0.0,0,0,0,0
2001-08-11 06:00:00,15.0,90,2.6,320,8,0,8
2001-08-11 07:00:00,15.0,90,3.1,340,49,0,49
2001-08-11 08:00:00,15.6,86,2.1,350,117,0,117
2001-08-11 09:00:00,16.7,84,1.5,320,191,12,185
2001-08-11 10:00:00,17.2,81,2.6,280,378,94,312
2001-08-11 11:00:00,19.4,73,3.1,300,770,678,233
2001-08-11 12:00:00,22.2,64,2.1,300,826,748,192
2001-08-11 13:00:00,25.6,50,2.6,290,823,728,197
2001-08-11 14:00:00,27.2,44,2.6,260,808,805,143
2001-08-11 15:00:00,28.9,44,2.6,280,716,726,173
2001-08-11 16:00:00,29.4,42,3.1,300,592,681,161
2001-08-11 17:00:00,31.1,34,3.6,310,437,606,142
2001-08-11 18:00:00,30.0,37,3.1,340,258,409,127
2001-08-11 19:00:00,28.3,43,2.6,350,108,87,95
2001-08-11 20:00:00,26.1,54,1.5,340,0,0,0
2001-08-11 21:00:00,24.4,60,2.6,320,0,0,0
2001-08-11 22:00:00,22.8,66,3.1,320,0,0,0
2001-08-11 23:00:00,21.7,73,0.0,0,0,0,0
2001-08-12 00:00:00,20.6,75,3.1,340,0,0,0
2001-08-12 01:00:00,20.0,78,3.1,310,0,0,0
2001-08-12 02:00:00,18.3,84,3.6,320,0,0,0
2001-08-12 03:00:00,17.8,87,3.6,320,0,0,0
2001-08-12 04:00:00,17.2,90,2.1,270,0,0,0
2001-08-12 05:00:00,16.1,97,1.5,300,0,0,0
2001-08-12 06:00:00,15.6,96,2.6,320,7,0,7
2001-08-12 07:00:00,16.1,97,2.1,330,75,5,73
2001-08-12 08:00:00,16.7,93,0.0,0,244,192,167
2001-08-12 09:00:00,17.8,87,0.0,0,506,628,156
2001-08-12 10:00:00,20.6,75,0.0,0,657,755,135
2001-08-12 11:00:00,23.9,62,2.6,270,781,833,125
2001-08-12 12:00:00,27.2,49,4.6,300,826,742,199
2001-08-12 13:00:00,29.4,43,4.1,290,787,626,250
2001-08-12 14:00:00,31.1,38,2.1,290,688,454,314
2001-08-12 15:00:00,32.2,34,4.1,290,691,641,213
2001-08-12 16:00:00,33.3,30,3.1,330,585,693,149
2001-08-12 17:00:00,33.3,27,3.1,340,430,562,160
2001-08-12 18:00:00,31.7,38,3.1,330,241,376,123
2001-08-12 19:00:00,28.9,48,4.1,330,87,0,87
2001-08-12 20:00:00,26.1,56,3.1,320,0,0,0
2001-08-12 21:00:00,23.9,66,3.1,340,0,0,0
2001-08-12 22:00:00,23.3,66,3.1,300,0,0,0
2001-08-12 23:00:00,20.6,75,3.6,280,0,0,0
2001-08-13 00:00:00,19.4,79,0.0,0,0,0,0
2001-08-13 01:00:00,19.4,76,2.6,40,0,0,0
2001-08-13 02:00:00,17.8,80,1.5,10,0,0,0
2001-08-13 03:00:00,16.7,84,4.1,330,0,0,0
2001-08-13 04:00:00,16.1,83,3.6,340,0,0,0
2001-08-13 05:00:00,15.6,86,4.1,320,0,0,0
2001-08-13 06:00:00,15.6,86,3.6,360,15,87,11
2001-08-13 07:00:00,15.6,83,3.1,360,89,52,77
2001-08-13 08:00:00,17.2,78,2.6,10,145,6,143
2001-08-13 09:00:00,17.2,78,1.5,350,232,41,210
2001-08-13 10:00:00,18.9,70,1.5,330,574,436,274
2001-08-13 11:00:00,20.0,65,2.6,310,758,732,183
2001-08-13 12:00:00,21.1,63,3.1,290,803,676,233
2001-08-13 13:00:00,22.8,57,3.1,290,829,764,177
2001-08-13 14:00:00,25.0,52,4.6,290,802,805,142
2001-08-13 15:00:00,27.2,47,5.2,290,711,708,186
2001-08-13 16:00:00,27.8,47,5.7,320,579,681,153
2001-08-13 17:00:00,27.2,51,3.6,350,424,537,167
2001-08-13 18:00:00,26.7,52,6.2,340,263,413,134
2001-08-13 19:00:00,25.0,58,5.2,330,0,0,0
2001-08-13 20:00:00,22.8,64,5.2,350,0,0,0
2001-08-13 21:00:00,20.6,70,1.5,360,0,0,0
2001-08-13 22:00:00,18.9,75,3.6,330,0,0,0
2001-08-13 23:00:00,17.8,80,4.1,340,0,0,0
2001-08-14 00:00:00,17.2,81,2.1,340,0,0,0
2001-08-14 01:00:00,15.6,86,3.6,330,0,0,0
2001-08-14 02:00:00,15.0,90,3.6,330,0,0,0
2001-08-14 03:00:00,15.0,87,5.7,330,0,0,0
2001-08-14 04:00:00,15.0,83,3.6,330,0,0,0
2001-08-14 05:00:00,15.0,83,3.6,310,0,0,0
2001-08-14 06:00:00,14.4,90,2.1,340,2,0,2
2001-08-14 07:00:00,14.4,90,3.1,310,63,0,63
2001-08-14 08:00:00,15.0,87,3.1,320,107,0,107
2001-08-14 09:00:00,15.6,83,3.1,310,160,0,160
2001-08-14 10:00:00,16.1,83,2.1,310,268,18,256
2001-08-14 11:00:00,17.2,78,2.1,350,388,77,327
2001-08-14 12:00:00,18.3,73,2.1,300,785,545,328
2001-08-14 13:00:00,20.6,65,1.5,330,805,692,216
2001-08-14 14:00:00,22.2,61,0.0,0,796,787,153
2001-08-14 15:00:00,23.9,57,0.0,0,711,720,179
2001-08-14 16:00:00,25.6,50,0.0,0,559,638,162
2001-08-14 17:00:00,26.7,51,2.6,80,417,518,172
2001-08-14 18:00:00,25.0,58,2.6,100,246,386,127
2001-08-14 19:00:00,23.3,66,4.1,100,0,0,0
2001-08-14 20:00:00,23.3,66,0.0,0,0,0,0
2001-08-14 21:00:00,22.2,68,0.0,0,0,0,0
2001-08-14 22:00:00,20.0,73,3.6,330,0,0,0
2001-08-14 23:00:00,17.8,80,3.1,330,0,0,0
2001-08-15 00:00:00,17.2,81,2.6,340,0,0,0
2001-08-15 01:00:00,16.1,83,3.1,350,0,0,0
2001-08-15 02:00:00,15.0,90,3.1,330,0,0,0
2001-08-15 03:00:00,14.4,93,2.6,350,0,0,0
2001-08-15 04:00:00,15.0,90,3.6,350,0,0,0
2001-08-15 05:00:00,14.4,93,3.1,340,0,0,0
2001-08-15 06:00:00,15.0,90,3.1,320,6,0,6
2001-08-15 07:00:00,14.4,93,3.6,300,62,0,62
2001-08-15 08:00:00,15.0,90,3.1,340,177,28,166
2001-08-15 09:00:00,15.0,90,1.5,300,252,29,236
2001-08-15 10:00:00,16.7,84,1.5,320,399,124,314
2001-08-15 11:00:00,17.8,78,1.5,330,695,577,245
2001-08-15 12:00:00,20.0,68,1.5,350,773,640,237
2001-08-15 13:00:00,22.2,61,2.1,290,775,644,228
2001-08-15 14:00:00,23.9,57,3.6,270,752,696,185
2001-08-15 15:00:00,24.4,56,2.1,320,679,653,199
2001-08-15 16:00:00,25.6,52,2.1,310,525,508,211
2001-08-15 17:00:00,26.1,52,2.1,320,403,480,177
2001-08-15 18:00:00,26.1,54,3.6,290,209,226,140
2001-08-15 19:00:00,23.9,62,4.6,350,0,0,0
2001-08-15 20:00:00,20.6,70,4.1,330,0,0,0
2001-08-15 21:00:00,18.3,76,4.1,320,0,0,0
2001-08-15 22:00:00,16.7,80,4.1,320,0,0,0
2001-08-15 23:00:00,16.1,83,3.6,310,0,0,0
2001-08-16 00:00:00,15.6,83,4.1,320,0,0,0
2001-08-16 01:00:00,15.0,87,2.6,330,0,0,0
2001-08-16 02:00:00,15.0,87,3.1,320,0,0,0
2001-08-16 03:00:00,15.0,83,2.6,360,0,0,0
2001-08-16 04:00:00,15.0,81,1.5,350,0,0,0
2001-08-16 05:00:00,15.0,81,2.1,330,0,0,0
2001-08-16 06:00:00,15.0,81,2.1,350,6,0,6
2001-08-16 07:00:00,14.4,87,1.5,340,36,0,36
2001-08-16 08:00:00,14.4,90,2.1,330,79,0,79
2001-08-16 09:00:00,15.0,87,2.1,320,139,0,139
2001-08-16 10:00:00,15.6,83,1.5,320,180,6,176
2001-08-16 11:00:00,16.7,78,2.6,290,274,12,264
2001-08-16 12:00:00,17.8,73,3.1,300,295,12,285
2001-08-16 13:00:00,18.9,68,2.6,310,256,0,256
2001-08-16 14:00:00,19.4,68,2.1,320,253,0,253
2001-08-16 15:00:00,19.4,68,2.6,310,270,18,257
2001-08-16 16:00:00,20.0,68,3.1,300,554,521,234
2001-08-16 17:00:00,20.6,65,2.1,270,420,577,151
2001-08-16 18:00:00,21.1,66,2.6,240,221,290,134
2001-08-16 19:00:00,20.6,68,1.5,250,0,0,0
2001-08-16 20:00:00,19.4,73,0.0,0,0,0,0
2001-08-16 21:00:00,18.3,73,3.6,350,0,0,0
2001-08-16 22:00:00,17.2,75,2.6,330,0,0,0
2001-08-16 23:00:00,16.1,78,2.6,320,0,0,0
2001-08-17 00:00:00,15.6,78,4.1,330,0,0,0
2001-08-17 01:00:00,15.6,78,3.6,340,0,0,0
2001-08-17 02:00:00,15.6,78,3.6,320,0,0,0
2001-08-17 03:00:00,15.0,81,4.6,320,0,0,0
2001-08-17 04:00:00,14.4,84,3.6,330,0,0,0
2001-08-17 05:00:00,13.9,87,2.6,320,0,0,0
2001-08-17 06:00:00,13.9,87,2.1,330,6,6,6
2001-08-17 07:00:00,14.4,84,2.1,350,40,0,40
2001-08-17 08:00:00,15.0,81,3.1,320,130,6,128
2001-08-17 09:00:00,16.1,75,2.6,330,272,75,231
2001-08-17 10:00:00,17.2,72,3.1,320,562,424,275
2001-08-17 11:00:00,18.3,68,4.1,320,758,737,186
2001-08-17 12:00:00,19.4,63,4.1,280,791,670,234
2001-08-17 13:00:00,21.7,55,2.6,290,818,764,174
2001-08-17 14:00:00,23.3,52,4.6,300,797,811,142
2001-08-17 15:00:00,25.0,47,4.1,340,693,696,186
2001-08-17 16:00:00,25.6,42,5.7,350,554,658,153
2001-08-17 17:00:00,25.6,40,5.2,350,414,578,147
2001-08-17 18:00:00,24.4,50,5.7,320,234,399,116
2001-08-17 19:00:00,22.8,59,5.2,330,0,0,0
2001-08-17 20:00:00,21.1,66,5.2,330,0,0,0
2001-08-17 21:00:00,19.4,73,5.2,320,0,0,0
2001-08-17 22:00:00,18.3,76,5.2,330,0,0,0
2001-08-17 23:00:00,17.2,81,4.6,320,0,0,0
2001-08-18 00:00:00,16.7,80,6.2,320,0,0,0
2001-08-18 01:00:00,16.7,78,6.2,310,0,0,0
2001-08-18 02:00:00,16.1,81,4.6,310,0,0,0
2001-08-18 03:00:00,15.6,80,4.6,300,0,0,0
2001-08-18 04:00:00,15.0,81,3.6,310,0,0,0
2001-08-18 05:00:00,15.0,77,4.1,320,0,0,0
2001-08-18 06:00:00,15.0,77,3.1,320,6,13,6
2001-08-18 07:00:00,16.1,72,3.1,310,89,61,76
2001-08-18 08:00:00,16.7,70,2.1,340,199,73,171
2001-08-18 09:00:00,17.8,65,4.1,310,303,99,250
2001-08-18 10:00:00,18.3,61,3.6,330,393,100,325
2001-08-18 11:00:00,19.4,54,2.1,310,461,113,374
2001-08-18 12:00:00,20.6,51,2.6,280,502,108,413
2001-08-18 13:00:00,21.1,49,3.6,290,507,120,406
2001-08-18 14:00:00,21.1,49,3.6,270,494,121,396
2001-08-18 15:00:00,21.1,51,3.6,290,443,110,363
2001-08-18 16:00:00,21.7,47,3.6,290,366,93,309
2001-08-18 17:00:00,21.7,49,4.1,320,274,90,233
2001-08-18 18:00:00,21.1,55,4.1,320,165,57,148
2001-08-18 19:00:00,20.0,61,3.6,340,0,0,0
2001-08-18 20:00:00,18.9,61,5.7,350,0,0,0
2001-08-18 21:00:00,17.8,65,5.2,330,0,0,0
2001-08-18 22:00:00,16.7,75,4.6,330,0,0,0
2001-08-18 23:00:00,16.1,75,3.6,340,0,0,0
2001-08-19 00:00:00,15.6,80,6.2,320,0,0,0
2001-08-19 01:00:00,15.6,80,5.7,320,0,0,0
2001-08-19 02:00:00,14.4,84,4.1,320,0,0,0
2001-08-19 03:00:00,13.9,87,3.1,340,0,0,0
2001-08-19 04:00:00,12.8,89,0.0,0,0,0,0
2001-08-19 05:00:00,13.3,90,0.0,0,0,0,0
2001-08-19 06:00:00,12.8,93,1.5,330,8,80,5
2001-08-19 07:00:00,13.9,87,1.5,340,134,374,58
2001-08-19 08:00:00,14.4,81,2.6,330,295,488,110
2001-08-19 09:00:00,16.7,67,2.6,360,451,569,146
2001-08-19 10:00:00,17.8,60,2.6,10,584,583,192
2001-08-19 11:00:00,18.9,56,4.6,290,741,725,182
2001-08-19 12:00:00,20.6,51,5.7,300,791,706,208
2001-08-19 13:00:00,22.2,46,5.7,320,806,746,182
2001-08-19 14:00:00,23.3,38,4.6,360,772,763,161
2001-08-19 15:00:00,23.9,40,5.2,360,688,715,172
2001-08-19 16:00:00,23.9,40,6.7,310,563,702,140
2001-08-19 17:00:00,23.9,41,5.2,340,409,586,143
2001-08-19 18:00:00,23.3,43,6.2,320,229,403,114
2001-08-19 19:00:00,21.7,53,6.7,310,0,0,0
2001-08-19 20:00:00,20.0,57,6.7,320,0,0,0
2001-08-19 21:00:00,18.9,63,6.2,320,0,0,0
2001-08-19 22:00:00,17.8,67,5.7,320,0,0,0
2001-08-19 23:00:00,16.7,72,6.2,320,0,0,0
2001-08-20 00:00:00,16.1,75,4.6,320,0,0,0
2001-08-20 01:00:00,15.6,75,4.6,320,0,0,0
2001-08-20 02:00:00,14.4,78,4.1,330,0,0,0
2001-08-20 03:00:00,13.9,77,2.6,330,0,0,0
2001-08-20 04:00:00,13.3,80,0.0,0,0,0,0
2001-08-20 05:00:00,13.3,84,2.1,30,0,0,0
2001-08-20 06:00:00,12.8,80,2.1,330,7,94,4
2001-08-20 07:00:00,13.3,80,5.7,330,130,387,51
2001-08-20 08:00:00,14.4,75,4.6,330,294,532,94
2001-08-20 09:00:00,16.1,70,2.1,340,487,713,105
2001-08-20 10:00:00,17.8,60,3.1,340,627,731,139
2001-08-20 11:00:00,18.9,54,2.1,340,723,725,167
2001-08-20 12:00:00,20.0,49,2.6,330,791,718,200
2001-08-20 13:00:00,21.7,44,2.1,330,794,716,197
2001-08-20 14:00:00,22.8,42,3.1,320,773,697,217
2001-08-20 15:00:00,23.9,41,3.1,350,543,287,337
2001-08-20 16:00:00,23.9,40,2.6,340,494,435,233
2001-08-20 17:00:00,24.4,40,3.6,330,403,554,153
2001-08-20 18:00:00,23.3,46,3.6,340,222,369,118
2001-08-20 19:00:00,21.7,47,4.1,350,0,0,0
2001-08-20 20:00:00,20.0,55,4.6,340,0,0,0
2001-08-20 21:00:00,18.9,61,4.1,350,0,0,0
2001-08-20 22:00:00,17.2,67,3.6,340,0,0,0
2001-08-20 23:00:00,16.1,72,2.1,330,0,0,0
2001-08-21 00:00:00,16.1,72,2.6,320,0,0,0
2001-08-21 01:00:00,16.1,72,0.0,0,0,0,0
2001-08-21 02:00:00,14.4,78,2.6,140,0,0,0
2001-08-21 03:00:00,13.9,80,2.6,130,0,0,0
2001-08-21 04:00:00,13.3,84,3.6,140,0,0,0
2001-08-21 05:00:00,13.3,84,3.6,130,0,0,0
2001-08-21 06:00:00,13.9,77,4.1,160,5,36,5
2001-08-21 07:00:00,15.0,72,3.1,140,66,15,63
2001-08-21 08:00:00,16.1,70,3.1,120,151,22,143
2001-08-21 09:00:00,17.2,65,3.1,180,102,0,102
2001-08-21 10:00:00,17.2,67,2.1,190,136,0,136
2001-08-21 11:00:00,18.3,65,1.5,190,131,0,131
2001-08-21 12:00:00,16.1,93,2.6,180,171,0,171
2001-08-21 13:00:00,17.2,87,2.1,40,226,0,226
2001-08-21 14:00:00,18.3,76,2.6,40,215,6,211
2001-08-21 15:00:00,20.0,70,3.1,90,146,0,146
2001-08-21 16:00:00,21.7,59,4.1,180,134,0,134
2001-08-21 17:00:00,21.7,61,4.1,190,63,0,63
2001-08-21 18:00:00,20.0,70,5.2,180,54,0,54
2001-08-21 19:00:00,20.6,68,3.6,210,0,0,0
2001-08-21 20:00:00,20.0,73,4.6,210,0,0,0
2001-08-21 21:00:00,19.4,76,4.1,190,0,0,0
2001-08-21 22:00:00,18.3,87,6.7,190,0,0,0
2001-08-21 23:00:00,17.8,90,4.6,170,0,0,0
2001-08-22 00:00:00,17.8,90,4.1,130,0,0,0
2001-08-22 01:00:00,17.2,93,4.1,140,0,0,0
2001-08-22 02:00:00,17.2,93,3.6,130,0,0,0
2001-08-22 03:00:00,17.2,93,3.6,120,0,0,0
2001-08-22 04:00:00,17.2,93,5.2,120,0,0,0
2001-08-22 05:00:00,17.2,93,4.1,120,0,0,0
2001-08-22 06:00:00,17.2,97,5.2,120,1,0,1
2001-08-22 07:00:00,17.2,93,5.2,110,31,0,31
2001-08-22 08:00:00,17.8,93,4.6,120,46,0,46
2001-08-22 09:00:00,17.8,93,4.1,120,102,0,102
2001-08-22 10:00:00,18.3,93,6.2,120,158,0,158
2001-08-22 11:00:00,18.3,93,5.7,120,137,0,137
2001-08-22 12:00:00,18.9,93,5.7,140,165,0,165
2001-08-22 13:00:00,19.4,87,4.1,160,171,0,171
2001-08-22 14:00:00,19.4,87,4.1,170,203,6,198
2001-08-22 15:00:00,18.9,90,3.6,200,186,0,186
2001-08-22 16:00:00,19.4,84,4.1,170,113,0,113
2001-08-22 17:00:00,18.9,87,6.2,210,64,0,64
2001-08-22 18:00:00,17.8,93,3.6,190,87,0,87
2001-08-22 19:00:00,18.3,93,2.6,210,0,0,0
2001-08-22 20:00:00,17.8,90,2.1,220,0,0,0
2001-08-22 21:00:00,17.2,90,2.6,180,0,0,0
2001-08-22 22:00:00,17.2,87,3.6,190,0,0,0
2001-08-22 23:00:00,16.1,87,3.1,220,0,0,0
2001-08-23 00:00:00,15.6,83,2.6,190,0,0,0
2001-08-23 01:00:00,15.0,90,2.6,160,0,0,0
2001-08-23 02:00:00,15.0,87,0.0,0,0,0,0
2001-08-23 03:00:00,15.0,93,0.0,0,0,0,0
2001-08-23 04:00:00,14.4,97,1.5,160,0,0,0
2001-08-23 05:00:00,15.0,90,4.1,160,0,0,0
2001-08-23 06:00:00,15.0,87,3.6,190,2,0,2
2001-08-23 07:00:00,15.0,87,5.2,190,37,0,37
2001-08-23 08:00:00,15.6,80,5.7,180,242,240,154
2001-08-23 09:00:00,16.7,75,4.1,190,373,307,211
2001-08-23 10:00:00,18.3,68,6.7,190,457,236,302
2001-08-23 11:00:00,18.9,63,7.7,190,416,101,339
2001-08-23 12:00:00,19.4,63,5.7,220,614,281,385
2001-08-23 13:00:00,18.9,70,7.2,200,177,6,172
2001-08-23 14:00:00,17.8,80,4.1,230,171,6,166
2001-08-23 15:00:00,18.9,75,4.6,180,551,300,339
2001-08-23 16:00:00,19.4,63,3.6,230,454,361,242
2001-08-23 17:00:00,20.6,59,3.1,220,352,375,188
2001-08-23 18:00:00,20.0,61,3.6,220,166,111,136
2001-08-23 19:00:00,18.9,70,1.5,300,0,0,0
2001-08-23 20:00:00,17.8,78,0.0,0,0,0,0
2001-08-23 21:00:00,16.7,78,1.5,210,0,0,0
2001-08-23 22:00:00,15.6,78,3.1,200,0,0,0
2001-08-23 23:00:00,16.1,78,3.6,200,0,0,0
2001-08-24 00:00:00,15.0,81,1.5,170,0,0,0
2001-08-24 01:00:00,15.6,78,2.1,180,0,0,0
2001-08-24 02:00:00,13.9,87,2.6,150,0,0,0
2001-08-24 03:00:00,13.3,90,3.1,130,0,0,0
2001-08-24 04:00:00,13.3,93,3.6,120,0,0,0
2001-08-24 05:00:00,12.8,93,0.0,0,0,0,0
2001-08-24 06:00:00,12.8,93,2.1,260,3,41,2
2001-08-24 07:00:00,12.2,100,2.1,260,88,89,71
2001-08-24 08:00:00,14.4,90,2.1,280,196,117,153
2001-08-24 09:00:00,16.1,78,2.6,300,439,539,157
2001-08-24 10:00:00,17.8,67,2.1,320,615,713,147
2001-08-24 11:00:00,19.4,61,0.0,0,717,725,170
2001-08-24 12:00:00,20.6,53,3.6,320,750,628,241
2001-08-24 13:00:00,21.7,47,4.6,290,801,764,174
2001-08-24 14:00:00,22.8,38,5.2,290,768,812,132
2001-08-24 15:00:00,22.8,41,4.6,300,671,722,164
2001-08-24 16:00:00,22.8,39,3.6,320,540,691,138
2001-08-24 17:00:00,23.3,38,2.6,330,386,597,128
2001-08-24 18:00:00,22.8,38,1.5,330,214,372,117
2001-08-24 19:00:00,21.7,45,2.1,320,0,0,0
2001-08-24 20:00:00,20.0,57,1.5,310,0,0,0
2001-08-24 21:00:00,18.9,59,2.6,300,0,0,0
2001-08-24 22:00:00,18.3,65,3.1,300,0,0,0
2001-08-24 23:00:00,16.7,75,2.6,320,0,0,0
2001-08-25 00:00:00,16.1,81,2.1,10,0,0,0
2001-08-25 01:00:00,15.6,83,3.1,300,0,0,0
2001-08-25 02:00:00,14.4,87,1.5,40,0,0,0
2001-08-25 03:00:00,13.3,87,0.0,0,0,0,0
2001-08-25 04:00:00,13.3,90,1.5,50,0,0,0
2001-08-25 05:00:00,11.1,93,1.5,280,0,0,0
2001-08-25 06:00:00,12.2,90,0.0,0,2,43,1
2001-08-25 07:00:00,13.3,87,2.1,330,120,394,47
2001-08-25 08:00:00,15.0,77,2.6,300,286,535,93
2001-08-25 09:00:00,17.2,70,3.1,320,459,689,101
2001-08-25 10:00:00,18.9,65,3.1,280,598,683,152
2001-08-25 11:00:00,21.1,57,0.0,0,694,672,190
2001-08-25 12:00:00,23.9,50,3.6,280,762,670,221
2001-08-25 13:00:00,25.6,43,3.6,280,771,692,205
2001-08-25 14:00:00,26.7,39,4.1,280,768,806,140
2001-08-25 15:00:00,28.3,37,4.6,290,678,747,157
2001-08-25 16:00:00,28.3,37,4.6,280,534,679,141
2001-08-25 17:00:00,28.3,37,5.2,290,388,604,129
2001-08-25 18:00:00,27.2,42,3.6,330,195,285,122
2001-08-25 19:00:00,25.0,50,2.6,320,30,141,19
2001-08-25 20:00:00,22.8,57,2.6,270,0,0,0
2001-08-25 21:00:00,22.8,57,4.1,300,0,0,0
2001-08-25 22:00:00,21.7,63,3.1,300,0,0,0
2001-08-25 23:00:00,20.6,68,0.0,0,0,0,0
2001-08-26 00:00:00,20.0,70,1.5,30,0,0,0
2001-08-26 01:00:00,18.9,70,2.6,340,0,0,0
2001-08-26 02:00:00,17.8,75,2.6,350,0,0,0
2001-08-26 03:00:00,16.7,78,2.6,320,0,0,0
2001-08-26 04:00:00,16.7,78,3.1,300,0,0,0
2001-08-26 05:00:00,15.6,83,2.1,310,0,0,0
2001-08-26 06:00:00,15.0,87,2.1,330,1,49,1
2001-08-26 07:00:00,16.1,83,1.5,350,119,427,41
2001-08-26 08:00:00,17.2,78,2.6,330,290,607,73
2001-08-26 09:00:00,18.9,70,3.6,280,453,671,106
2001-08-26 10:00:00,20.6,63,2.6,280,604,712,140
2001-08-26 11:00:00,22.2,61,2.6,280,706,725,163
2001-08-26 12:00:00,24.4,48,3.1,310,774,724,192
2001-08-26 13:00:00,25.6,45,4.1,290,783,746,176
2001-08-26 14:00:00,26.7,44,3.1,290,756,788,145
2001-08-26 15:00:00,28.3,41,4.6,300,679,778,140
2001-08-26 16:00:00,28.9,43,4.1,310,542,723,127
2001-08-26 17:00:00,28.9,41,3.6,330,365,553,131
2001-08-26 18:00:00,27.2,45,5.2,330,199,318,119
2001-08-26 19:00:00,25.0,52,3.1,340,28,152,17
2001-08-26 20:00:00,22.8,59,3.1,340,0,0,0
2001-08-26 21:00:00,20.6,63,3.6,350,0,0,0
2001-08-26 22:00:00,18.9,63,4.1,320,0,0,0
2001-08-26 23:00:00,17.8,67,3.1,310,0,0,0
2001-08-27 00:00:00,17.2,70,3.6,320,0,0,0
2001-08-27 01:00:00,16.7,70,2.6,340,0,0,0
2001-08-27 02:00:00,15.6,75,2.1,340,0,0,0
2001-08-27 03:00:00,15.0,77,1.5,340,0,0,0
2001-08-27 04:00:00,15.0,77,1.5,330,0,0,0
2001-08-27 05:00:00,14.4,84,0.0,0,0,0,0
2001-08-27 06:00:00,13.9,89,2.6,330,1,41,1
2001-08-27 07:00:00,14.4,90,2.1,340,111,332,52
2001-08-27 08:00:00,16.1,81,3.1,340,275,495,100
2001-08-27 09:00:00,16.7,78,0.0,0,437,619,119
2001-08-27 10:00:00,18.3,70,0.0,0,598,683,156
2001-08-27 11:00:00,20.6,59,2.6,360,705,737,157
2001-08-27 12:00:00,22.2,53,0.0,0,762,694,207
2001-08-27 13:00:00,23.9,50,2.1,360,777,740,178
2001-08-27 14:00:00,25.0,43,1.5,340,750,782,147
2001-08-27 15:00:00,26.1,42,2.1,320,673,772,141
2001-08-27 16:00:00,26.7,44,3.6,300,536,711,131
2001-08-27 17:00:00,27.2,44,3.6,300,375,619,116
2001-08-27 18:00:00,26.1,48,3.1,290,215,435,107
2001-08-27 19:00:00,24.4,56,2.1,340,28,200,14
2001-08-27 20:00:00,23.3,52,4.6,340,0,0,0
2001-08-27 21:00:00,21.7,59,3.6,330,0,0,0
2001-08-27 22:00:00,21.1,63,4.1,320,0,0,0
2001-08-27 23:00:00,20.6,63,3.6,310,0,0,0
2001-08-28 00:00:00,19.4,68,3.1,320,0,0,0
2001-08-28 01:00:00,18.9,70,3.1,330,0,0,0
2001-08-28 02:00:00,18.9,73,3.1,340,0,0,0
2001-08-28 03:00:00,18.3,76,2.6,350,0,0,0
2001-08-28 04:00:00,17.8,80,1.5,360,0,0,0
2001-08-28 05:00:00,17.8,80,0.0,0,0,0,0
2001-08-28 06:00:00,17.8,84,0.0,0,0,35,0
2001-08-28 07:00:00,18.9,78,0.0,0,110,345,49
2001-08-28 08:00:00,18.9,78,3.1,340,274,517,93
2001-08-28 09:00:00,20.6,73,3.1,360,437,636,112
2001-08-28 10:00:00,21.1,71,3.1,360,543,512,214
2001-08-28 11:00:00,22.2,66,2.6,330,683,648,202
2001-08-28 12:00:00,23.9,60,4.1,300,750,664,221
2001-08-28 13:00:00,25.6,54,4.6,310,747,650,223
2001-08-28 14:00:00,26.7,49,5.7,350,725,709,181
2001-08-28 15:00:00,26.7,49,6.2,340,654,717,163
2001-08-28 16:00:00,26.7,47,5.2,350,523,674,142
2001-08-28 17:00:00,26.7,49,4.1,330,361,555,131
2001-08-28 18:00:00,25.6,52,5.7,330,207,385,114
2001-08-28 19:00:00,23.9,57,4.6,320,24,170,13
2001-08-28 20:00:00,22.8,66,4.6,320,0,0,0
2001-08-28 21:00:00,21.7,73,5.7,330,0,0,0
2001-08-28 22:00:00,20.6,78,3.6,320,0,0,0
2001-08-28 23:00:00,20.0,78,2.1,320,0,0,0
2001-08-29 00:00:00,18.9,84,3.6,320,0,0,0
2001-08-29 01:00:00,18.3,87,0.0,0,0,0,0
2001-08-29 02:00:00,17.8,90,2.1,360,0,0,0
2001-08-29 03:00:00,17.2,90,1.5,330,0,0,0
2001-08-29 04:00:00,17.2,90,2.6,330,0,0,0
2001-08-29 05:00:00,17.2,93,1.5,350,0,0,0
2001-08-29 06:00:00,17.2,90,0.0,0,0,0,0
2001-08-29 07:00:00,17.2,90,2.6,350,32,0,32
2001-08-29 08:00:00,17.2,90,3.1,350,85,0,85
2001-08-29 09:00:00,17.8,87,2.1,330,117,0,117
2001-08-29 10:00:00,17.8,87,0.0,0,163,0,163
2001-08-29 11:00:00,18.9,78,1.5,340,216,12,207
2001-08-29 12:00:00,20.0,73,1.5,310,733,580,272
2001-08-29 13:00:00,22.8,64,2.1,310,741,650,220
2001-08-29 14:00:00,25.0,56,2.1,300,745,776,152
2001-08-29 15:00:00,26.7,49,4.1,300,661,760,144
2001-08-29 16:00:00,27.8,49,3.6,320,517,631,164
2001-08-29 17:00:00,27.8,49,5.7,310,346,504,140
2001-08-29 18:00:00,26.7,54,6.7,310,187,288,119
2001-08-29 19:00:00,23.9,64,4.6,330,20,122,13
2001-08-29 20:00:00,22.8,68,4.1,330,0,0,0
2001-08-29 21:00:00,21.1,76,2.1,330,0,0,0
2001-08-29 22:00:00,20.6,78,3.6,320,0,0,0
2001-08-29 23:00:00,19.4,81,2.1,360,0,0,0
2001-08-30 00:00:00,18.3,84,2.1,360,0,0,0
2001-08-30 01:00:00,17.8,87,0.0,0,0,0,0
2001-08-30 02:00:00,17.2,87,2.1,330,0,0,0
2001-08-30 03:00:00,16.1,90,2.6,330,0,0,0
2001-08-30 04:00:00,15.6,93,2.6,320,0,0,0
2001-08-30 05:00:00,16.1,93,3.6,310,0,0,0
2001-08-30 06:00:00,15.6,96,3.6,310,0,0,0
2001-08-30 07:00:00,16.1,93,2.6,290,88,187,57
2001-08-30 08:00:00,17.2,87,1.5,340,161,61,140
2001-08-30 09:00:00,18.3,84,0.0,0,329,220,219
2001-08-30 10:00:00,20.0,73,1.5,10,570,588,195
2001-08-30 11:00:00,21.7,66,0.0,0,677,666,188
2001-08-30 12:00:00,23.9,57,2.1,10,733,628,237
2001-08-30 13:00:00,25.0,50,2.1,20,741,656,217
2001-08-30 14:00:00,26.1,48,1.5,20,732,764,152
2001-08-30 15:00:00,27.2,41,2.1,30,649,723,159
2001-08-30 16:00:00,27.8,40,2.1,350,511,663,143
2001-08-30 17:00:00,27.8,38,2.1,300,365,623,113
2001-08-30 18:00:00,27.8,41,2.6,310,192,354,110
2001-08-30 19:00:00,23.9,46,5.7,350,18,142,10
2001-08-30 20:00:00,21.7,44,3.6,350,0,0,0
2001-08-30 21:00:00,20.6,40,4.1,350,0,0,0
2001-08-30 22:00:00,18.9,47,3.1,330,0,0,0
2001-08-30 23:00:00,18.3,56,3.1,330,0,0,0
2001-08-31 00:00:00,18.3,63,0.0,0,0,0,0
2001-08-31 01:00:00,17.8,70,1.5,320,0,0,0
2001-08-31 02:00:00,17.2,72,2.1,190,0,0,0
2001-08-31 03:00:00,17.2,63,2.1,150,0,0,0
2001-08-31 04:00:00,17.8,63,1.5,230,0,0,0
2001-08-31 05:00:00,17.2,72,0.0,0,0,0,0
2001-08-31 06:00:00,17.2,75,1.5,360,0,0,0
2001-08-31 07:00:00,17.2,75,1.5,190,65,57,56
2001-08-31 08:00:00,18.3,68,2.1,60,209,188,145
2001-08-31 09:00:00,20.0,63,2.1,360,248,69,213
2001-08-31 10:00:00,20.0,63,1.5,350,477,306,283
2001-08-31 11:00:00,21.1,57,1.5,360,648,547,248
2001-08-31 12:00:00,22.8,51,2.6,360,579,293,349
2001-08-31 13:00:00,23.3,50,3.1,350,717,614,229
2001-08-31 14:00:00,23.9,45,2.1,340,682,601,228
2001-08-31 15:00:00,25.0,43,2.6,30,542,386,283
2001-08-31 16:00:00,25.6,42,2.6,310,411,313,239
2001-08-31 17:00:00,25.6,42,1.5,310,309,355,167
2001-08-31 18:00:00,25.0,47,2.1,330,158,175,118
2001-08-31 19:00:00,22.2,59,4.1,320,13,67,10
2001-08-31 20:00:00,21.1,61,4.6,320,0,0,0
2001-08-31 21:00:00,20.6,61,3.1,330,0,0,0
2001-08-31 22:00:00,19.0,68,2.9,310,0,0,0
2001-08-31 23:00:00,17.4,70,2.6,290,0,0,0
2001-09-01 00:00:00,15.8,73,2.4,260,0,0,0
1980-09-01 01:00:00,14.2,93,2.2,0,0,0,0
1980-09-01 02:00:00,12.6,93,2.0,0,0,0,0
1980-09-01 03:00:00,11.0,93,1.7,0,0,0,0
1980-09-01 04:00:00,9.4,96,1.5,190,0,0,0
1980-09-01 05:00:00,9.4,100,2.1,130,0,0,0
1980-09-01 06:00:00,9.4,100,2.1,170,6,1,6
1980-09-01 07:00:00,10.6,96,2.1,170,69,26,65
1980-09-01 08:00:00,13.3,87,0.0,0,181,72,157
1980-09-01 09:00:00,15.6,75,2.1,170,439,485,197
1980-09-01 10:00:00,16.7,70,2.1,30,446,123,368
1980-09-01 11:00:00,18.9,63,3.1,140,412,27,392
1980-09-01 12:00:00,19.4,61,2.1,20,277,1,276
1980-09-01 13:00:00,20.6,55,2.1,360,281,1,280
1980-09-01 14:00:00,22.2,53,2.6,360,230,1,229
1980-09-01 15:00:00,21.7,57,2.1,310,226,1,225
1980-09-01 16:00:00,21.7,57,2.1,300,164,1,163
1980-09-01 17:00:00,21.7,61,2.1,300,67,0,67
1980-09-01 18:00:00,20.6,71,2.6,310,16,0,16
1980-09-01 19:00:00,17.8,87,1.5,200,1,0,1
1980-09-01 20:00:00,17.8,90,3.6,120,0,0,0
1980-09-01 21:00:00,17.8,87,2.6,170,0,0,0
1980-09-01 22:00:00,17.2,90,5.7,190,0,0,0
1980-09-01 23:00:00,17.2,90,3.6,180,0,0,0
1980-09-02 00:00:00,16.7,93,3.6,180,0,0,0
1980-09-02 01:00:00,16.7,93,1.5,220,0,0,0
1980-09-02 02:00:00,15.0,93,6.7,330,0,0,0
1980-09-02 03:00:00,15.0,93,4.1,320,0,0,0
1980-09-02 04:00:00,15.0,87,4.1,330,0,0,0
1980-09-02 05:00:00,14.4,84,4.6,320,0,0,0
1980-09-02 06:00:00,13.3,83,4.1,310,9,12,8
1980-09-02 07:00:00,13.3,83,4.1,310,83,189,54
1980-09-02 08:00:00,15.0,78,3.1,300,235,373,110
1980-09-02 09:00:00,16.1,72,3.1,300,407,559,132
1980-09-02 10:00:00,17.8,61,3.1,310,576,625,182
1980-09-02 11:00:00,18.3,54,3.1,280,376,102,301
1980-09-02 12:00:00,18.9,51,4.1,290,290,1,290
1980-09-02 13:00:00,19.4,49,4.1,280,397,34,365
1980-09-02 14:00:00,19.4,47,4.6,320,334,5,334
1980-09-02 15:00:00,20.0,49,3.1,290,228,16,219
1980-09-02 16:00:00,19.4,53,4.6,300,231,1,231
1980-09-02 17:00:00,19.4,53,3.1,310,127,4,127
1980-09-02 18:00:00,18.9,52,3.6,340,121,89,101
1980-09-02 19:00:00,17.2,63,3.6,330,25,95,18
1980-09-02 20:00:00,16.7,65,4.6,320,0,0,0
1980-09-02 21:00:00,15.6,70,4.1,340,0,0,0
1980-09-02 22:00:00,14.4,72,2.1,350,0,0,0
1980-09-02 23:00:00,13.3,78,2.6,320,0,0,0
1980-09-03 00:00:00,12.2,83,3.1,300,0,0,0
1980-09-03 01:00:00,12.2,86,2.6,340,0,0,0
1980-09-03 02:00:00,10.0,96,1.5,120,0,0,0
1980-09-03 03:00:00,10.0,96,2.6,50,0,0,0
1980-09-03 04:00:00,8.9,96,1.5,190,0,0,0
1980-09-03 05:00:00,7.8,100,1.5,250,0,0,0
1980-09-03 06:00:00,10.0,100,2.6,120,3,0,3
1980-09-03 07:00:00,10.0,100,2.6,120,45,1,45
1980-09-03 08:00:00,10.6,96,0.0,0,119,14,115
1980-09-03 09:00:00,12.2,86,2.1,340,284,185,184
1980-09-03 10:00:00,13.9,78,3.1,280,499,544,161
1980-09-03 11:00:00,17.8,65,3.1,290,745,901,87
1980-09-03 12:00:00,20.0,57,4.6,270,810,921,92
1980-09-03 13:00:00,22.2,46,5.7,300,821,924,92
1980-09-03 14:00:00,23.3,43,5.7,290,772,921,89
1980-09-03 15:00:00,23.9,33,5.2,290,672,897,82
1980-09-03 16:00:00,24.4,37,5.2,280,526,855,71
1980-09-03 17:00:00,24.4,33,5.2,300,346,751,55
1980-09-03 18:00:00,22.8,43,5.7,340,160,569,38
1980-09-03 19:00:00,21.1,51,4.1,340,32,136,17
1980-09-03 20:00:00,19.4,57,4.6,330,0,0,0
1980-09-03 21:00:00,16.7,73,3.6,310,0,0,0
1980-09-03 22:00:00,17.2,70,4.1,300,0,0,0
1980-09-03 23:00:00,16.1,78,3.1,340,0,0,0
1980-09-04 00:00:00,15.0,84,2.6,330,0,0,0
1980-09-04 01:00:00,14.4,84,2.6,320,0,0,0
1980-09-04 02:00:00,13.3,90,2.1,30,0,0,0
1980-09-04 03:00:00,12.8,90,2.6,350,0,0,0
1980-09-04 04:00:00,12.8,93,1.5,130,0,0,0
1980-09-04 05:00:00,11.7,100,0.0,0,0,0,0
1980-09-04 06:00:00,12.2,96,2.1,10,7,1,7
1980-09-04 07:00:00,12.2,96,2.6,50,81,3,81
1980-09-04 08:00:00,13.9,90,1.5,270,211,13,207
1980-09-04 09:00:00,15.6,81,1.5,360,474,520,220
1980-09-04 10:00:00,17.8,70,1.5,350,640,817,132
1980-09-04 11:00:00,20.0,61,2.1,280,754,858,137
1980-09-04 12:00:00,21.7,55,2.6,340,825,892,135
1980-09-04 13:00:00,24.4,43,2.6,320,833,920,115
1980-09-04 14:00:00,25.6,40,2.1,340,794,913,118
1980-09-04 15:00:00,26.7,33,2.6,300,696,877,120
1980-09-04 16:00:00,27.8,29,3.1,300,542,819,104
1980-09-04 17:00:00,27.2,33,3.6,300,350,705,81
1980-09-04 18:00:00,25.6,38,3.6,290,151,506,46
1980-09-04 19:00:00,22.2,53,2.6,310,19,107,9
1980-09-04 20:00:00,22.2,51,3.6,300,0,0,0
1980-09-04 21:00:00,21.1,59,3.6,340,0,0,0
1980-09-04 22:00:00,18.9,68,1.5,270,0,0,0
1980-09-04 23:00:00,17.8,73,2.6,50,0,0,0
1980-09-05 00:00:00,15.6,81,0.0,0,0,0,0
1980-09-05 01:00:00,16.7,75,0.0,0,0,0,0
1980-09-05 02:00:00,15.6,84,2.6,350,0,0,0
1980-09-05 03:00:00,13.3,90,2.1,280,0,0,0
1980-09-05 04:00:00,13.3,90,2.1,120,0,0,0
1980-09-05 05:00:00,12.8,96,2.1,140,0,0,0
1980-09-05 06:00:00,11.1,93,0.0,0,4,10,3
1980-09-05 07:00:00,13.9,90,0.0,0,126,330,77
1980-09-05 08:00:00,14.4,75,2.6,290,310,562,127
1980-09-05 09:00:00,16.1,84,2.6,250,489,736,132
1980-09-05 10:00:00,18.3,73,2.1,350,664,806,165
1980-09-05 11:00:00,20.6,66,2.1,20,667,769,117
1980-09-05 12:00:00,23.3,55,3.1,20,822,853,166
1980-09-05 13:00:00,25.0,48,2.6,360,823,861,155
1980-09-05 14:00:00,27.2,42,2.1,20,742,856,112
1980-09-05 15:00:00,28.9,37,2.6,350,624,819,91
1980-09-05 16:00:00,29.4,35,2.1,340,457,720,76
1980-09-05 17:00:00,30.0,35,1.5,30,278,570,64
1980-09-05 18:00:00,26.1,50,3.6,340,108,315,44
1980-09-05 19:00:00,22.8,59,3.1,320,9,33,6
1980-09-05 20:00:00,21.7,61,2.6,340,0,0,0
1980-09-05 21:00:00,20.6,63,3.1,300,0,0,0
1980-09-05 22:00:00,17.8,75,2.6,240,0,0,0
1980-09-05 23:00:00,16.1,84,3.1,270,0,0,0
1980-09-06 00:00:00,17.2,75,2.6,320,0,0,0
1980-09-06 01:00:00,16.1,81,2.1,330,0,0,0
1980-09-06 02:00:00,15.6,84,2.6,330,0,0,0
1980-09-06 03:00:00,13.9,90,1.5,330,0,0,0
1980-09-06 04:00:00,13.3,90,1.5,270,0,0,0
1980-09-06 05:00:00,12.8,93,2.1,290,0,0,0
1980-09-06 06:00:00,12.8,93,1.5,30,4,0,4
1980-09-06 07:00:00,13.3,93,0.0,0,79,8,78
1980-09-06 08:00:00,15.0,87,1.5,350,166,43,152
1980-09-06 09:00:00,17.2,75,2.6,330,280,38,262
1980-09-06 10:00:00,17.8,73,2.6,360,456,365,232
1980-09-06 11:00:00,21.1,61,3.1,40,699,724,184
1980-09-06 12:00:00,22.8,51,3.1,250,611,407,300
1980-09-06 13:00:00,24.4,48,2.1,240,629,474,263
1980-09-06 14:00:00,25.6,47,6.2,230,537,345,285
1980-09-06 15:00:00,26.7,44,4.1,240,598,589,217
1980-09-06 16:00:00,25.6,47,6.2,280,409,379,210
1980-09-06 17:00:00,24.4,52,5.2,270,98,6,96
1980-09-06 18:00:00,23.3,55,4.1,290,89,123,65
1980-09-06 19:00:00,21.7,61,3.1,290,9,0,9
1980-09-06 20:00:00,21.1,66,3.6,280,0,0,0
1980-09-06 21:00:00,20.0,76,2.6,270,0,0,0
1980-09-06 22:00:00,19.4,81,2.6,290,0,0,0
1980-09-06 23:00:00,18.3,84,2.1,120,0,0,0
1980-09-07 00:00:00,18.9,81,2.1,200,0,0,0
1980-09-07 01:00:00,18.3,84,2.6,240,0,0,0
1980-09-07 02:00:00,18.3,84,2.6,220,0,0,0
1980-09-07 03:00:00,17.8,90,2.1,250,0,0,0
1980-09-07 04:00:00,16.7,93,4.6,330,0,0,0
1980-09-07 05:00:00,14.4,93,5.7,330,0,0,0
1980-09-07 06:00:00,13.9,86,4.6,350,12,0,12
1980-09-07 07:00:00,13.3,83,4.1,340,105,181,79
1980-09-07 08:00:00,14.4,72,5.2,310,286,452,142
1980-09-07 09:00:00,16.1,67,5.7,310,472,615,178
1980-09-07 10:00:00,17.2,63,4.1,350,597,652,198
1980-09-07 11:00:00,18.9,57,4.6,360,703,806,132
1980-09-07 12:00:00,19.4,53,4.1,330,771,873,107
1980-09-07 13:00:00,20.0,51,6.2,300,771,883,93
1980-09-07 14:00:00,20.6,51,4.6,320,712,861,86
1980-09-07 15:00:00,20.6,53,5.7,350,604,826,74
1980-09-07 16:00:00,20.6,51,5.7,340,468,801,53
1980-09-07 17:00:00,19.4,55,7.2,340,291,671,46
1980-09-07 18:00:00,19.4,55,5.2,340,115,444,30
1980-09-07 19:00:00,17.8,63,3.6,340,10,48,5
1980-09-07 20:00:00,17.2,68,4.6,310,0,0,0
1980-09-07 21:00:00,16.1,75,5.2,320,0,0,0
1980-09-07 22:00:00,15.0,78,3.1,330,0,0,0
1980-09-07 23:00:00,13.9,80,1.5,360,0,0,0
1980-09-08 00:00:00,13.3,87,2.6,50,0,0,0
1980-09-08 01:00:00,12.2,90,2.1,30,0,0,0
1980-09-08 02:00:00,11.7,90,0.0,0,0,0,0
1980-09-08 03:00:00,11.1,93,1.5,30,0,0,0
1980-09-08 04:00:00,10.6,96,2.1,40,0,0,0
1980-09-08 05:00:00,10.0,96,1.5,80,0,0,0
1980-09-08 06:00:00,10.0,93,1.5,30,16,10,15
1980-09-08 07:00:00,11.1,93,1.5,30,84,98,70
1980-09-08 08:00:00,13.9,80,2.1,20,251,262,169
1980-09-08 09:00:00,16.1,70,1.5,60,425,435,218
1980-09-08 10:00:00,19.4,61,3.1,290,572,599,208
1980-09-08 11:00:00,22.8,51,3.6,310,691,749,164
1980-09-08 12:00:00,27.8,33,5.2,60,748,825,123
1980-09-08 13:00:00,28.9,27,8.8,50,694,643,204
1980-09-08 14:00:00,29.4,26,7.7,80,699,696,196
1980-09-08 15:00:00,30.0,25,7.2,80,620,728,147
1980-09-08 16:00:00,30.0,26,6.2,70,469,628,139
1980-09-08 17:00:00,28.3,27,6.7,80,271,472,101
1980-09-08 18:00:00,26.7,31,5.2,70,98,113,77
1980-09-08 19:00:00,25.6,32,3.6,30,15,2,15
1980-09-08 20:00:00,21.7,53,1.5,290,0,0,0
1980-09-08 21:00:00,20.0,66,3.1,310,0,0,0
1980-09-08 22:00:00,17.2,78,2.6,250,0,0,0
1980-09-08 23:00:00,15.0,84,3.1,290,0,0,0
1980-09-09 00:00:00,15.0,84,2.1,270,0,0,0
1980-09-09 01:00:00,14.4,84,2.6,300,0,0,0
1980-09-09 02:00:00,15.0,81,3.1,270,0,0,0
1980-09-09 03:00:00,13.3,87,2.6,290,0,0,0
1980-09-09 04:00:00,13.3,87,0.0,0,0,0,0
1980-09-09 05:00:00,12.2,90,1.5,290,0,0,0
1980-09-09 06:00:00,12.2,86,2.1,260,3,3,3
1980-09-09 07:00:00,13.3,90,1.5,270,70,169,47
1980-09-09 08:00:00,17.2,70,2.6,300,225,404,99
1980-09-09 09:00:00,20.6,59,3.6,300,394,654,86
1980-09-09 10:00:00,23.3,50,3.6,300,548,769,84
1980-09-09 11:00:00,25.6,47,3.1,320,661,814,92
1980-09-09 12:00:00,28.3,41,4.1,300,719,834,91
1980-09-09 13:00:00,30.0,39,4.6,300,726,831,95
1980-09-09 14:00:00,32.2,32,3.6,360,678,816,93
1980-09-09 15:00:00,32.8,31,1.5,360,581,783,86
1980-09-09 16:00:00,33.3,26,4.1,90,443,719,78
1980-09-09 17:00:00,31.7,33,1.5,330,278,609,63
1980-09-09 18:00:00,28.9,40,4.6,340,111,389,41
1980-09-09 19:00:00,26.1,45,4.6,360,8,38,4
1980-09-09 20:00:00,23.3,54,3.6,320,0,0,0
1980-09-09 21:00:00,22.2,57,3.1,300,0,0,0
1980-09-09 22:00:00,19.4,68,2.6,290,0,0,0
1980-09-09 23:00:00,19.4,66,3.1,280,0,0,0
1980-09-10 00:00:00,17.2,75,2.1,280,0,0,0
1980-09-10 01:00:00,16.1,78,2.1,320,0,0,0
1980-09-10 02:00:00,16.7,75,2.6,290,0,0,0
1980-09-10 03:00:00,16.1,78,0.0,0,0,0,0
1980-09-10 04:00:00,16.1,84,0.0,0,0,0,0
1980-09-10 05:00:00,15.6,81,0.0,0,0,0,0
1980-09-10 06:00:00,15.0,84,0.0,0,3,0,3
1980-09-10 07:00:00,16.1,84,1.5,110,53,89,41
1980-09-10 08:00:00,19.4,66,0.0,0,219,402,95
1980-09-10 09:00:00,21.1,57,0.0,0,386,668,73
1980-09-10 10:00:00,23.3,52,1.5,340,521,721,88
1980-09-10 11:00:00,25.0,47,0.0,0,641,799,84
1980-09-10 12:00:00,27.2,39,2.6,330,701,827,81
1980-09-10 13:00:00,28.9,38,3.1,310,710,816,94
1980-09-10 14:00:00,29.4,39,4.1,300,662,804,89
1980-09-10 15:00:00,30.6,35,4.1,330,560,751,89
1980-09-10 16:00:00,30.6,35,5.7,350,433,699,81
1980-09-10 17:00:00,28.9,33,6.7,340,274,610,61
1980-09-10 18:00:00,26.1,35,5.7,340,111,413,39
1980-09-10 19:00:00,23.3,43,3.6,340,11,73,3
1980-09-10 20:00:00,21.1,47,3.1,340,0,0,0
1980-09-10 21:00:00,18.3,63,2.6,340,0,0,0
1980-09-10 22:00:00,16.1,75,2.6,290,0,0,0
1980-09-10 23:00:00,13.9,83,3.1,300,0,0,0
1980-09-11 00:00:00,15.0,81,3.6,340,0,0,0
1980-09-11 01:00:00,13.9,83,1.5,210,0,0,0
1980-09-11 02:00:00,13.9,87,0.0,0,0,0,0
1980-09-11 03:00:00,13.3,87,1.5,110,0,0,0
1980-09-11 04:00:00,12.8,90,2.1,120,0,0,0
1980-09-11 05:00:00,13.3,90,2.6,50,0,0,0
1980-09-11 06:00:00,12.8,93,2.1,120,3,19,1
1980-09-11 07:00:00,13.3,90,2.1,110,44,3,44
1980-09-11 08:00:00,16.1,81,2.6,90,228,457,89
1980-09-11 09:00:00,17.2,73,3.1,70,343,424,146
1980-09-11 10:00:00,18.3,65,3.1,60,496,533,178
1980-09-11 11:00:00,20.0,59,3.1,220,489,463,168
1980-09-11 12:00:00,21.1,53,2.6,50,641,434,318
1980-09-11 13:00:00,21.7,51,2.1,260,405,4,402
1980-09-11 14:00:00,22.8,50,1.5,340,540,316,316
1980-09-11 15:00:00,23.3,50,2.1,290,571,786,82
1980-09-11 16:00:00,23.9,48,4.1,330,438,706,87
1980-09-11 17:00:00,23.9,50,4.1,330,239,440,88
1980-09-11 18:00:00,22.2,55,4.6,360,114,394,47
1980-09-11 19:00:00,20.6,61,3.6,360,6,6,5
1980-09-11 20:00:00,18.9,65,3.1,340,0,0,0
1980-09-11 21:00:00,17.8,70,3.6,340,0,0,0
1980-09-11 22:00:00,17.8,70,4.1,320,0,0,0
1980-09-11 23:00:00,16.7,73,4.1,330,0,0,0
1980-09-12 00:00:00,16.7,73,3.6,330,0,0,0
1980-09-12 01:00:00,16.1,75,2.6,310,0,0,0
1980-09-12 02:00:00,15.6,81,2.1,250,0,0,0
1980-09-12 03:00:00,16.1,75,1.5,330,0,0,0
1980-09-12 04:00:00,16.1,75,0.0,0,0,0,0
1980-09-12 05:00:00,15.6,84,2.1,320,0,0,0
1980-09-12 06:00:00,15.0,90,1.5,250,3,0,3
1980-09-12 07:00:00,15.0,93,0.0,0,18,1,18
1980-09-12 08:00:00,15.0,93,0.0,0,66,1,66
1980-09-12 09:00:00,16.1,90,2.1,270,188,44,168
1980-09-12 10:00:00,18.3,78,2.1,360,347,194,232
1980-09-12 11:00:00,19.4,70,2.6,40,421,218,271
1980-09-12 12:00:00,21.1,61,3.1,340,604,570,182
1980-09-12 13:00:00,22.2,55,3.6,340,352,146,243
1980-09-12 14:00:00,21.7,57,3.1,30,434,288,231
1980-09-12 15:00:00,21.7,59,2.6,210,223,11,216
1980-09-12 16:00:00,21.7,59,3.1,300,351,264,221
1980-09-12 17:00:00,19.4,66,6.7,350,193,310,89
1980-09-12 18:00:00,18.3,65,6.2,340,103,386,40
1980-09-12 19:00:00,16.1,65,7.7,320,8,39,4
1980-09-12 20:00:00,14.4,72,6.2,300,0,0,0
1980-09-12 21:00:00,13.9,75,4.1,300,0,0,0
1980-09-12 22:00:00,13.9,69,4.6,310,0,0,0
1980-09-12 23:00:00,13.3,72,4.1,270,0,0,0
1980-09-13 00:00:00,13.3,72,1.5,310,0,0,0
1980-09-13 01:00:00,13.3,72,2.1,230,0,0,0
1980-09-13 02:00:00,13.3,69,2.1,230,0,0,0
1980-09-13 03:00:00,12.8,72,2.1,270,0,0,0
1980-09-13 04:00:00,12.8,69,3.1,240,0,0,0
1980-09-13 05:00:00,12.2,77,4.1,170,0,0,0
1980-09-13 06:00:00,11.7,80,3.1,170,2,0,2
1980-09-13 07:00:00,11.7,80,0.0,0,12,0,12
1980-09-13 08:00:00,12.2,77,3.6,190,29,0,29
1980-09-13 09:00:00,12.2,77,3.1,170,40,0,40
1980-09-13 10:00:00,12.8,77,2.6,190,109,0,109
1980-09-13 11:00:00,13.9,72,2.1,170,203,1,202
1980-09-13 12:00:00,14.4,70,4.1,180,169,0,169
1980-09-13 13:00:00,15.0,65,2.1,210,144,0,144
1980-09-13 14:00:00,15.0,65,2.1,220,101,0,101
1980-09-13 15:00:00,15.0,65,0.0,0,187,3,185
1980-09-13 16:00:00,14.4,72,0.0,0,100,1,100
1980-09-13 17:00:00,15.0,72,2.1,180,52,0,52
1980-09-13 18:00:00,14.4,72,2.1,230,19,0,19
1980-09-13 19:00:00,14.4,72,0.0,0,3,0,3
1980-09-13 20:00:00,13.9,87,2.6,270,0,0,0
1980-09-13 21:00:00,13.9,83,2.1,30,0,0,0
1980-09-13 22:00:00,13.9,83,2.1,60,0,0,0
1980-09-13 23:00:00,13.3,87,2.6,280,0,0,0
1980-09-14 00:00:00,13.3,87,2.6,330,0,0,0
1980-09-14 01:00:00,12.8,90,2.6,330,0,0,0
1980-09-14 02:00:00,12.8,90,2.6,340,0,0,0
1980-09-14 03:00:00,12.8,90,2.1,330,0,0,0
1980-09-14 04:00:00,12.2,93,1.5,310,0,0,0
1980-09-14 05:00:00,12.2,93,0.0,0,0,0,0
1980-09-14 06:00:00,12.2,93,0.0,0,3,0,3
1980-09-14 07:00:00,12.2,93,3.6,10,22,1,22
1980-09-14 08:00:00,13.9,87,2.6,10,169,99,140
1980-09-14 09:00:00,14.4,87,2.1,300,217,88,177
1980-09-14 10:00:00,15.6,84,1.5,290,261,52,231
1980-09-14 11:00:00,18.3,70,1.5,300,603,618,183
1980-09-14 12:00:00,20.6,66,2.1,240,698,834,87
1980-09-14 13:00:00,20.6,66,2.1,240,713,831,101
1980-09-14 14:00:00,23.3,52,3.6,320,709,817,142
1980-09-14 15:00:00,24.4,45,4.1,320,626,770,159
1980-09-14 16:00:00,24.4,47,2.6,310,434,709,93
1980-09-14 17:00:00,23.9,43,2.6,320,250,611,51
1980-09-14 18:00:00,22.2,53,3.6,300,89,391,30
1980-09-14 19:00:00,20.0,66,2.6,310,2,36,0
1980-09-14 20:00:00,17.8,73,2.6,50,0,0,0
1980-09-14 21:00:00,17.2,78,2.6,130,0,0,0
1980-09-14 22:00:00,15.6,81,2.6,250,0,0,0
1980-09-14 23:00:00,15.0,84,1.5,230,0,0,0
1980-09-15 00:00:00,13.3,93,1.5,180,0,0,0
1980-09-15 01:00:00,11.7,96,2.1,270,0,0,0
1980-09-15 02:00:00,11.7,96,0.0,0,0,0,0
1980-09-15 03:00:00,10.6,96,2.1,270,0,0,0
1980-09-15 04:00:00,10.6,96,1.5,260,0,0,0
1980-09-15 05:00:00,10.0,100,1.5,240,0,0,0
1980-09-15 06:00:00,9.4,96,1.5,230,4,5,3
1980-09-15 07:00:00,11.1,93,0.0,0,57,101,46
1980-09-15 08:00:00,13.3,90,2.1,260,230,598,56
1980-09-15 09:00:00,15.0,78,2.1,270,350,458,145
1980-09-15 10:00:00,16.7,67,2.6,250,534,757,95
1980-09-15 11:00:00,20.0,59,2.1,240,625,624,203
1980-09-15 12:00:00,22.2,53,2.6,320,711,797,130
1980-09-15 13:00:00,23.9,52,2.6,280,711,849,90
1980-09-15 14:00:00,26.1,45,3.6,280,668,872,68
1980-09-15 15:00:00,27.2,33,4.6,290,560,788,86
1980-09-15 16:00:00,27.8,25,4.1,320,427,757,67
1980-09-15 17:00:00,26.7,36,4.1,300,261,666,48
1980-09-15 18:00:00,25.6,45,5.2,310,92,424,30
1980-09-15 19:00:00,22.8,53,2.6,320,4,37,0
1980-09-15 20:00:00,17.8,75,4.1,270,0,0,0
1980-09-15 21:00:00,17.2,78,4.1,260,0,0,0
1980-09-15 22:00:00,17.2,84,2.6,100,0,0,0
1980-09-15 23:00:00,15.6,84,2.6,90,0,0,0
1980-09-16 00:00:00,15.0,81,1.5,120,0,0,0
1980-09-16 01:00:00,14.4,84,0.0,0,0,0,0
1980-09-16 02:00:00,13.9,80,0.0,0,0,0,0
1980-09-16 03:00:00,12.8,86,1.5,120,0,0,0
1980-09-16 04:00:00,12.8,83,2.1,150,0,0,0
1980-09-16 05:00:00,11.7,86,0.0,0,0,0,0
1980-09-16 06:00:00,11.1,93,0.0,0,3,0,3
1980-09-16 07:00:00,12.8,86,2.1,130,59,248,32
1980-09-16 08:00:00,15.6,78,2.1,100,201,541,46
1980-09-16 09:00:00,17.8,61,2.6,60,360,660,66
1980-09-16 10:00:00,20.0,57,2.6,140,503,755,67
1980-09-16 11:00:00,21.7,53,2.1,330,599,752,94
1980-09-16 12:00:00,23.3,52,2.6,320,665,787,96
1980-09-16 13:00:00,25.6,42,3.1,260,687,836,79
1980-09-16 14:00:00,26.7,42,1.5,330,648,858,61
1980-09-16 15:00:00,27.8,37,2.6,340,544,815,58
1980-09-16 16:00:00,28.9,33,1.5,130,398,717,61
1980-09-16 17:00:00,28.9,32,2.1,290,228,568,50
1980-09-16 18:00:00,27.8,37,1.5,30,74,280,35
1980-09-16 19:00:00,23.3,55,2.1,300,4,11,3
1980-09-16 20:00:00,22.8,53,3.6,300,0,0,0
1980-09-16 21:00:00,19.4,66,3.1,260,0,0,0
1980-09-16 22:00:00,17.8,73,2.6,280,0,0,0
1980-09-16 23:00:00,15.6,84,2.1,260,0,0,0
1980-09-17 00:00:00,16.7,78,0.0,0,0,0,0
1980-09-17 01:00:00,16.1,81,0.0,0,0,0,0
1980-09-17 02:00:00,14.4,90,2.6,140,0,0,0
1980-09-17 03:00:00,13.3,96,3.1,100,0,0,0
1980-09-17 04:00:00,13.3,90,2.1,120,0,0,0
1980-09-17 05:00:00,13.3,83,1.5,160,0,0,0
1980-09-17 06:00:00,11.7,93,1.5,300,3,0,3
1980-09-17 07:00:00,12.8,90,3.1,310,49,83,40
1980-09-17 08:00:00,13.9,87,2.6,340,198,382,90
1980-09-17 09:00:00,15.0,81,1.5,280,371,498,151
1980-09-17 10:00:00,17.2,70,2.6,340,414,474,142
1980-09-17 11:00:00,18.9,63,2.6,10,623,794,93
1980-09-17 12:00:00,21.1,55,2.6,270,679,814,94
1980-09-17 13:00:00,22.2,51,2.6,340,688,831,88
1980-09-17 14:00:00,23.3,50,2.6,300,643,832,78
1980-09-17 15:00:00,24.4,45,2.6,340,543,797,72
1980-09-17 16:00:00,25.0,43,4.1,280,399,697,75
1980-09-17 17:00:00,23.9,52,5.2,300,231,558,59
1980-09-17 18:00:00,21.7,61,3.6,290,72,273,35
1980-09-17 19:00:00,20.6,63,3.6,310,3,11,2
1980-09-17 20:00:00,18.3,70,4.1,300,0,0,0
1980-09-17 21:00:00,17.2,75,4.1,330,0,0,0
1980-09-17 22:00:00,16.1,81,3.6,290,0,0,0
1980-09-17 23:00:00,15.6,84,3.1,340,0,0,0
1980-09-18 00:00:00,15.6,84,4.6,310,0,0,0
1980-09-18 01:00:00,15.6,84,4.6,330,0,0,0
1980-09-18 02:00:00,15.0,84,1.5,150,0,0,0
1980-09-18 03:00:00,15.6,84,0.0,0,0,0,0
1980-09-18 04:00:00,15.6,84,2.1,200,0,0,0
1980-09-18 05:00:00,14.4,87,5.7,200,0,0,0
1980-09-18 06:00:00,13.9,93,4.6,160,0,0,0
1980-09-18 07:00:00,13.9,93,3.6,150,5,0,5
1980-09-18 08:00:00,13.9,93,4.1,220,27,0,27
1980-09-18 09:00:00,13.9,90,1.5,180,32,0,32
1980-09-18 10:00:00,14.4,90,5.2,180,86,1,85
1980-09-18 11:00:00,15.0,87,4.6,170,103,0,103
1980-09-18 12:00:00,14.4,93,3.6,170,68,0,68
1980-09-18 13:00:00,15.0,90,3.1,190,69,0,69
1980-09-18 14:00:00,15.0,93,4.6,190,54,0,54
1980-09-18 15:00:00,15.6,90,4.1,210,56,0,56
1980-09-18 16:00:00,15.6,90,5.7,190,74,1,74
1980-09-18 17:00:00,15.6,87,5.2,200,50,0,50
1980-09-18 18:00:00,15.0,90,5.2,190,16,0,16
1980-09-18 19:00:00,15.0,87,5.7,190,2,0,2
1980-09-18 20:00:00,14.4,90,4.6,200,0,0,0
1980-09-18 21:00:00,14.4,90,4.6,210,0,0,0
1980-09-18 22:00:00,14.4,93,4.1,200,0,0,0
1980-09-18 23:00:00,14.4,93,2.1,200,0,0,0
1980-09-19 00:00:00,14.4,93,2.6,200,0,0,0
1980-09-19 01:00:00,14.4,93,3.6,180,0,0,0
1980-09-19 02:00:00,14.4,93,4.1,190,0,0,0
1980-09-19 03:00:00,14.4,93,2.6,190,0,0,0
1980-09-19 04:00:00,14.4,93,3.1,180,0,0,0
1980-09-19 05:00:00,14.4,93,2.6,180,0,0,0
1980-09-19 06:00:00,14.4,93,2.6,170,0,0,0
1980-09-19 07:00:00,15.0,90,3.1,170,13,0,13
1980-09-19 08:00:00,15.6,87,4.1,210,34,0,34
1980-09-19 09:00:00,15.6,90,4.6,190,52,0,52
1980-09-19 10:00:00,15.6,87,3.1,230,75,1,74
1980-09-19 11:00:00,17.2,78,4.6,200,164,1,163
1980-09-19 12:00:00,17.2,78,5.7,190,98,0,98
1980-09-19 13:00:00,17.8,68,4.1,230,117,1,116
1980-09-19 14:00:00,17.8,68,9.8,220,102,0,102
1980-09-19 15:00:00,17.8,65,8.8,200,78,0,78
1980-09-19 16:00:00,17.2,70,8.8,200,40,0,40
1980-09-19 17:00:00,16.1,78,5.7,200,13,0,13
1980-09-19 18:00:00,15.6,84,4.6,200,3,0,3
1980-09-19 19:00:00,13.9,93,3.1,200,0,0,0
1980-09-19 20:00:00,14.4,93,5.2,200,0,0,0
1980-09-19 21:00:00,13.9,93,5.2,190,0,0,0
1980-09-19 22:00:00,13.9,93,7.2,200,0,0,0
1980-09-19 23:00:00,13.9,93,5.7,220,0,0,0
1980-09-20 00:00:00,12.8,93,3.1,230,0,0,0
1980-09-20 01:00:00,12.8,93,2.1,90,0,0,0
1980-09-20 02:00:00,12.8,96,2.6,90,0,0,0
1980-09-20 03:00:00,12.2,93,3.1,190,0,0,0
1980-09-20 04:00:00,12.2,93,1.5,150,0,0,0
1980-09-20 05:00:00,12.2,93,3.1,160,0,0,0
1980-09-20 06:00:00,12.2,93,2.1,190,0,0,0
1980-09-20 07:00:00,12.8,93,2.6,190,21,1,21
1980-09-20 08:00:00,13.9,90,5.2,200,54,9,53
1980-09-20 09:00:00,13.9,90,5.2,200,143,1,150
1980-09-20 10:00:00,15.6,81,5.2,210,241,20,229
1980-09-20 11:00:00,15.0,84,5.2,230,203,1,217
1980-09-20 12:00:00,17.2,73,6.2,240,280,16,265
1980-09-20 13:00:00,15.0,87,7.2,360,217,90,154
1980-09-20 14:00:00,16.1,84,6.2,340,214,45,184
1980-09-20 15:00:00,17.2,68,3.1,300,388,181,282
1980-09-20 16:00:00,17.2,70,1.5,240,295,363,136
1980-09-20 17:00:00,16.7,75,2.6,240,89,5,86
1980-09-20 18:00:00,16.1,70,4.6,340,44,51,38
1980-09-20 19:00:00,15.0,72,5.2,290,0,0,1
1980-09-20 20:00:00,14.4,70,4.1,320,0,0,0
1980-09-20 21:00:00,13.9,72,2.6,310,0,0,0
1980-09-20 22:00:00,13.9,75,3.6,320,0,0,0
1980-09-20 23:00:00,12.8,86,1.5,180,0,0,0
1980-09-21 00:00:00,12.8,86,1.5,270,0,0,0
1980-09-21 01:00:00,12.2,83,2.1,300,0,0,0
1980-09-21 02:00:00,11.1,93,4.1,200,0,0,0
1980-09-21 03:00:00,11.1,93,3.6,170,0,0,0
1980-09-21 04:00:00,10.6,96,3.6,200,0,0,0
1980-09-21 05:00:00,11.1,93,3.1,130,0,0,0
1980-09-21 06:00:00,11.1,93,3.6,170,0,0,0
1980-09-21 07:00:00,11.7,93,1.5,180,23,12,22
1980-09-21 08:00:00,12.2,90,3.1,170,88,21,83
1980-09-21 09:00:00,13.9,80,2.6,160,248,218,154
1980-09-21 10:00:00,15.0,75,3.1,60,474,527,182
1980-09-21 11:00:00,15.6,67,3.1,50,558,560,196
1980-09-21 12:00:00,16.7,60,3.6,290,456,132,360
1980-09-21 13:00:00,17.8,61,4.1,50,592,456,276
1980-09-21 14:00:00,17.2,58,3.1,40,337,122,256
1980-09-21 15:00:00,17.8,56,3.1,10,201,1,214
1980-09-21 16:00:00,17.8,54,2.1,360,216,136,157
1980-09-21 17:00:00,17.8,54,3.1,330,162,157,119
1980-09-21 18:00:00,16.7,60,2.6,10,40,128,31
1980-09-21 19:00:00,15.0,70,0.0,0,0,1,0
1980-09-21 20:00:00,12.8,80,2.1,190,0,0,0
1980-09-21 21:00:00,12.2,83,2.1,300,0,0,0
1980-09-21 22:00:00,12.8,80,2.1,150,0,0,0
1980-09-21 23:00:00,10.6,90,2.1,140,0,0,0
1980-09-22 00:00:00,10.0,93,2.6,340,0,0,0
1980-09-22 01:00:00,9.4,93,3.1,160,0,0,0
1980-09-22 02:00:00,8.3,96,3.1,160,0,0,0
1980-09-22 03:00:00,7.8,100,3.6,160,0,0,0
1980-09-22 04:00:00,7.8,96,3.1,250,0,0,0
1980-09-22 05:00:00,7.2,96,3.1,180,0,0,0
1980-09-22 06:00:00,7.8,100,3.1,180,0,0,0
1980-09-22 07:00:00,9.4,93,3.1,150,33,17,31
1980-09-22 08:00:00,9.4,96,1.5,60,115,116,85
1980-09-22 09:00:00,10.6,93,1.5,120,134,9,130
1980-09-22 10:00:00,11.1,90,0.0,0,392,231,265
1980-09-22 11:00:00,15.0,72,2.6,280,525,483,213
1980-09-22 12:00:00,16.7,65,2.6,320,689,686,211
1980-09-22 13:00:00,18.3,54,1.5,290,678,816,111
1980-09-22 14:00:00,20.0,44,5.2,310,603,764,108
1980-09-22 15:00:00,21.7,49,4.1,320,491,612,147
1980-09-22 16:00:00,21.1,55,3.1,360,365,625,93
1980-09-22 17:00:00,20.6,57,4.1,360,163,304,77
1980-09-22 18:00:00,20.0,61,3.1,360,58,228,31
1980-09-22 19:00:00,19.4,63,3.1,350,1,1,1
1980-09-22 20:00:00,18.3,68,2.1,280,0,0,0
1980-09-22 21:00:00,17.8,73,2.1,280,0,0,0
1980-09-22 22:00:00,17.8,73,2.6,320,0,0,0
1980-09-22 23:00:00,16.7,78,3.6,310,0,0,0
1980-09-23 00:00:00,16.1,84,3.1,270,0,0,0
1980-09-23 01:00:00,16.1,84,2.6,340,0,0,0
1980-09-23 02:00:00,15.0,90,4.1,290,0,0,0
1980-09-23 03:00:00,15.6,87,4.1,310,0,0,0
1980-09-23 04:00:00,15.6,87,3.6,330,0,0,0
1980-09-23 05:00:00,15.6,87,3.1,300,0,0,0
1980-09-23 06:00:00,15.6,87,5.2,310,0,0,0
1980-09-23 07:00:00,15.6,87,2.6,310,21,13,20
1980-09-23 08:00:00,16.1,84,3.1,300,141,140,104
1980-09-23 09:00:00,16.7,84,3.1,300,198,99,158
1980-09-23 10:00:00,17.8,78,2.6,320,207,1,207
1980-09-23 11:00:00,20.0,66,2.6,310,404,265,233
1980-09-23 12:00:00,20.6,63,2.6,320,564,366,309
1980-09-23 13:00:00,21.7,57,4.1,350,673,684,195
1980-09-23 14:00:00,21.7,57,5.2,310,620,758,139
1980-09-23 15:00:00,22.2,57,5.2,310,520,709,124
1980-09-23 16:00:00,22.2,55,6.7,320,379,620,101
1980-09-23 17:00:00,21.1,59,5.7,350,213,442,74
1980-09-23 18:00:00,18.9,65,6.7,340,50,190,31
1980-09-23 19:00:00,17.2,73,4.1,300,0,0,0
1980-09-23 20:00:00,16.1,78,4.1,300,0,0,0
1980-09-23 21:00:00,15.0,81,5.2,320,0,0,0
1980-09-23 22:00:00,14.4,81,4.1,310,0,0,0
1980-09-23 23:00:00,13.9,83,3.6,340,0,0,0
1980-09-24 00:00:00,13.3,83,4.6,340,0,0,0
1980-09-24 01:00:00,13.3,83,3.6,360,0,0,0
1980-09-24 02:00:00,12.2,86,2.6,360,0,0,0
1980-09-24 03:00:00,12.2,86,3.1,350,0,0,0
1980-09-24 04:00:00,12.2,86,3.1,20,0,0,0
1980-09-24 05:00:00,11.1,96,3.1,80,0,0,0
1980-09-24 06:00:00,10.6,100,3.1,280,0,0,0
1980-09-24 07:00:00,11.1,96,3.6,340,35,14,34
1980-09-24 08:00:00,11.7,93,2.1,310,156,206,104
1980-09-24 09:00:00,13.3,83,2.1,330,302,405,134
1980-09-24 10:00:00,14.4,81,2.6,110,325,281,171
1980-09-24 11:00:00,16.7,73,2.6,120,598,747,124
1980-09-24 12:00:00,18.3,70,1.5,270,696,888,86
1980-09-24 13:00:00,21.1,55,2.6,280,661,721,166
1980-09-24 14:00:00,21.7,55,4.6,340,645,876,82
1980-09-24 15:00:00,22.8,53,3.6,320,537,839,73
1980-09-24 16:00:00,22.8,53,4.6,320,388,772,60
1980-09-24 17:00:00,21.1,59,5.2,330,214,635,44
1980-09-24 18:00:00,20.0,63,4.6,320,54,265,29
1980-09-24 19:00:00,18.3,70,5.2,320,0,0,0
1980-09-24 20:00:00,16.7,75,2.6,320,0,0,0
1980-09-24 21:00:00,16.1,72,3.1,320,0,0,0
1980-09-24 22:00:00,15.6,75,4.1,320,0,0,0
1980-09-24 23:00:00,13.9,83,3.1,310,0,0,0
1980-09-25 00:00:00,13.9,80,3.1,300,0,0,0
1980-09-25 01:00:00,11.7,90,2.6,290,0,0,0
1980-09-25 02:00:00,11.1,90,0.0,0,0,0,0
1980-09-25 03:00:00,9.4,96,2.6,300,0,0,0
1980-09-25 04:00:00,11.1,86,2.1,310,0,0,0
1980-09-25 05:00:00,8.9,96,2.6,290,0,0,0
1980-09-25 06:00:00,9.4,96,3.1,280,0,0,0
1980-09-25 07:00:00,12.2,90,4.1,290,45,158,31
1980-09-25 08:00:00,14.4,84,4.1,280,176,402,75
1980-09-25 09:00:00,17.8,68,3.1,300,353,579,115
1980-09-25 10:00:00,21.7,49,2.6,130,455,477,197
1980-09-25 11:00:00,25.0,36,7.7,90,524,367,292
1980-09-25 12:00:00,26.7,31,10.8,90,642,536,277
1980-09-25 13:00:00,26.7,29,12.4,90,655,285,460
1980-09-25 14:00:00,26.7,30,10.3,90,453,429,180
1980-09-25 15:00:00,27.2,29,7.2,80,502,592,178
1980-09-25 16:00:00,27.2,28,8.2,100,372,707,76
1980-09-25 17:00:00,25.6,30,6.2,100,198,308,117
1980-09-25 18:00:00,23.9,31,6.2,100,44,73,37
1980-09-25 19:00:00,22.2,35,5.7,110,0,0,0
1980-09-25 20:00:00,20.6,41,4.1,110,0,0,0
1980-09-25 21:00:00,20.0,44,2.1,120,0,0,0
1980-09-25 22:00:00,17.8,61,0.0,0,0,0,0
1980-09-25 23:00:00,15.6,70,2.1,290,0,0,0
1980-09-26 00:00:00,14.4,75,3.6,280,0,0,0
1980-09-26 01:00:00,14.4,78,2.1,310,0,0,0
1980-09-26 02:00:00,13.9,80,0.0,0,0,0,0
1980-09-26 03:00:00,12.8,86,2.1,290,0,0,0
1980-09-26 04:00:00,12.2,90,2.6,160,0,0,0
1980-09-26 05:00:00,12.2,93,1.5,230,0,0,0
1980-09-26 06:00:00,11.7,93,1.5,250,0,0,0
1980-09-26 07:00:00,12.2,90,1.5,280,33,13,32
1980-09-26 08:00:00,14.4,90,1.5,310,96,39,86
1980-09-26 09:00:00,19.4,63,2.6,80,320,598,77
1980-09-26 10:00:00,22.2,53,3.6,150,471,748,70
1980-09-26 11:00:00,23.9,46,4.1,180,580,781,89
1980-09-26 12:00:00,23.9,45,2.1,180,609,635,179
1980-09-26 13:00:00,25.6,44,5.7,240,516,353,277
1980-09-26 14:00:00,26.1,44,5.2,220,469,413,208
1980-09-26 15:00:00,25.0,45,4.6,200,307,109,248
1980-09-26 16:00:00,25.0,45,4.1,180,215,83,181
1980-09-26 17:00:00,24.4,47,3.6,190,111,28,104
1980-09-26 18:00:00,22.8,50,3.1,190,62,157,47
1980-09-26 19:00:00,20.0,68,3.6,360,0,0,0
1980-09-26 20:00:00,17.8,73,2.6,330,0,0,0
1980-09-26 21:00:00,15.6,81,3.1,310,0,0,0
1980-09-26 22:00:00,15.6,81,2.1,310,0,0,0
1980-09-26 23:00:00,15.0,84,1.5,320,0,0,0
1980-09-27 00:00:00,12.8,86,2.1,270,0,0,0
1980-09-27 01:00:00,12.2,93,0.0,0,0,0,0
1980-09-27 02:00:00,13.9,90,1.5,340,0,0,0
1980-09-27 03:00:00,13.9,87,0.0,0,0,0,0
1980-09-27 04:00:00,13.9,87,2.1,190,0,0,0
1980-09-27 05:00:00,13.9,87,3.1,190,0,0,0
1980-09-27 06:00:00,13.9,83,2.6,190,0,0,0
1980-09-27 07:00:00,13.9,83,2.6,160,9,0,9
1980-09-27 08:00:00,13.9,83,2.1,170,33,0,33
1980-09-27 09:00:00,14.4,84,3.1,170,64,0,64
1980-09-27 10:00:00,15.6,78,2.6,140,139,1,138
1980-09-27 11:00:00,15.6,72,4.1,180,119,0,119
1980-09-27 12:00:00,15.6,72,2.6,180,121,0,121
1980-09-27 13:00:00,16.1,70,3.6,170,204,0,204
1980-09-27 14:00:00,16.1,72,3.6,160,345,56,310
1980-09-27 15:00:00,16.1,72,4.6,200,246,38,226
1980-09-27 16:00:00,16.1,72,3.6,170,101,0,101
1980-09-27 17:00:00,16.1,72,4.1,100,72,0,72
1980-09-27 18:00:00,15.6,81,4.6,110,30,0,30
1980-09-27 19:00:00,15.0,84,4.1,110,0,0,0
1980-09-27 20:00:00,15.0,84,4.6,100,0,0,0
1980-09-27 21:00:00,15.0,84,3.6,140,0,0,0
1980-09-27 22:00:00,14.4,87,3.1,120,0,0,0
1980-09-27 23:00:00,14.4,87,3.6,120,0,0,0
1980-09-28 00:00:00,14.4,87,3.1,130,0,0,0
1980-09-28 01:00:00,13.9,90,2.1,140,0,0,0
1980-09-28 02:00:00,13.3,96,3.1,110,0,0,0
1980-09-28 03:00:00,13.3,96,3.1,120,0,0,0
1980-09-28 04:00:00,13.3,96,3.1,100,0,0,0
1980-09-28 05:00:00,13.9,93,0.0,0,0,0,0
1980-09-28 06:00:00,13.9,93,0.0,0,0,0,0
1980-09-28 07:00:00,13.9,96,2.6,110,16,0,16
1980-09-28 08:00:00,15.0,93,3.1,120,71,1,71
1980-09-28 09:00:00,15.6,93,3.1,130,129,3,128
1980-09-28 10:00:00,16.7,87,3.6,110,310,89,263
1980-09-28 11:00:00,18.9,76,2.6,200,298,85,245
1980-09-28 12:00:00,20.0,71,5.2,180,300,43,271
1980-09-28 13:00:00,20.6,71,4.1,270,179,3,177
1980-09-28 14:00:00,21.7,61,3.6,210,203,1,202
1980-09-28 15:00:00,21.7,59,3.6,200,195,6,192
1980-09-28 16:00:00,21.7,59,4.6,220,287,277,176
1980-09-28 17:00:00,22.2,55,5.2,210,127,164,87
1980-09-28 18:00:00,20.6,61,2.1,190,26,74,19
1980-09-28 19:00:00,17.2,75,2.6,90,0,0,0
1980-09-28 20:00:00,17.2,81,2.1,130,0,0,0
1980-09-28 21:00:00,16.1,87,2.1,160,0,0,0
1980-09-28 22:00:00,15.0,90,3.1,120,0,0,0
1980-09-28 23:00:00,14.4,93,3.6,120,0,0,0
1980-09-29 00:00:00,14.4,93,4.1,110,0,0,0
1980-09-29 01:00:00,13.9,90,2.6,140,0,0,0
1980-09-29 02:00:00,12.8,93,1.5,150,0,0,0
1980-09-29 03:00:00,11.7,93,0.0,0,0,0,0
1980-09-29 04:00:00,10.6,96,2.1,190,0,0,0
1980-09-29 05:00:00,11.1,93,2.1,180,0,0,0
1980-09-29 06:00:00,10.0,96,2.6,150,0,0,0
1980-09-29 07:00:00,10.6,93,1.5,170,24,25,22
1980-09-29 08:00:00,15.0,75,2.1,70,163,397,69
1980-09-29 09:00:00,16.7,73,4.1,120,323,697,48
1980-09-29 10:00:00,17.8,75,4.1,90,465,789,52
1980-09-29 11:00:00,21.1,61,3.1,260,555,783,74
1980-09-29 12:00:00,22.2,59,3.1,180,601,763,96
1980-09-29 13:00:00,23.3,55,3.1,50,597,761,93
1980-09-29 14:00:00,24.4,50,3.1,120,555,773,79
1980-09-29 15:00:00,24.4,48,2.6,360,467,782,57
1980-09-29 16:00:00,25.0,43,2.6,360,303,548,86
1980-09-29 17:00:00,22.8,51,2.1,120,137,313,62
1980-09-29 18:00:00,22.2,37,4.6,220,26,41,22
1980-09-29 19:00:00,21.7,61,5.2,240,0,0,0
1980-09-29 20:00:00,21.1,66,3.1,270,0,0,0
1980-09-29 21:00:00,20.0,68,0.0,0,0,0,0
1980-09-29 22:00:00,17.8,84,2.1,40,0,0,0
1980-09-29 23:00:00,17.2,90,3.1,80,0,0,0
1980-09-30 00:00:00,17.2,93,3.1,100,0,0,0
1980-09-30 01:00:00,17.2,90,3.1,140,0,0,0
1980-09-30 02:00:00,16.7,93,3.1,190,0,0,0
1980-09-30 03:00:00,16.7,90,1.5,170,0,0,0
1980-09-30 04:00:00,15.6,93,1.5,220,0,0,0
1980-09-30 05:00:00,15.6,93,0.0,0,0,0,0
1980-09-30 06:00:00,15.6,93,1.5,160,0,0,0
1980-09-30 07:00:00,15.0,93,1.5,280,22,0,22
1980-09-30 08:00:00,16.7,90,0.0,0,129,75,112
1980-09-30 09:00:00,17.8,78,0.0,0,269,158,207
1980-09-30 10:00:00,18.3,75,0.0,0,281,91,234
1980-09-30 11:00:00,19.4,68,0.0,0,351,117,280
1980-09-30 12:00:00,20.0,63,1.5,300,386,119,308
1980-09-30 13:00:00,21.1,61,2.6,20,499,361,262
1980-09-30 14:00:00,21.7,46,3.1,270,581,676,169
1980-09-30 15:00:00,22.8,57,2.6,340,470,725,94
1980-09-30 16:00:00,22.2,46,2.6,240,318,597,85
1980-09-30 17:00:00,22.2,48,2.1,30,168,406,74
1980-09-30 18:00:00,20.6,57,3.1,350,35,120,24
1980-09-30 19:00:00,19.4,55,5.7,340,0,0,0
1980-09-30 20:00:00,17.8,65,4.6,340,0,0,0
1980-09-30 21:00:00,16.7,75,5.2,340,0,0,0
1980-09-30 22:00:00,16.9,81,4.8,320,0,0,0
1980-09-30 23:00:00,17.0,87,4.5,250,0,0,0
1980-10-01 00:00:00,17.2,90,4.1,50,0,0,0
2000-10-01 01:00:00,17.3,90,3.7,230,0,0,0
2000-10-01 02:00:00,17.5,90,3.3,240,0,0,0
2000-10-01 03:00:00,17.6,93,3.0,250,0,0,0
2000-10-01 04:00:00,17.8,93,2.6,270,0,0,0
2000-10-01 05:00:00,17.2,97,1.5,320,0,0,0
2000-10-01 06:00:00,17.2,97,3.1,310,0,0,0
2000-10-01 07:00:00,16.1,87,6.2,330,15,113,9
2000-10-01 08:00:00,16.1,83,5.2,340,107,104,83
2000-10-01 09:00:00,15.6,78,5.7,340,125,0,125
2000-10-01 10:00:00,15.0,72,7.7,320,175,6,172
2000-10-01 11:00:00,15.6,67,8.2,320,390,178,283
2000-10-01 12:00:00,15.0,67,7.7,350,421,150,324
2000-10-01 13:00:00,16.1,60,6.7,330,391,121,313
2000-10-01 14:00:00,16.1,58,4.6,340,361,104,298
2000-10-01 15:00:00,16.1,56,6.2,340,439,431,219
2000-10-01 16:00:00,16.1,56,5.2,340,254,190,181
2000-10-01 17:00:00,15.6,53,5.7,320,129,55,116
2000-10-01 18:00:00,15.0,55,6.2,320,11,21,10
2000-10-01 19:00:00,14.4,57,4.1,310,0,0,0
2000-10-01 20:00:00,13.9,64,3.1,310,0,0,0
2000-10-01 21:00:00,13.3,69,3.1,320,0,0,0
2000-10-01 22:00:00,13.3,69,2.6,290,0,0,0
2000-10-01 23:00:00,11.7,74,0.0,0,0,0,0
2000-10-02 00:00:00,12.2,74,0.0,0,0,0,0
2000-10-02 01:00:00,10.6,83,1.5,280,0,0,0
2000-10-02 02:00:00,9.4,90,1.5,300,0,0,0
2000-10-02 03:00:00,8.3,97,2.1,230,0,0,0
2000-10-02 04:00:00,10.0,89,0.0,0,0,0,0
2000-10-02 05:00:00,10.0,89,1.5,230,0,0,0
2000-10-02 06:00:00,10.0,89,0.0,0,0,0,0
2000-10-02 07:00:00,10.6,86,0.0,0,15,161,7
2000-10-02 08:00:00,12.2,77,0.0,0,163,482,56
2000-10-02 09:00:00,12.8,77,0.0,0,302,425,142
2000-10-02 10:00:00,13.9,74,2.1,290,265,70,230
2000-10-02 11:00:00,14.4,67,3.6,300,424,255,272
2000-10-02 12:00:00,16.1,58,3.6,340,516,311,316
2000-10-02 13:00:00,16.7,56,2.6,300,162,0,162
2000-10-02 14:00:00,16.7,53,3.1,320,164,0,164
2000-10-02 15:00:00,17.2,50,5.7,350,163,0,163
2000-10-02 16:00:00,16.7,53,5.2,320,214,92,180
2000-10-02 17:00:00,16.1,56,4.1,330,133,72,117
2000-10-02 18:00:00,15.6,60,4.1,340,10,26,9
2000-10-02 19:00:00,14.4,67,4.6,330,0,0,0
2000-10-02 20:00:00,13.3,72,1.5,330,0,0,0
2000-10-02 21:00:00,12.2,77,2.1,290,0,0,0
2000-10-02 22:00:00,11.7,83,2.1,320,0,0,0
2000-10-02 23:00:00,11.7,80,2.1,300,0,0,0
2000-10-03 00:00:00,11.7,80,3.1,310,0,0,0
2000-10-03 01:00:00,11.1,83,3.1,320,0,0,0
2000-10-03 02:00:00,10.6,86,0.0,0,0,0,0
2000-10-03 03:00:00,10.0,89,1.5,110,0,0,0
2000-10-03 04:00:00,8.9,89,0.0,0,0,0,0
2000-10-03 05:00:00,8.9,93,1.5,350,0,0,0
2000-10-03 06:00:00,9.4,90,2.6,20,0,0,0
2000-10-03 07:00:00,9.4,90,3.6,340,8,9,8
2000-10-03 08:00:00,10.0,86,2.6,330,116,160,82
2000-10-03 09:00:00,10.6,77,2.6,330,230,158,170
2000-10-03 10:00:00,11.7,74,4.1,330,446,549,170
2000-10-03 11:00:00,12.8,69,1.5,350,531,634,156
2000-10-03 12:00:00,13.9,64,0.0,0,641,796,133
2000-10-03 13:00:00,15.0,60,1.5,340,635,840,99
2000-10-03 14:00:00,17.8,48,4.1,320,591,814,111
2000-10-03 15:00:00,17.8,48,5.2,330,484,769,101
2000-10-03 16:00:00,17.2,48,6.7,330,332,566,123
2000-10-03 17:00:00,16.7,52,6.7,330,150,203,108
2000-10-03 18:00:00,15.6,55,4.1,330,9,69,7
2000-10-03 19:00:00,14.4,60,3.6,330,0,0,0
2000-10-03 20:00:00,12.8,69,3.6,290,0,0,0
2000-10-03 21:00:00,13.3,64,4.1,310,0,0,0
2000-10-03 22:00:00,12.2,66,3.1,310,0,0,0
2000-10-03 23:00:00,11.1,69,3.6,330,0,0,0
2000-10-04 00:00:00,10.6,68,3.6,330,0,0,0
2000-10-04 01:00:00,10.0,74,3.1,340,0,0,0
2000-10-04 02:00:00,10.0,71,5.2,330,0,0,0
2000-10-04 03:00:00,9.4,49,4.1,330,0,0,0
2000-10-04 04:00:00,8.9,51,3.6,330,0,0,0
2000-10-04 05:00:00,8.3,53,0.0,0,0,0,0
2000-10-04 06:00:00,7.8,58,1.5,30,0,0,0
2000-10-04 07:00:00,7.8,55,2.1,50,13,168,6
2000-10-04 08:00:00,8.9,51,1.5,330,153,473,52
2000-10-04 09:00:00,10.0,47,1.5,340,315,644,77
2000-10-04 10:00:00,12.2,66,1.5,350,466,735,101
2000-10-04 11:00:00,14.4,55,2.1,350,554,729,125
2000-10-04 12:00:00,16.7,46,2.6,360,617,742,147
2000-10-04 13:00:00,17.8,43,2.6,340,622,810,110
2000-10-04 14:00:00,19.4,40,3.6,320,579,783,121
2000-10-04 15:00:00,20.6,40,5.2,330,471,738,107
2000-10-04 16:00:00,20.0,42,5.2,320,334,641,101
2000-10-04 17:00:00,18.3,45,5.2,340,170,313,105
2000-10-04 18:00:00,17.2,50,4.1,330,9,99,5
2000-10-04 19:00:00,16.1,56,4.1,320,0,0,0
2000-10-04 20:00:00,14.4,65,4.1,320,0,0,0
2000-10-04 21:00:00,12.8,72,2.6,300,0,0,0
2000-10-04 22:00:00,12.2,71,2.6,330,0,0,0
2000-10-04 23:00:00,11.7,71,2.1,310,0,0,0
2000-10-05 00:00:00,10.6,77,2.1,320,0,0,0
2000-10-05 01:00:00,10.6,79,2.1,310,0,0,0
2000-10-05 02:00:00,10.0,83,3.1,310,0,0,0
2000-10-05 03:00:00,10.0,80,2.6,300,0,0,0
2000-10-05 04:00:00,9.4,83,2.1,310,0,0,0
2000-10-05 05:00:00,8.9,86,2.6,290,0,0,0
2000-10-05 06:00:00,8.3,90,2.6,300,0,0,0
2000-10-05 07:00:00,8.3,93,2.1,280,11,143,5
2000-10-05 08:00:00,12.2,77,2.6,280,155,528,45
2000-10-05 09:00:00,17.2,34,10.3,100,305,598,86
2000-10-05 10:00:00,18.9,27,10.8,90,466,741,101
2000-10-05 11:00:00,20.0,25,9.3,90,536,664,150
2000-10-05 12:00:00,20.6,23,12.9,90,617,760,140
2000-10-05 13:00:00,21.7,21,13.4,90,592,732,133
2000-10-05 14:00:00,21.7,20,12.4,80,560,723,142
2000-10-05 15:00:00,21.7,21,11.8,90,458,695,119
2000-10-05 16:00:00,21.7,19,10.3,80,320,576,114
2000-10-05 17:00:00,20.0,23,8.8,90,161,285,104
2000-10-05 18:00:00,18.3,23,8.8,90,7,83,4
2000-10-05 19:00:00,17.8,24,6.7,100,0,0,0
2000-10-05 20:00:00,17.8,22,7.2,100,0,0,0
2000-10-05 21:00:00,17.2,24,6.2,90,0,0,0
2000-10-05 22:00:00,17.2,22,9.3,90,0,0,0
2000-10-05 23:00:00,16.7,21,8.2,100,0,0,0
2000-10-06 00:00:00,16.1,23,6.2,110,0,0,0
2000-10-06 01:00:00,15.0,27,5.2,110,0,0,0
2000-10-06 02:00:00,15.0,26,6.7,100,0,0,0
2000-10-06 03:00:00,15.0,27,6.7,110,0,0,0
2000-10-06 04:00:00,14.4,30,5.7,120,0,0,0
2000-10-06 05:00:00,14.4,28,6.2,120,0,0,0
2000-10-06 06:00:00,13.9,32,5.7,130,0,0,0
2000-10-06 07:00:00,13.9,33,4.6,130,9,105,5
2000-10-06 08:00:00,15.6,30,6.2,120,143,444,52
2000-10-06 09:00:00,17.8,25,7.7,110,309,654,72
2000-10-06 10:00:00,19.4,25,6.2,110,460,752,93
2000-10-06 11:00:00,21.1,22,8.2,110,559,776,110
2000-10-06 12:00:00,21.7,24,8.2,100,612,742,149
2000-10-06 13:00:00,22.8,17,11.8,90,617,834,98
2000-10-06 14:00:00,22.8,17,10.8,100,574,790,121
2000-10-06 15:00:00,23.3,18,9.8,100,445,652,131
2000-10-06 16:00:00,22.8,19,10.3,90,314,578,110
2000-10-06 17:00:00,21.1,20,7.7,100,137,179,103
2000-10-06 18:00:00,19.4,21,8.2,100,4,48,3
2000-10-06 19:00:00,18.9,23,9.3,110,0,0,0
2000-10-06 20:00:00,18.3,24,7.2,120,0,0,0
2000-10-06 21:00:00,17.2,28,5.2,120,0,0,0
2000-10-06 22:00:00,16.7,29,6.2,130,0,0,0
2000-10-06 23:00:00,16.1,33,5.7,130,0,0,0
2000-10-07 00:00:00,15.6,34,5.2,120,0,0,0
2000-10-07 01:00:00,12.8,62,2.6,340,0,0,0
2000-10-07 02:00:00,11.1,63,0.0,0,0,0,0
2000-10-07 03:00:00,10.0,68,0.0,0,0,0,0
2000-10-07 04:00:00,8.3,80,1.5,290,0,0,0
2000-10-07 05:00:00,8.3,80,1.5,310,0,0,0
2000-10-07 06:00:00,7.8,76,1.5,300,0,0,0
2000-10-07 07:00:00,8.3,80,0.0,0,8,129,4
2000-10-07 08:00:00,11.1,69,1.5,280,141,452,50
2000-10-07 09:00:00,15.0,45,0.0,0,303,642,74
2000-10-07 10:00:00,17.8,37,0.0,0,449,711,105
2000-10-07 11:00:00,19.4,33,2.1,10,564,817,96
2000-10-07 12:00:00,21.1,32,2.1,70,624,832,109
2000-10-07 13:00:00,22.8,28,4.6,130,599,804,103
2000-10-07 14:00:00,23.9,26,5.7,140,561,772,123
2000-10-07 15:00:00,23.9,25,5.7,140,446,684,121
2000-10-07 16:00:00,22.8,28,5.7,140,316,600,108
2000-10-07 17:00:00,21.1,31,4.1,150,159,313,100
2000-10-07 18:00:00,18.9,34,4.1,130,4,76,2
2000-10-07 19:00:00,17.2,41,4.6,120,0,0,0
2000-10-07 20:00:00,16.7,44,3.1,100,0,0,0
2000-10-07 21:00:00,17.2,43,2.6,90,0,0,0
2000-10-07 22:00:00,13.9,53,0.0,0,0,0,0
2000-10-07 23:00:00,13.9,62,1.5,70,0,0,0
2000-10-08 00:00:00,11.1,71,0.0,0,0,0,0
2000-10-08 01:00:00,8.9,83,0.0,0,0,0,0
2000-10-08 02:00:00,9.4,83,2.1,260,0,0,0
2000-10-08 03:00:00,7.8,89,1.5,230,0,0,0
2000-10-08 04:00:00,8.9,89,1.5,260,0,0,0
2000-10-08 05:00:00,8.9,93,1.5,280,0,0,0
2000-10-08 06:00:00,7.2,100,1.5,260,0,0,0
2000-10-08 07:00:00,6.7,100,1.5,240,6,101,4
2000-10-08 08:00:00,8.9,100,0.0,0,136,435,51
2000-10-08 09:00:00,12.2,69,2.1,80,288,568,88
2000-10-08 10:00:00,14.4,62,3.1,90,417,571,143
2000-10-08 11:00:00,16.1,56,2.1,60,491,557,175
2000-10-08 12:00:00,17.2,52,2.1,30,570,665,163
2000-10-08 13:00:00,18.9,47,2.1,30,524,514,210
2000-10-08 14:00:00,20.6,42,2.1,350,489,484,217
2000-10-08 15:00:00,20.6,49,2.1,330,404,452,191
2000-10-08 16:00:00,20.6,51,1.5,320,198,114,159
2000-10-08 17:00:00,20.0,55,1.5,310,67,0,67
2000-10-08 18:00:00,19.4,59,3.1,300,1,0,1
2000-10-08 19:00:00,17.2,67,2.1,330,0,0,0
2000-10-08 20:00:00,15.6,75,0.0,0,0,0,0
2000-10-08 21:00:00,15.0,77,4.1,100,0,0,0
2000-10-08 22:00:00,15.0,75,1.5,110,0,0,0
2000-10-08 23:00:00,14.4,81,2.1,100,0,0,0
2000-10-09 00:00:00,13.9,77,3.1,130,0,0,0
2000-10-09 01:00:00,13.9,77,0.0,0,0,0,0
2000-10-09 02:00:00,13.9,77,0.0,0,0,0,0
2000-10-09 03:00:00,14.4,67,0.0,0,0,0,0
2000-10-09 04:00:00,13.9,74,0.0,0,0,0,0
2000-10-09 05:00:00,13.9,80,2.1,310,0,0,0
2000-10-09 06:00:00,13.3,93,0.0,0,0,0,0
2000-10-09 07:00:00,13.3,97,2.1,150,1,0,1
2000-10-09 08:00:00,12.8,96,6.2,110,21,0,21
2000-10-09 09:00:00,12.2,93,5.7,110,47,0,47
2000-10-09 10:00:00,12.8,93,5.2,110,84,0,84
2000-10-09 11:00:00,13.9,89,0.0,0,107,0,107
2000-10-09 12:00:00,13.9,93,2.6,280,113,0,113
2000-10-09 13:00:00,14.4,90,1.5,50,175,0,175
2000-10-09 14:00:00,15.0,87,3.6,90,159,0,159
2000-10-09 15:00:00,15.0,83,0.0,0,116,0,116
2000-10-09 16:00:00,15.6,80,0.0,0,78,0,78
2000-10-09 17:00:00,14.4,90,2.1,300,70,0,70
2000-10-09 18:00:00,14.4,93,2.6,300,1,0,1
2000-10-09 19:00:00,11.7,89,6.2,320,0,0,0
2000-10-09 20:00:00,11.1,93,4.1,330,0,0,0
2000-10-09 21:00:00,11.7,89,2.6,300,0,0,0
2000-10-09 22:00:00,11.1,93,2.1,200,0,0,0
2000-10-09 23:00:00,11.1,93,4.1,210,0,0,0
2000-10-10 00:00:00,10.6,92,4.6,210,0,0,0
2000-10-10 01:00:00,10.6,92,2.6,210,0,0,0
2000-10-10 02:00:00,10.6,89,0.0,0,0,0,0
2000-10-10 03:00:00,10.6,89,1.5,190,0,0,0
2000-10-10 04:00:00,10.6,92,0.0,0,0,0,0
2000-10-10 05:00:00,10.6,92,2.6,210,0,0,0
2000-10-10 06:00:00,10.0,100,2.6,230,0,0,0
2000-10-10 07:00:00,10.6,96,1.5,220,1,0,1
2000-10-10 08:00:00,11.1,93,1.5,240,35,0,35
2000-10-10 09:00:00,11.1,93,3.6,270,61,0,61
2000-10-10 10:00:00,11.1,93,2.6,240,95,0,95
2000-10-10 11:00:00,11.7,93,1.5,200,85,0,85
2000-10-10 12:00:00,12.2,86,2.1,270,113,0,113
2000-10-10 13:00:00,12.8,83,2.6,270,100,0,100
2000-10-10 14:00:00,13.9,74,3.6,320,86,0,86
2000-10-10 15:00:00,13.9,74,4.6,310,73,0,73
2000-10-10 16:00:00,13.9,74,5.2,320,53,0,53
2000-10-10 17:00:00,13.3,77,2.6,340,37,0,37
2000-10-10 18:00:00,12.8,89,0.0,0,0,0,0
2000-10-10 19:00:00,12.2,93,2.6,240,0,0,0
2000-10-10 20:00:00,12.8,83,3.6,320,0,0,0
2000-10-10 21:00:00,12.8,83,3.1,310,0,0,0
2000-10-10 22:00:00,12.8,83,3.1,300,0,0,0
2000-10-10 23:00:00,12.8,80,5.2,310,0,0,0
2000-10-11 00:00:00,12.8,80,3.1,320,0,0,0
2000-10-11 01:00:00,12.2,83,2.6,300,0,0,0
2000-10-11 02:00:00,12.2,83,1.5,310,0,0,0
2000-10-11 03:00:00,12.2,83,1.5,310,0,0,0
2000-10-11 04:00:00,12.2,83,2.1,290,0,0,0
2000-10-11 05:00:00,12.2,83,1.5,310,0,0,0
2000-10-11 06:00:00,11.7,89,0.0,0,0,0,0
2000-10-11 07:00:00,12.2,86,0.0,0,2,6,2
2000-10-11 08:00:00,12.2,86,0.0,0,42,0,42
2000-10-11 09:00:00,12.2,86,0.0,0,108,0,108
2000-10-11 10:00:00,12.8,86,2.6,130,179,6,176
2000-10-11 11:00:00,13.3,80,1.5,30,214,12,208
2000-10-11 12:00:00,13.9,77,2.6,320,244,12,236
2000-10-11 13:00:00,14.4,75,3.1,310,206,6,203
2000-10-11 14:00:00,15.0,69,2.1,320,186,0,186
2000-10-11 15:00:00,15.0,69,0.0,0,153,0,153
2000-10-11 16:00:00,15.0,69,0.0,0,132,7,130
2000-10-11 17:00:00,15.0,69,2.6,210,97,28,93
2000-10-11 18:00:00,14.4,75,2.6,200,0,0,0
2000-10-11 19:00:00,13.9,77,3.6,160,0,0,0
2000-10-11 20:00:00,13.9,77,1.5,130,0,0,0
2000-10-11 21:00:00,13.9,80,2.1,100,0,0,0
2000-10-11 22:00:00,13.3,80,3.1,110,0,0,0
2000-10-11 23:00:00,13.3,84,2.6,140,0,0,0
2000-10-12 00:00:00,13.3,84,2.6,110,0,0,0
2000-10-12 01:00:00,13.3,84,2.1,140,0,0,0
2000-10-12 02:00:00,13.3,84,2.1,140,0,0,0
2000-10-12 03:00:00,13.3,84,2.6,140,0,0,0
2000-10-12 04:00:00,13.3,84,2.1,140,0,0,0
2000-10-12 05:00:00,13.3,80,2.6,160,0,0,0
2000-10-12 06:00:00,13.3,80,2.6,150,0,0,0
2000-10-12 07:00:00,13.3,80,3.1,160,2,10,1
2000-10-12 08:00:00,13.3,80,3.6,170,34,0,34
2000-10-12 09:00:00,13.3,80,2.1,180,75,0,75
2000-10-12 10:00:00,13.9,80,3.1,160,105,0,105
2000-10-12 11:00:00,13.9,80,2.6,190,90,0,90
2000-10-12 12:00:00,14.4,78,4.6,190,113,0,113
2000-10-12 13:00:00,14.4,78,4.1,170,181,0,181
2000-10-12 14:00:00,14.4,78,3.6,190,166,0,166
2000-10-12 15:00:00,15.0,75,2.6,210,73,0,73
2000-10-12 16:00:00,14.4,72,3.1,230,71,0,71
2000-10-12 17:00:00,14.4,72,2.1,220,62,0,62
2000-10-12 18:00:00,13.9,74,4.6,210,0,0,0
2000-10-12 19:00:00,13.3,80,3.6,210,0,0,0
2000-10-12 20:00:00,13.3,80,3.6,210,0,0,0
2000-10-12 21:00:00,13.3,80,3.6,200,0,0,0
2000-10-12 22:00:00,12.8,83,3.6,210,0,0,0
2000-10-12 23:00:00,12.8,83,3.6,210,0,0,0
2000-10-13 00:00:00,12.8,86,3.6,210,0,0,0
2000-10-13 01:00:00,12.8,86,2.6,220,0,0,0
2000-10-13 02:00:00,12.8,86,2.6,220,0,0,0
2000-10-13 03:00:00,12.8,86,3.1,240,0,0,0
2000-10-13 04:00:00,12.2,90,2.6,230,0,0,0
2000-10-13 05:00:00,11.7,96,2.6,200,0,0,0
2000-10-13 06:00:00,11.7,96,3.6,220,0,0,0
2000-10-13 07:00:00,12.2,93,3.1,220,1,11,1
2000-10-13 08:00:00,12.2,97,2.6,210,44,0,44
2000-10-13 09:00:00,12.8,93,3.1,210,107,0,107
2000-10-13 10:00:00,13.3,93,3.6,210,73,0,73
2000-10-13 11:00:00,13.3,93,4.1,210,124,0,124
2000-10-13 12:00:00,13.9,89,4.6,210,113,0,113
2000-10-13 13:00:00,13.9,93,3.1,200,131,0,131
2000-10-13 14:00:00,15.0,87,3.1,200,127,0,127
2000-10-13 15:00:00,15.0,87,3.1,210,66,0,66
2000-10-13 16:00:00,15.6,83,3.6,210,45,0,45
2000-10-13 17:00:00,15.6,83,3.6,230,66,0,66
2000-10-13 18:00:00,15.0,87,3.1,220,0,0,0
2000-10-13 19:00:00,14.4,90,3.6,320,0,0,0
2000-10-13 20:00:00,13.3,90,4.1,310,0,0,0
2000-10-13 21:00:00,12.8,86,5.2,330,0,0,0
2000-10-13 22:00:00,12.8,77,4.6,320,0,0,0
2000-10-13 23:00:00,12.2,77,4.6,310,0,0,0
2000-10-14 00:00:00,10.6,86,2.6,300,0,0,0
2000-10-14 01:00:00,8.9,93,2.1,260,0,0,0
2000-10-14 02:00:00,8.3,100,0.0,0,0,0,0
2000-10-14 03:00:00,8.3,97,0.0,0,0,0,0
2000-10-14 04:00:00,8.3,97,2.1,170,0,0,0
2000-10-14 05:00:00,8.3,97,1.5,160,0,0,0
2000-10-14 06:00:00,9.4,97,2.1,130,0,0,0
2000-10-14 07:00:00,9.4,93,0.0,0,0,0,0
2000-10-14 08:00:00,10.0,89,1.5,160,91,167,62
2000-10-14 09:00:00,10.6,89,0.0,0,153,61,133
2000-10-14 10:00:00,11.7,86,1.5,310,189,23,178
2000-10-14 11:00:00,12.2,80,0.0,0,462,462,213
2000-10-14 12:00:00,13.9,69,2.6,320,523,581,185
2000-10-14 13:00:00,14.4,67,2.6,330,551,739,123
2000-10-14 14:00:00,14.4,62,2.1,330,507,719,126
2000-10-14 15:00:00,15.0,58,2.1,330,411,569,163
2000-10-14 16:00:00,15.6,57,0.0,0,200,178,145
2000-10-14 17:00:00,14.4,60,2.1,90,95,10,93
2000-10-14 18:00:00,13.3,72,0.0,0,0,0,0
2000-10-14 19:00:00,11.1,83,1.5,270,0,0,0
2000-10-14 20:00:00,11.1,83,0.0,0,0,0,0
2000-10-14 21:00:00,10.0,89,0.0,0,0,0,0
2000-10-14 22:00:00,8.9,93,0.0,0,0,0,0
2000-10-14 23:00:00,8.3,97,1.5,220,0,0,0
2000-10-15 00:00:00,7.8,93,0.0,0,0,0,0
2000-10-15 01:00:00,7.8,96,2.6,260,0,0,0
2000-10-15 02:00:00,7.2,100,0.0,0,0,0,0
2000-10-15 03:00:00,6.7,100,3.1,140,0,0,0
2000-10-15 04:00:00,6.1,100,2.1,130,0,0,0
2000-10-15 05:00:00,6.1,100,3.1,100,0,0,0
2000-10-15 06:00:00,6.1,97,2.6,120,0,0,0
2000-10-15 07:00:00,7.2,93,0.0,0,0,0,0
2000-10-15 08:00:00,7.8,93,2.1,60,43,0,43
2000-10-15 09:00:00,7.8,93,2.6,80,111,6,109
2000-10-15 10:00:00,8.9,89,2.1,90,178,12,173
2000-10-15 11:00:00,9.4,86,3.6,100,214,12,207
2000-10-15 12:00:00,11.1,77,0.0,0,428,293,259
2000-10-15 13:00:00,12.2,74,2.6,50,514,594,173
2000-10-15 14:00:00,12.8,72,4.6,310,474,584,168
2000-10-15 15:00:00,13.3,72,2.1,330,405,678,113
2000-10-15 16:00:00,14.4,67,2.6,60,275,618,89
2000-10-15 17:00:00,13.9,62,2.1,210,128,246,93
2000-10-15 18:00:00,12.8,69,0.0,0,0,0,0
2000-10-15 19:00:00,11.0,87,3.1,110,0,0,0
2000-10-15 20:00:00,12.0,82,4.1,120,0,0,0
2000-10-15 21:00:00,11.1,86,3.6,110,0,0,0
2000-10-15 22:00:00,11.7,83,3.6,120,0,0,0
2000-10-15 23:00:00,11.1,86,3.6,150,0,0,0
2000-10-16 00:00:00,11.1,86,4.6,130,0,0,0
2000-10-16 01:00:00,11.1,86,4.1,140,0,0,0
2000-10-16 02:00:00,11.7,83,3.1,140,0,0,0
2000-10-16 03:00:00,11.7,83,3.1,140,0,0,0
2000-10-16 04:00:00,11.7,83,4.6,120,0,0,0
2000-10-16 05:00:00,11.7,86,4.1,100,0,0,0
2000-10-16 06:00:00,12.2,83,4.6,120,0,0,0
2000-10-16 07:00:00,11.7,89,4.1,120,0,0,0
2000-10-16 08:00:00,12.2,86,5.2,120,55,34,50
2000-10-16 09:00:00,13.3,80,4.1,120,51,0,51
2000-10-16 10:00:00,14.4,75,4.1,120,152,6,149
2000-10-16 11:00:00,17.2,63,5.2,110,264,30,249
2000-10-16 12:00:00,18.3,58,4.6,90,315,78,271
2000-10-16 13:00:00,20.6,42,5.2,230,157,0,157
2000-10-16 14:00:00,20.0,45,5.7,220,140,0,140
2000-10-16 15:00:00,19.4,51,2.1,220,126,0,126
2000-10-16 16:00:00,18.9,59,3.1,200,65,0,65
2000-10-16 17:00:00,18.3,61,3.1,170,112,66,103
2000-10-16 18:00:00,16.7,72,3.6,120,0,0,0
2000-10-16 19:00:00,15.6,78,2.1,140,0,0,0
2000-10-16 20:00:00,15.6,78,3.6,140,0,0,0
2000-10-16 21:00:00,13.9,89,3.6,110,0,0,0
2000-10-16 22:00:00,13.9,83,4.6,110,0,0,0
2000-10-16 23:00:00,13.3,90,4.6,100,0,0,0
2000-10-17 00:00:00,11.7,93,3.1,120,0,0,0
2000-10-17 01:00:00,12.8,89,5.2,120,0,0,0
2000-10-17 02:00:00,11.7,93,4.1,120,0,0,0
2000-10-17 03:00:00,10.6,96,3.1,110,0,0,0
2000-10-17 04:00:00,10.6,96,4.1,100,0,0,0
2000-10-17 05:00:00,10.0,96,3.6,110,0,0,0
2000-10-17 06:00:00,10.0,93,2.6,150,0,0,0
2000-10-17 07:00:00,9.4,93,3.6,110,0,0,0
2000-10-17 08:00:00,11.1,86,4.1,110,87,256,46
2000-10-17 09:00:00,12.8,77,2.6,150,239,456,96
2000-10-17 10:00:00,15.6,67,3.6,110,407,679,111
2000-10-17 11:00:00,17.2,63,0.0,0,467,651,126
2000-10-17 12:00:00,18.3,58,2.6,280,511,587,179
2000-10-17 13:00:00,20.0,53,3.6,200,521,576,196
2000-10-17 14:00:00,21.1,49,6.2,220,248,37,229
2000-10-17 15:00:00,21.1,47,4.6,200,193,32,180
2000-10-17 16:00:00,21.7,44,6.7,200,262,360,158
2000-10-17 17:00:00,20.6,47,4.1,180,0,0,0
2000-10-17 18:00:00,20.0,49,4.6,170,0,0,0
2000-10-17 19:00:00,19.4,52,5.2,190,0,0,0
2000-10-17 20:00:00,18.9,54,3.6,140,0,0,0
2000-10-17 21:00:00,18.9,61,3.6,160,0,0,0
2000-10-17 22:00:00,16.7,78,4.6,180,0,0,0
2000-10-17 23:00:00,15.6,86,2.1,110,0,0,0
2000-10-18 00:00:00,15.0,90,3.6,170,0,0,0
2000-10-18 01:00:00,15.0,93,4.6,180,0,0,0
2000-10-18 02:00:00,14.4,97,5.2,180,0,0,0
2000-10-18 03:00:00,15.0,93,4.6,190,0,0,0
2000-10-18 04:00:00,14.4,97,4.1,210,0,0,0
2000-10-18 05:00:00,13.9,96,4.6,210,0,0,0
2000-10-18 06:00:00,13.3,97,3.1,190,0,0,0
2000-10-18 07:00:00,13.3,97,2.1,120,0,0,0
2000-10-18 08:00:00,14.4,90,3.1,220,41,0,41
2000-10-18 09:00:00,15.0,87,1.5,170,174,139,131
2000-10-18 10:00:00,16.1,81,3.6,150,219,64,191
2000-10-18 11:00:00,16.7,67,2.6,240,388,302,231
2000-10-18 12:00:00,17.2,65,0.0,0,369,168,274
2000-10-18 13:00:00,18.3,54,4.1,210,188,0,188
2000-10-18 14:00:00,18.3,50,3.6,270,201,6,198
2000-10-18 15:00:00,17.8,54,3.6,310,112,0,112
2000-10-18 16:00:00,16.1,64,3.6,360,133,35,123
2000-10-18 17:00:00,15.6,62,5.2,40,0,0,0
2000-10-18 18:00:00,14.4,70,2.1,280,0,0,0
2000-10-18 19:00:00,14.4,72,3.1,300,0,0,0
2000-10-18 20:00:00,13.9,80,2.6,310,0,0,0
2000-10-18 21:00:00,12.8,86,0.0,0,0,0,0
2000-10-18 22:00:00,11.7,89,1.5,300,0,0,0
2000-10-18 23:00:00,11.1,93,1.5,300,0,0,0
2000-10-19 00:00:00,11.1,93,0.0,0,0,0,0
2000-10-19 01:00:00,9.4,97,0.0,0,0,0,0
2000-10-19 02:00:00,8.3,100,0.0,0,0,0,0
2000-10-19 03:00:00,9.4,100,1.5,250,0,0,0
2000-10-19 04:00:00,10.0,100,0.0,0,0,0,0
2000-10-19 05:00:00,10.0,100,0.0,0,0,0,0
2000-10-19 06:00:00,9.4,100,2.1,120,0,0,0
2000-10-19 07:00:00,8.9,100,0.0,0,0,0,0
2000-10-19 08:00:00,8.3,100,2.1,260,78,200,48
2000-10-19 09:00:00,10.0,96,0.0,0,237,455,99
2000-10-19 10:00:00,12.2,80,2.1,310,349,481,143
2000-10-19 11:00:00,13.3,77,1.5,350,427,497,172
2000-10-19 12:00:00,15.6,69,1.5,350,458,383,244
2000-10-19 13:00:00,17.2,60,2.1,70,295,79,252
2000-10-19 14:00:00,17.2,60,1.5,70,175,0,175
2000-10-19 15:00:00,17.8,60,2.6,210,82,0,82
2000-10-19 16:00:00,17.2,65,2.1,240,77,0,77
2000-10-19 17:00:00,16.7,70,2.6,150,0,0,0
2000-10-19 18:00:00,16.1,64,3.1,110,0,0,0
2000-10-19 19:00:00,15.6,69,2.1,120,0,0,0
2000-10-19 20:00:00,15.0,75,4.6,120,0,0,0
2000-10-19 21:00:00,13.9,89,3.6,90,0,0,0
2000-10-19 22:00:00,13.9,89,4.6,120,0,0,0
2000-10-19 23:00:00,13.9,83,7.2,120,0,0,0
2000-10-20 00:00:00,14.4,81,6.2,120,0,0,0
2000-10-20 01:00:00,13.9,80,5.7,130,0,0,0
2000-10-20 02:00:00,13.9,83,6.7,110,0,0,0
2000-10-20 03:00:00,13.9,83,7.2,120,0,0,0
2000-10-20 04:00:00,13.3,84,7.2,120,0,0,0
2000-10-20 05:00:00,13.3,93,3.1,120,0,0,0
2000-10-20 06:00:00,13.3,97,3.1,140,0,0,0
2000-10-20 07:00:00,13.9,96,4.1,180,0,0,0
2000-10-20 08:00:00,13.9,96,4.1,190,15,0,15
2000-10-20 09:00:00,13.9,96,3.6,230,77,0,77
2000-10-20 10:00:00,14.4,90,6.2,200,83,0,83
2000-10-20 11:00:00,15.0,87,5.2,200,79,0,79
2000-10-20 12:00:00,15.6,80,8.2,210,89,0,89
2000-10-20 13:00:00,15.0,83,7.7,290,258,30,241
2000-10-20 14:00:00,15.0,72,5.7,320,242,31,227
2000-10-20 15:00:00,14.4,72,5.2,320,60,0,60
2000-10-20 16:00:00,13.9,80,4.1,320,78,0,78
2000-10-20 17:00:00,13.3,72,5.2,290,0,0,0
2000-10-20 18:00:00,12.8,77,3.6,280,0,0,0
2000-10-20 19:00:00,12.2,80,3.6,280,0,0,0
2000-10-20 20:00:00,11.7,77,4.1,300,0,0,0
2000-10-20 21:00:00,10.6,86,0.0,0,0,0,0
2000-10-20 22:00:00,11.1,77,3.1,280,0,0,0
2000-10-20 23:00:00,10.0,83,1.5,260,0,0,0
2000-10-21 00:00:00,10.6,83,2.6,320,0,0,0
2000-10-21 01:00:00,10.0,86,2.1,280,0,0,0
2000-10-21 02:00:00,10.0,83,0.0,0,0,0,0
2000-10-21 03:00:00,9.4,83,1.5,270,0,0,0
2000-10-21 04:00:00,8.9,89,1.5,230,0,0,0
2000-10-21 05:00:00,8.9,89,0.0,0,0,0,0
2000-10-21 06:00:00,8.3,93,1.5,180,0,0,0
2000-10-21 07:00:00,8.3,97,2.1,190,0,0,0
2000-10-21 08:00:00,9.4,90,1.5,160,78,248,43
2000-10-21 09:00:00,11.1,80,2.1,40,217,426,91
2000-10-21 10:00:00,12.2,71,2.1,100,374,614,117
2000-10-21 11:00:00,12.8,64,3.6,300,410,378,219
2000-10-21 12:00:00,11.7,74,4.1,50,178,6,175
2000-10-21 13:00:00,12.2,66,2.1,160,535,582,219
2000-10-21 14:00:00,13.3,64,2.6,330,155,0,155
2000-10-21 15:00:00,12.2,74,3.1,280,354,479,163
2000-10-21 16:00:00,12.8,55,2.1,240,245,537,101
2000-10-21 17:00:00,12.8,62,2.1,260,0,0,0
2000-10-21 18:00:00,11.1,77,0.0,0,0,0,0
2000-10-21 19:00:00,10.0,80,0.0,0,0,0,0
2000-10-21 20:00:00,9.4,86,0.0,0,0,0,0
2000-10-21 21:00:00,8.3,90,0.0,0,0,0,0
2000-10-21 22:00:00,6.7,96,0.0,0,0,0,0
2000-10-21 23:00:00,6.1,97,0.0,0,0,0,0
2000-10-22 00:00:00,6.1,100,0.0,0,0,0,0
2000-10-22 01:00:00,5.6,96,1.5,180,0,0,0
2000-10-22 02:00:00,6.1,100,2.1,170,0,0,0
2000-10-22 03:00:00,6.7,96,0.0,0,0,0,0
2000-10-22 04:00:00,6.7,96,0.0,0,0,0,0
2000-10-22 05:00:00,7.2,93,0.0,0,0,0,0
2000-10-22 06:00:00,6.7,100,1.5,190,0,0,0
2000-10-22 07:00:00,6.7,100,1.5,250,0,0,0
2000-10-22 08:00:00,6.7,100,2.1,30,30,0,30
2000-10-22 09:00:00,7.8,93,2.1,360,108,6,106
2000-10-22 10:00:00,7.8,89,2.6,330,161,12,156
2000-10-22 11:00:00,8.7,87,3.1,320,415,414,208
2000-10-22 12:00:00,9.4,86,3.6,310,517,707,135
2000-10-22 13:00:00,11.7,71,3.6,290,510,752,106
2000-10-22 14:00:00,13.9,64,1.5,310,472,741,112
2000-10-22 15:00:00,15.0,60,4.1,290,363,665,101
2000-10-22 16:00:00,16.1,54,1.5,10,229,476,103
2000-10-22 17:00:00,15.0,39,4.1,90,0,0,0
2000-10-22 18:00:00,12.8,45,4.6,100,0,0,0
2000-10-22 19:00:00,11.7,50,3.1,110,0,0,0
2000-10-22 20:00:00,10.6,58,0.0,0,0,0,0
2000-10-22 21:00:00,10.6,79,2.1,300,0,0,0
2000-10-22 22:00:00,8.9,83,0.0,0,0,0,0
2000-10-22 23:00:00,11.1,48,4.6,100,0,0,0
2000-10-23 00:00:00,8.9,63,1.5,200,0,0,0
2000-10-23 01:00:00,8.9,71,2.6,140,0,0,0
2000-10-23 02:00:00,10.0,63,4.6,120,0,0,0
2000-10-23 03:00:00,8.9,68,2.6,120,0,0,0
2000-10-23 04:00:00,10.0,61,5.2,130,0,0,0
2000-10-23 05:00:00,10.0,58,4.6,120,0,0,0
2000-10-23 06:00:00,10.0,58,6.7,110,0,0,0
2000-10-23 07:00:00,10.6,52,6.7,110,0,0,0
2000-10-23 08:00:00,11.7,52,5.2,120,78,341,33
2000-10-23 09:00:00,13.9,45,9.8,110,233,589,64
2000-10-23 10:00:00,15.6,42,7.7,110,373,711,82
2000-10-23 11:00:00,16.7,38,9.3,110,465,756,91
2000-10-23 12:00:00,17.8,35,9.3,100,500,677,137
2000-10-23 13:00:00,18.3,34,9.8,100,498,716,117
2000-10-23 14:00:00,18.9,33,7.7,100,453,667,132
2000-10-23 15:00:00,18.3,36,7.2,100,357,647,105
2000-10-23 16:00:00,17.8,35,6.2,110,232,508,100
2000-10-23 17:00:00,15.6,39,6.2,110,0,0,0
2000-10-23 18:00:00,13.3,51,4.6,130,0,0,0
2000-10-23 19:00:00,13.9,45,4.6,120,0,0,0
2000-10-23 20:00:00,12.8,51,4.1,100,0,0,0
2000-10-23 21:00:00,10.6,61,3.6,120,0,0,0
2000-10-23 22:00:00,10.6,61,4.6,110,0,0,0
2000-10-23 23:00:00,11.1,59,4.6,130,0,0,0
2000-10-24 00:00:00,10.0,66,3.1,130,0,0,0
2000-10-24 01:00:00,9.4,68,2.1,100,0,0,0
2000-10-24 02:00:00,8.9,77,0.0,0,0,0,0
2000-10-24 03:00:00,6.7,85,0.0,0,0,0,0
2000-10-24 04:00:00,6.1,86,1.5,310,0,0,0
2000-10-24 05:00:00,6.7,85,1.5,320,0,0,0
2000-10-24 06:00:00,5.6,92,2.1,310,0,0,0
2000-10-24 07:00:00,7.2,80,1.5,80,0,0,0
2000-10-24 08:00:00,7.2,86,0.0,0,74,301,35
2000-10-24 09:00:00,10.6,68,2.1,90,232,621,57
2000-10-24 10:00:00,12.2,61,0.0,0,372,728,78
2000-10-24 11:00:00,13.3,55,0.0,0,448,697,107
2000-10-24 12:00:00,15.0,53,0.0,0,482,557,186
2000-10-24 13:00:00,16.7,48,3.1,70,290,97,239
2000-10-24 14:00:00,17.2,50,5.2,90,352,266,225
2000-10-24 15:00:00,18.3,48,3.6,90,358,558,144
2000-10-24 16:00:00,16.1,54,3.6,120,194,281,123
2000-10-24 17:00:00,14.4,60,4.1,110,0,0,0
2000-10-24 18:00:00,13.9,62,3.6,120,0,0,0
2000-10-24 19:00:00,12.8,72,3.1,110,0,0,0
2000-10-24 20:00:00,12.2,74,2.1,110,0,0,0
2000-10-24 21:00:00,11.7,74,2.6,100,0,0,0
2000-10-24 22:00:00,11.7,77,3.6,110,0,0,0
2000-10-24 23:00:00,10.6,79,2.6,110,0,0,0
2000-10-25 00:00:00,10.6,83,0.0,0,0,0,0
2000-10-25 01:00:00,11.1,80,1.5,30,0,0,0
2000-10-25 02:00:00,10.6,83,0.0,0,0,0,0
2000-10-25 03:00:00,10.0,86,0.0,0,0,0,0
2000-10-25 04:00:00,10.0,86,0.0,0,0,0,0
2000-10-25 05:00:00,10.6,83,0.0,0,0,0,0
2000-10-25 06:00:00,10.0,89,1.5,340,0,0,0
2000-10-25 07:00:00,10.0,86,2.6,290,0,0,0
2000-10-25 08:00:00,10.6,83,1.5,230,28,0,28
2000-10-25 09:00:00,11.7,74,2.1,300,75,0,75
2000-10-25 10:00:00,12.8,69,2.6,310,83,0,83
2000-10-25 11:00:00,13.9,64,2.6,280,285,130,223
2000-10-25 12:00:00,15.6,55,2.6,310,452,419,231
2000-10-25 13:00:00,16.7,53,0.0,0,309,115,249
2000-10-25 14:00:00,18.9,45,3.6,130,353,272,224
2000-10-25 15:00:00,16.1,54,4.1,130,222,116,178
2000-10-25 16:00:00,15.0,55,3.1,130,114,14,110
2000-10-25 17:00:00,13.9,57,3.6,140,0,0,0
2000-10-25 18:00:00,12.8,64,2.1,110,0,0,0
2000-10-25 19:00:00,13.3,62,0.0,0,0,0,0
2000-10-25 20:00:00,13.3,62,0.0,0,0,0,0
2000-10-25 21:00:00,12.8,74,0.0,0,0,0,0
2000-10-25 22:00:00,11.7,86,0.0,0,0,0,0
2000-10-25 23:00:00,11.1,80,2.1,280,0,0,0
2000-10-26 00:00:00,11.1,77,0.0,0,0,0,0
2000-10-26 01:00:00,11.1,80,1.5,310,0,0,0
2000-10-26 02:00:00,10.0,83,0.0,0,0,0,0
2000-10-26 03:00:00,10.0,83,0.0,0,0,0,0
2000-10-26 04:00:00,10.0,89,2.1,270,0,0,0
2000-10-26 05:00:00,10.6,89,2.1,300,0,0,0
2000-10-26 06:00:00,10.6,92,0.0,0,0,0,0
2000-10-26 07:00:00,10.6,92,1.5,300,0,0,0
2000-10-26 08:00:00,10.6,96,0.0,0,22,0,22
2000-10-26 09:00:00,10.6,89,3.1,120,35,0,35
2000-10-26 10:00:00,11.1,89,3.1,90,165,17,158
2000-10-26 11:00:00,11.7,89,1.5,50,207,18,198
2000-10-26 12:00:00,12.2,86,0.0,0,238,24,225
2000-10-26 13:00:00,12.2,83,0.0,0,82,0,82
2000-10-26 14:00:00,12.2,86,0.0,0,88,0,88
2000-10-26 15:00:00,12.2,90,1.5,340,54,0,54
2000-10-26 16:00:00,12.2,90,2.1,320,84,0,84
2000-10-26 17:00:00,12.2,90,0.0,0,0,0,0
2000-10-26 18:00:00,11.7,93,0.0,0,0,0,0
2000-10-26 19:00:00,11.7,93,0.0,0,0,0,0
2000-10-26 20:00:00,11.7,93,0.0,0,0,0,0
2000-10-26 21:00:00,11.7,89,1.5,290,0,0,0
2000-10-26 22:00:00,11.7,89,1.5,290,0,0,0
2000-10-26 23:00:00,11.7,93,0.0,0,0,0,0
2000-10-27 00:00:00,11.7,93,0.0,0,0,0,0
2000-10-27 01:00:00,11.1,97,0.0,0,0,0,0
2000-10-27 02:00:00,11.1,97,0.0,0,0,0,0
2000-10-27 03:00:00,11.1,97,0.0,0,0,0,0
2000-10-27 04:00:00,11.1,97,2.1,110,0,0,0
2000-10-27 05:00:00,10.6,96,3.1,80,0,0,0
2000-10-27 06:00:00,10.6,96,3.1,100,0,0,0
2000-10-27 07:00:00,10.6,96,3.1,110,0,0,0
2000-10-27 08:00:00,11.1,97,2.1,140,13,0,13
2000-10-27 09:00:00,11.1,97,3.1,150,44,0,44
2000-10-27 10:00:00,12.2,90,4.1,180,87,0,87
2000-10-27 11:00:00,12.8,86,3.6,180,101,0,101
2000-10-27 12:00:00,13.9,80,3.1,170,232,18,223
2000-10-27 13:00:00,15.0,72,4.6,200,227,18,218
2000-10-27 14:00:00,15.0,69,5.2,190,122,0,122
2000-10-27 15:00:00,15.0,67,5.2,190,62,0,62
2000-10-27 16:00:00,14.4,67,4.6,180,53,0,53
2000-10-27 17:00:00,13.9,69,4.6,170,0,0,0
2000-10-27 18:00:00,13.9,72,5.2,170,0,0,0
2000-10-27 19:00:00,12.8,80,4.6,160,0,0,0
2000-10-27 20:00:00,12.2,93,4.1,130,0,0,0
2000-10-27 21:00:00,11.7,93,4.6,130,0,0,0
2000-10-27 22:00:00,12.2,90,5.2,140,0,0,0
2000-10-27 23:00:00,12.2,90,4.6,120,0,0,0
2000-10-28 00:00:00,11.7,93,4.1,140,0,0,0
2000-10-28 01:00:00,11.1,86,5.2,270,0,0,0
2000-10-28 02:00:00,8.9,89,2.6,210,0,0,0
2000-10-28 03:00:00,8.9,93,5.7,130,0,0,0
2000-10-28 04:00:00,8.3,93,2.6,190,0,0,0
2000-10-28 05:00:00,7.8,93,1.5,160,0,0,0
2000-10-28 06:00:00,8.3,90,2.6,110,0,0,0
2000-10-28 07:00:00,7.8,89,2.1,160,0,0,0
2000-10-28 08:00:00,8.9,80,2.1,160,62,307,28
2000-10-28 09:00:00,10.6,74,5.2,180,214,572,63
2000-10-28 10:00:00,11.7,68,7.7,190,323,472,141
2000-10-28 11:00:00,12.8,64,7.7,180,307,201,213
2000-10-28 12:00:00,13.3,60,8.8,190,190,6,187
2000-10-28 13:00:00,13.9,57,7.7,200,171,0,171
2000-10-28 14:00:00,13.3,62,6.7,190,272,111,222
2000-10-28 15:00:00,11.7,80,5.2,230,248,213,170
2000-10-28 16:00:00,11.1,83,4.6,150,130,89,109
2000-10-28 17:00:00,11.6,79,4.6,140,0,0,0
2000-10-28 18:00:00,11.7,77,4.6,130,0,0,0
2000-10-28 19:00:00,11.7,74,6.2,150,0,0,0
2000-10-28 20:00:00,11.1,77,4.6,170,0,0,0
2000-10-28 21:00:00,11.1,77,4.1,160,0,0,0
2000-10-28 22:00:00,11.7,68,5.2,160,0,0,0
2000-10-28 23:00:00,11.7,66,6.7,170,0,0,0
2000-10-29 00:00:00,12.2,64,7.2,180,0,0,0
2000-10-29 01:00:00,11.7,66,6.2,180,0,0,0
2000-10-29 02:00:00,10.6,77,4.6,140,0,0,0
2000-10-29 03:00:00,10.6,79,4.6,140,0,0,0
2000-10-29 04:00:00,10.0,89,4.6,120,0,0,0
2000-10-29 05:00:00,10.0,83,4.1,120,0,0,0
2000-10-29 06:00:00,10.0,86,4.1,120,0,0,0
2000-10-29 07:00:00,10.0,86,4.6,120,0,0,0
2000-10-29 08:00:00,10.0,89,4.1,110,38,65,31
2000-10-29 09:00:00,10.0,93,5.2,130,83,0,83
2000-10-29 10:00:00,11.1,89,5.7,120,128,0,128
2000-10-29 11:00:00,11.7,80,3.6,100,128,0,128
2000-10-29 12:00:00,12.8,72,4.6,130,458,515,197
2000-10-29 13:00:00,13.9,67,3.6,110,360,267,226
2000-10-29 14:00:00,14.4,60,3.1,90,437,638,149
2000-10-29 15:00:00,15.0,60,3.1,90,295,420,144
2000-10-29 16:00:00,13.3,72,3.1,140,209,364,125
2000-10-29 17:00:00,11.7,77,2.1,130,35,185,21
2000-10-29 18:00:00,11.1,80,0.0,0,0,0,0
2000-10-29 19:00:00,8.9,89,1.5,290,0,0,0
2000-10-29 20:00:00,8.9,89,2.1,300,0,0,0
2000-10-29 21:00:00,7.8,93,2.1,290,0,0,0
2000-10-29 22:00:00,7.2,93,0.0,0,0,0,0
2000-10-29 23:00:00,7.8,93,2.6,320,0,0,0
2000-10-30 00:00:00,6.7,93,1.5,320,0,0,0
2000-10-30 01:00:00,4.4,100,2.6,280,0,0,0
2000-10-30 02:00:00,3.9,100,0.0,0,0,0,0
2000-10-30 03:00:00,6.1,97,1.5,360,0,0,0
2000-10-30 04:00:00,6.1,97,0.0,0,0,0,0
2000-10-30 05:00:00,3.9,100,0.0,0,0,0,0
2000-10-30 06:00:00,4.4,97,0.0,0,0,0,0
2000-10-30 07:00:00,3.9,96,0.0,0,0,0,0
2000-10-30 08:00:00,6.7,93,0.0,0,47,167,29
2000-10-30 09:00:00,7.2,90,3.1,310,156,244,93
2000-10-30 10:00:00,8.9,83,2.6,310,332,547,127
2000-10-30 11:00:00,10.6,74,2.6,300,418,696,98
2000-10-30 12:00:00,12.2,69,3.1,280,470,695,121
2000-10-30 13:00:00,13.3,64,3.6,280,481,778,94
2000-10-30 14:00:00,14.4,62,4.1,290,410,639,125
2000-10-30 15:00:00,15.0,58,4.1,290,328,667,92
2000-10-30 16:00:00,15.0,60,3.1,290,201,457,98
2000-10-30 17:00:00,13.3,69,2.6,330,32,226,15
2000-10-30 18:00:00,11.1,74,4.1,310,0,0,0
2000-10-30 19:00:00,10.0,80,3.1,330,0,0,0
2000-10-30 20:00:00,8.3,90,1.5,330,0,0,0
2000-10-30 21:00:00,8.3,90,2.6,360,0,0,0
2000-10-30 22:00:00,7.8,93,0.0,0,0,0,0
2000-10-30 23:00:00,7.2,97,3.6,340,0,0,0
2000-10-31 00:00:00,7.2,97,1.5,20,0,0,0
2000-10-31 01:00:00,7.2,97,0.0,0,0,0,0
2000-10-31 02:00:00,7.2,97,2.1,340,0,0,0
2000-10-31 03:00:00,7.2,97,2.1,50,0,0,0
2000-10-31 04:00:00,7.2,97,0.0,0,0,0,0
2000-10-31 05:00:00,7.2,97,1.5,140,0,0,0
2000-10-31 06:00:00,7.8,93,0.0,0,0,0,0
2000-10-31 07:00:00,8.3,93,0.0,0,0,0,0
2000-10-31 08:00:00,8.3,93,0.0,0,26,8,25
2000-10-31 09:00:00,8.9,89,2.6,160,73,0,73
2000-10-31 10:00:00,9.4,90,2.1,160,112,0,112
2000-10-31 11:00:00,10.6,79,3.1,190,156,6,153
2000-10-31 12:00:00,11.1,77,0.0,0,190,6,187
2000-10-31 13:00:00,11.7,77,3.1,200,139,0,139
2000-10-31 14:00:00,11.7,83,0.0,0,103,0,103
2000-10-31 15:00:00,11.1,93,1.5,70,63,0,63
2000-10-31 16:00:00,11.7,89,1.5,80,68,0,68
2000-10-31 17:00:00,11.1,93,1.5,80,10,0,10
2000-10-31 18:00:00,11.1,89,0.0,0,0,0,0
2000-10-31 19:00:00,10.6,96,0.0,0,0,0,0
2000-10-31 20:00:00,10.6,96,1.5,360,0,0,0
2000-10-31 21:00:00,9.4,97,0.0,0,0,0,0
2000-10-31 22:00:00,9.3,100,0.3,280,0,0,0
2000-10-31 23:00:00,9.3,100,0.6,360,0,0,0
2000-11-01 00:00:00,9.2,96,0.9,360,0,0,0
1986-11-01 01:00:00,9.1,93,1.2,60,0,0,0
1986-11-01 02:00:00,9.0,93,1.5,340,0,0,0
1986-11-01 03:00:00,9.0,100,1.8,340,0,0,0
1986-11-01 04:00:00,8.9,96,2.1,40,0,0,0
1986-11-01 05:00:00,8.3,100,1.5,10,0,0,0
1986-11-01 06:00:00,8.3,100,2.1,70,0,0,0
1986-11-01 07:00:00,9.4,96,1.5,20,1,0,1
1986-11-01 08:00:00,9.4,100,2.6,350,21,3,20
1986-11-01 09:00:00,10.0,96,2.1,300,80,33,71
1986-11-01 10:00:00,10.6,90,2.1,360,157,50,138
1986-11-01 11:00:00,11.7,86,2.1,320,336,313,192
1986-11-01 12:00:00,13.9,81,2.6,300,426,469,191
1986-11-01 13:00:00,17.2,63,2.1,70,418,556,142
1986-11-01 14:00:00,17.8,54,2.1,120,390,579,132
1986-11-01 15:00:00,16.7,58,4.1,100,238,180,174
1986-11-01 16:00:00,16.1,58,3.1,100,123,48,112
1986-11-01 17:00:00,13.9,67,2.6,130,35,22,33
1986-11-01 18:00:00,12.8,69,2.1,100,0,0,0
1986-11-01 19:00:00,12.2,75,1.5,40,0,0,0
1986-11-01 20:00:00,10.0,86,2.6,290,0,0,0
1986-11-01 21:00:00,10.0,90,2.6,290,0,0,0
1986-11-01 22:00:00,8.3,96,2.1,270,0,0,0
1986-11-01 23:00:00,8.9,96,0.0,0,0,0,0
1986-11-02 00:00:00,7.8,93,2.1,260,0,0,0
1986-11-02 01:00:00,7.8,96,2.6,300,0,0,0
1986-11-02 02:00:00,8.3,96,2.1,320,0,0,0
1986-11-02 03:00:00,8.3,96,2.6,290,0,0,0
1986-11-02 04:00:00,8.3,93,2.1,290,0,0,0
1986-11-02 05:00:00,7.8,93,2.1,10,0,0,0
1986-11-02 06:00:00,6.7,100,0.0,0,0,0,0
1986-11-02 07:00:00,5.6,100,2.1,290,1,0,1
1986-11-02 08:00:00,7.8,100,0.0,0,44,17,42
1986-11-02 09:00:00,8.9,93,2.1,330,100,47,89
1986-11-02 10:00:00,11.1,86,0.0,0,206,204,131
1986-11-02 11:00:00,12.8,80,2.1,280,369,409,183
1986-11-02 12:00:00,14.4,72,4.1,290,380,202,280
1986-11-02 13:00:00,15.6,65,2.6,290,362,327,202
1986-11-02 14:00:00,16.7,65,2.6,280,389,615,118
1986-11-02 15:00:00,17.8,61,2.1,300,260,411,117
1986-11-02 16:00:00,17.2,63,2.1,290,153,369,71
1986-11-02 17:00:00,16.1,63,0.0,0,38,111,28
1986-11-02 18:00:00,12.8,77,0.0,0,0,0,0
1986-11-02 19:00:00,12.8,75,1.5,260,0,0,0
1986-11-02 20:00:00,11.1,86,2.6,310,0,0,0
1986-11-02 21:00:00,10.0,83,2.1,320,0,0,0
1986-11-02 22:00:00,9.4,86,2.1,310,0,0,0
1986-11-02 23:00:00,8.3,93,0.0,0,0,0,0
1986-11-03 00:00:00,7.2,89,2.1,290,0,0,0
1986-11-03 01:00:00,7.8,100,2.1,30,0,0,0
1986-11-03 02:00:00,7.8,96,1.5,310,0,0,0
1986-11-03 03:00:00,8.3,93,0.0,0,0,0,0
1986-11-03 04:00:00,8.3,96,1.5,60,0,0,0
1986-11-03 05:00:00,8.3,96,2.1,340,0,0,0
1986-11-03 06:00:00,8.3,100,1.5,30,0,0,0
1986-11-03 07:00:00,8.3,100,1.5,10,1,0,1
1986-11-03 08:00:00,8.3,86,2.6,350,43,77,35
1986-11-03 09:00:00,10.0,90,2.6,350,104,2,103
1986-11-03 10:00:00,10.6,86,1.5,360,162,36,149
1986-11-03 11:00:00,11.7,80,3.1,350,357,439,160
1986-11-03 12:00:00,13.9,72,3.6,300,422,515,169
1986-11-03 13:00:00,13.9,75,1.5,270,429,688,95
1986-11-03 14:00:00,15.0,70,2.6,110,387,627,115
1986-11-03 15:00:00,15.6,65,2.1,350,281,666,52
1986-11-03 16:00:00,15.0,65,0.0,0,145,349,70
1986-11-03 17:00:00,12.2,69,4.1,140,39,106,30
1986-11-03 18:00:00,10.6,74,3.6,130,0,0,0
1986-11-03 19:00:00,9.4,83,2.6,100,0,0,0
1986-11-03 20:00:00,9.4,80,1.5,130,0,0,0
1986-11-03 21:00:00,8.3,86,0.0,0,0,0,0
1986-11-03 22:00:00,8.9,86,0.0,0,0,0,0
1986-11-03 23:00:00,8.3,86,1.5,70,0,0,0
1986-11-04 00:00:00,7.8,89,0.0,0,0,0,0
1986-11-04 01:00:00,8.3,93,0.0,0,0,0,0
1986-11-04 02:00:00,8.3,93,2.1,330,0,0,0
1986-11-04 03:00:00,8.3,96,2.6,350,0,0,0
1986-11-04 04:00:00,8.3,100,2.1,340,0,0,0
1986-11-04 05:00:00,8.3,93,2.6,50,0,0,0
1986-11-04 06:00:00,7.8,89,2.6,10,0,0,0
1986-11-04 07:00:00,7.2,96,0.0,0,2,1,1
1986-11-04 08:00:00,8.3,86,0.0,0,44,37,40
1986-11-04 09:00:00,9.4,90,1.5,40,129,126,99
1986-11-04 10:00:00,10.0,83,2.1,310,294,536,101
1986-11-04 11:00:00,11.1,80,2.1,360,376,633,95
1986-11-04 12:00:00,12.2,77,3.1,280,443,776,66
1986-11-04 13:00:00,12.2,80,3.1,270,437,780,62
1986-11-04 14:00:00,12.8,77,3.1,290,325,535,94
1986-11-04 15:00:00,13.9,75,3.6,300,289,606,84
1986-11-04 16:00:00,13.3,80,3.6,290,140,295,77
1986-11-04 17:00:00,10.0,96,2.6,290,32,68,26
1986-11-04 18:00:00,8.3,96,2.6,260,0,0,0
1986-11-04 19:00:00,8.3,96,2.1,260,0,0,0
1986-11-04 20:00:00,8.3,96,2.1,260,0,0,0
1986-11-04 21:00:00,7.2,100,1.5,270,0,0,0
1986-11-04 22:00:00,9.4,100,2.6,30,0,0,0
1986-11-04 23:00:00,8.9,96,1.5,210,0,0,0
1986-11-05 00:00:00,9.4,96,1.5,150,0,0,0
1986-11-05 01:00:00,9.4,100,0.0,0,0,0,0
1986-11-05 02:00:00,9.4,93,1.5,140,0,0,0
1986-11-05 03:00:00,9.4,96,2.1,110,0,0,0
1986-11-05 04:00:00,9.4,93,2.1,160,0,0,0
1986-11-05 05:00:00,9.4,96,2.6,200,0,0,0
1986-11-05 06:00:00,10.0,93,4.6,190,0,0,0
1986-11-05 07:00:00,10.0,96,4.1,240,0,0,0
1986-11-05 08:00:00,10.0,93,1.5,250,39,116,29
1986-11-05 09:00:00,11.7,86,6.2,320,96,75,79
1986-11-05 10:00:00,12.8,75,4.1,300,225,266,131
1986-11-05 11:00:00,13.3,83,6.2,270,394,618,122
1986-11-05 12:00:00,14.4,62,7.2,250,346,338,183
1986-11-05 13:00:00,13.9,62,7.2,290,134,12,128
1986-11-05 14:00:00,13.3,67,6.2,290,327,394,159
1986-11-05 15:00:00,13.9,69,6.2,290,150,100,116
1986-11-05 16:00:00,13.3,64,6.7,290,24,2,24
1986-11-05 17:00:00,12.2,72,5.7,260,11,1,11
1986-11-05 18:00:00,11.7,74,3.6,280,0,0,0
1986-11-05 19:00:00,11.7,74,5.2,260,0,0,0
1986-11-05 20:00:00,10.6,77,3.6,290,0,0,0
1986-11-05 21:00:00,10.0,80,3.6,260,0,0,0
1986-11-05 22:00:00,10.6,77,4.1,260,0,0,0
1986-11-05 23:00:00,9.4,77,3.6,250,0,0,0
1986-11-06 00:00:00,8.9,77,2.1,20,0,0,0
1986-11-06 01:00:00,9.4,74,2.1,250,0,0,0
1986-11-06 02:00:00,8.9,83,2.6,240,0,0,0
1986-11-06 03:00:00,10.0,77,3.1,270,0,0,0
1986-11-06 04:00:00,9.4,80,2.6,280,0,0,0
1986-11-06 05:00:00,9.4,80,2.6,280,0,0,0
1986-11-06 06:00:00,9.4,80,3.1,280,0,0,0
1986-11-06 07:00:00,10.0,77,3.1,280,0,0,0
1986-11-06 08:00:00,8.9,86,3.1,270,34,25,32
1986-11-06 09:00:00,11.1,72,3.1,260,115,57,101
1986-11-06 10:00:00,11.1,72,3.1,260,66,4,64
1986-11-06 11:00:00,10.6,80,2.6,190,137,104,92
1986-11-06 12:00:00,12.2,72,2.6,170,260,85,219
1986-11-06 13:00:00,12.8,64,4.1,290,219,8,215
1986-11-06 14:00:00,12.8,60,4.1,300,149,7,146
1986-11-06 15:00:00,11.7,72,4.1,260,150,3,149
1986-11-06 16:00:00,10.6,80,3.1,290,53,3,53
1986-11-06 17:00:00,10.0,80,4.1,270,14,0,14
1986-11-06 18:00:00,10.0,80,3.1,300,0,0,0
1986-11-06 19:00:00,8.9,86,2.6,240,0,0,0
1986-11-06 20:00:00,8.9,86,2.6,240,0,0,0
1986-11-06 21:00:00,8.9,86,0.0,0,0,0,0
1986-11-06 22:00:00,8.3,89,4.1,220,0,0,0
1986-11-06 23:00:00,8.3,89,3.1,200,0,0,0
1986-11-07 00:00:00,8.3,93,4.1,220,0,0,0
1986-11-07 01:00:00,8.3,93,4.6,220,0,0,0
1986-11-07 02:00:00,8.3,93,4.1,240,0,0,0
1986-11-07 03:00:00,8.3,89,3.1,270,0,0,0
1986-11-07 04:00:00,8.3,89,3.1,270,0,0,0
1986-11-07 05:00:00,7.8,89,2.1,260,0,0,0
1986-11-07 06:00:00,6.7,89,2.6,270,0,0,0
1986-11-07 07:00:00,6.7,93,2.1,190,0,0,0
1986-11-07 08:00:00,6.7,89,2.1,210,51,264,28
1986-11-07 09:00:00,9.4,80,2.1,310,151,336,75
1986-11-07 10:00:00,10.6,74,4.1,250,97,1,97
1986-11-07 11:00:00,10.0,74,3.1,270,248,114,199
1986-11-07 12:00:00,10.6,72,3.1,20,243,285,109
1986-11-07 13:00:00,10.6,74,2.1,20,416,449,206
1986-11-07 14:00:00,11.1,59,3.1,260,391,686,105
1986-11-07 15:00:00,12.8,57,6.2,330,258,452,110
1986-11-07 16:00:00,11.1,57,4.6,300,143,444,54
1986-11-07 17:00:00,8.9,63,4.1,280,36,201,18
1986-11-07 18:00:00,8.3,68,4.1,270,0,0,0
1986-11-07 19:00:00,7.8,68,2.6,260,0,0,0
1986-11-07 20:00:00,6.1,76,2.1,260,0,0,0
1986-11-07 21:00:00,7.8,77,3.1,310,0,0,0
1986-11-07 22:00:00,7.8,80,0.0,0,0,0,0
1986-11-07 23:00:00,7.2,86,2.6,250,0,0,0
1986-11-08 00:00:00,6.7,86,2.1,170,0,0,0
1986-11-08 01:00:00,7.2,89,2.1,280,0,0,0
1986-11-08 02:00:00,7.2,89,0.0,0,0,0,0
1986-11-08 03:00:00,6.1,96,0.0,0,0,0,0
1986-11-08 04:00:00,6.7,93,1.5,230,0,0,0
1986-11-08 05:00:00,6.7,93,3.1,210,0,0,0
1986-11-08 06:00:00,6.7,89,0.0,0,0,0,0
1986-11-08 07:00:00,6.7,86,2.1,210,0,0,0
1986-11-08 08:00:00,7.2,89,3.1,220,17,3,17
1986-11-08 09:00:00,7.8,89,2.1,190,86,6,85
1986-11-08 10:00:00,9.4,80,2.1,170,164,54,146
1986-11-08 11:00:00,10.0,71,2.1,280,183,102,139
1986-11-08 12:00:00,11.1,61,3.1,260,222,51,198
1986-11-08 13:00:00,11.1,64,3.1,190,199,50,176
1986-11-08 14:00:00,11.7,57,2.1,280,225,141,167
1986-11-08 15:00:00,12.2,55,3.1,230,215,256,132
1986-11-08 16:00:00,11.7,59,3.6,250,79,38,71
1986-11-08 17:00:00,9.4,66,2.6,250,21,4,21
1986-11-08 18:00:00,8.9,63,2.6,240,0,0,0
1986-11-08 19:00:00,8.3,74,2.6,250,0,0,0
1986-11-08 20:00:00,7.8,74,2.1,270,0,0,0
1986-11-08 21:00:00,8.3,71,0.0,0,0,0,0
1986-11-08 22:00:00,7.8,77,0.0,0,0,0,0
1986-11-08 23:00:00,7.8,80,2.6,120,0,0,0
1986-11-09 00:00:00,7.8,86,2.6,100,0,0,0
1986-11-09 01:00:00,7.2,93,3.6,110,0,0,0
1986-11-09 02:00:00,7.2,93,3.1,120,0,0,0
1986-11-09 03:00:00,7.2,96,3.1,50,0,0,0
1986-11-09 04:00:00,7.2,93,3.1,120,0,0,0
1986-11-09 05:00:00,7.2,96,2.1,50,0,0,0
1986-11-09 06:00:00,7.2,96,2.1,350,0,0,0
1986-11-09 07:00:00,7.2,93,0.0,0,0,0,0
1986-11-09 08:00:00,6.7,93,2.6,350,24,1,24
1986-11-09 09:00:00,6.7,93,2.1,330,58,4,57
1986-11-09 10:00:00,7.2,89,0.0,0,95,2,95
1986-11-09 11:00:00,7.8,86,2.6,20,247,8,244
1986-11-09 12:00:00,8.3,83,3.6,330,205,3,203
1986-11-09 13:00:00,8.9,83,2.6,350,224,4,222
1986-11-09 14:00:00,7.8,74,4.1,130,187,6,185
1986-11-09 15:00:00,7.8,68,4.1,140,156,3,155
1986-11-09 16:00:00,6.7,60,7.7,110,91,34,84
1986-11-09 17:00:00,5.0,55,7.7,120,26,34,23
1986-11-09 18:00:00,4.4,51,6.2,120,0,0,0
1986-11-09 19:00:00,4.4,45,6.2,100,0,0,0
1986-11-09 20:00:00,3.9,45,5.2,100,0,0,0
1986-11-09 21:00:00,2.8,46,5.2,100,0,0,0
1986-11-09 22:00:00,2.8,42,5.2,100,0,0,0
1986-11-09 23:00:00,2.8,41,5.2,90,0,0,0
1986-11-10 00:00:00,1.7,59,4.1,50,0,0,0
1986-11-10 01:00:00,1.1,52,2.1,100,0,0,0
1986-11-10 02:00:00,1.7,52,4.1,70,0,0,0
1986-11-10 03:00:00,0.0,75,0.0,0,0,0,0
1986-11-10 04:00:00,0.6,50,3.1,60,0,0,0
1986-11-10 05:00:00,0.0,75,2.6,10,0,0,0
1986-11-10 06:00:00,1.7,64,1.5,340,0,0,0
1986-11-10 07:00:00,2.2,39,4.1,100,0,0,0
1986-11-10 08:00:00,2.8,42,1.5,60,33,37,30
1986-11-10 09:00:00,2.8,57,0.0,0,148,290,86
1986-11-10 10:00:00,3.9,39,3.1,60,265,404,130
1986-11-10 11:00:00,5.6,36,2.6,80,359,502,150
1986-11-10 12:00:00,6.7,38,2.6,130,389,524,149
1986-11-10 13:00:00,7.2,37,4.6,160,397,657,99
1986-11-10 14:00:00,7.8,37,3.6,130,344,479,150
1986-11-10 15:00:00,7.2,44,4.6,150,222,321,121
1986-11-10 16:00:00,6.7,47,4.6,150,87,23,82
1986-11-10 17:00:00,5.6,51,2.6,140,16,9,15
1986-11-10 18:00:00,5.6,51,4.1,130,0,0,0
1986-11-10 19:00:00,5.6,53,2.6,130,0,0,0
1986-11-10 20:00:00,5.6,55,3.1,140,0,0,0
1986-11-10 21:00:00,5.6,55,2.1,140,0,0,0
1986-11-10 22:00:00,5.0,60,2.6,130,0,0,0
1986-11-10 23:00:00,5.6,63,2.1,120,0,0,0
1986-11-11 00:00:00,5.6,65,3.1,150,0,0,0
1986-11-11 01:00:00,5.0,65,2.6,150,0,0,0
1986-11-11 02:00:00,5.6,63,2.1,130,0,0,0
1986-11-11 03:00:00,5.6,65,2.1,130,0,0,0
1986-11-11 04:00:00,5.6,65,2.1,140,0,0,0
1986-11-11 05:00:00,6.1,65,1.5,90,0,0,0
1986-11-11 06:00:00,6.7,60,2.1,170,0,0,0
1986-11-11 07:00:00,6.7,65,2.6,110,0,0,0
1986-11-11 08:00:00,6.7,65,3.1,150,16,1,16
1986-11-11 09:00:00,7.2,66,2.1,110,63,1,63
1986-11-11 10:00:00,7.8,68,2.1,140,77,7,75
1986-11-11 11:00:00,7.2,80,3.1,70,143,6,141
1986-11-11 12:00:00,7.2,83,0.0,0,132,8,128
1986-11-11 13:00:00,7.2,83,1.5,90,109,0,109
1986-11-11 14:00:00,8.3,80,0.0,0,163,0,163
1986-11-11 15:00:00,8.9,77,2.6,340,113,2,113
1986-11-11 16:00:00,8.3,86,2.6,310,65,0,65
1986-11-11 17:00:00,8.3,86,2.1,360,18,0,18
1986-11-11 18:00:00,7.8,89,2.1,290,0,0,0
1986-11-11 19:00:00,7.2,93,2.6,310,0,0,0
1986-11-11 20:00:00,6.7,93,2.1,300,0,0,0
1986-11-11 21:00:00,6.7,96,2.1,290,0,0,0
1986-11-11 22:00:00,6.7,96,2.6,290,0,0,0
1986-11-11 23:00:00,7.2,93,0.0,0,0,0,0
1986-11-12 00:00:00,7.2,96,0.0,0,0,0,0
1986-11-12 01:00:00,5.6,83,2.1,150,0,0,0
1986-11-12 02:00:00,5.6,83,0.0,0,0,0,0
1986-11-12 03:00:00,6.7,89,2.1,320,0,0,0
1986-11-12 04:00:00,5.0,83,4.6,120,0,0,0
1986-11-12 05:00:00,5.6,96,3.1,70,0,0,0
1986-11-12 06:00:00,5.0,79,5.2,120,0,0,0
1986-11-12 07:00:00,6.7,63,7.7,120,0,0,0
1986-11-12 08:00:00,6.7,60,8.2,110,21,11,20
1986-11-12 09:00:00,7.8,54,8.8,110,112,114,89
1986-11-12 10:00:00,9.4,50,5.7,110,143,78,118
1986-11-12 11:00:00,10.0,50,8.2,110,275,199,194
1986-11-12 12:00:00,11.1,47,7.2,100,308,331,159
1986-11-12 13:00:00,11.1,47,7.7,110,364,378,196
1986-11-12 14:00:00,10.6,47,8.2,110,221,105,180
1986-11-12 15:00:00,10.0,46,7.7,110,172,149,127
1986-11-12 16:00:00,8.9,48,9.8,110,44,1,44
1986-11-12 17:00:00,8.3,48,10.3,120,16,1,16
1986-11-12 18:00:00,7.8,50,8.2,100,0,0,0
1986-11-12 19:00:00,7.8,50,7.7,110,0,0,0
1986-11-12 20:00:00,7.2,54,6.7,100,0,0,0
1986-11-12 21:00:00,6.7,56,5.7,100,0,0,0
1986-11-12 22:00:00,6.7,56,5.7,100,0,0,0
1986-11-12 23:00:00,6.7,56,4.1,110,0,0,0
1986-11-13 00:00:00,5.0,76,3.1,80,0,0,0
1986-11-13 01:00:00,5.6,63,4.1,130,0,0,0
1986-11-13 02:00:00,5.6,63,4.1,140,0,0,0
1986-11-13 03:00:00,5.6,63,4.1,130,0,0,0
1986-11-13 04:00:00,4.4,76,3.1,70,0,0,0
1986-11-13 05:00:00,3.9,73,2.1,120,0,0,0
1986-11-13 06:00:00,4.4,68,5.2,140,0,0,0
1986-11-13 07:00:00,5.0,65,5.2,120,0,0,0
1986-11-13 08:00:00,5.6,65,5.2,130,23,4,22
1986-11-13 09:00:00,5.6,68,4.6,130,84,33,77
1986-11-13 10:00:00,6.7,65,6.2,130,100,22,93
1986-11-13 11:00:00,6.7,65,6.2,120,196,44,178
1986-11-13 12:00:00,8.3,63,5.7,120,188,2,187
1986-11-13 13:00:00,7.8,68,5.7,120,95,7,92
1986-11-13 14:00:00,6.7,77,4.1,130,105,1,104
1986-11-13 15:00:00,5.6,89,4.1,130,58,5,56
1986-11-13 16:00:00,5.6,89,3.6,130,31,2,31
1986-11-13 17:00:00,5.6,89,3.1,140,10,0,10
1986-11-13 18:00:00,5.6,93,2.6,130,0,0,0
1986-11-13 19:00:00,5.6,93,2.6,120,0,0,0
1986-11-13 20:00:00,6.1,93,2.1,120,0,0,0
1986-11-13 21:00:00,5.6,96,2.1,150,0,0,0
1986-11-13 22:00:00,5.6,96,3.1,160,0,0,0
1986-11-13 23:00:00,5.6,96,2.1,150,0,0,0
1986-11-14 00:00:00,5.6,96,2.1,170,0,0,0
1986-11-14 01:00:00,5.6,100,2.1,160,0,0,0
1986-11-14 02:00:00,5.6,100,0.0,0,0,0,0
1986-11-14 03:00:00,5.6,100,2.6,150,0,0,0
1986-11-14 04:00:00,5.6,96,2.1,140,0,0,0
1986-11-14 05:00:00,6.1,96,2.1,100,0,0,0
1986-11-14 06:00:00,6.1,96,1.5,180,0,0,0
1986-11-14 07:00:00,6.1,96,2.1,200,0,0,0
1986-11-14 08:00:00,6.1,93,2.1,160,22,0,22
1986-11-14 09:00:00,6.7,93,0.0,0,68,3,68
1986-11-14 10:00:00,7.2,93,0.0,0,157,1,156
1986-11-14 11:00:00,8.3,86,0.0,0,188,0,187
1986-11-14 12:00:00,8.9,86,0.0,0,222,1,221
1986-11-14 13:00:00,9.4,86,2.1,70,216,0,215
1986-11-14 14:00:00,10.6,83,0.0,0,186,1,185
1986-11-14 15:00:00,10.6,80,0.0,0,146,1,145
1986-11-14 16:00:00,10.0,83,0.0,0,108,189,75
1986-11-14 17:00:00,7.8,93,2.6,130,25,53,20
1986-11-14 18:00:00,7.8,93,1.5,280,0,0,0
1986-11-14 19:00:00,7.2,89,3.6,100,0,0,0
1986-11-14 20:00:00,7.2,89,2.1,130,0,0,0
1986-11-14 21:00:00,7.2,86,0.0,0,0,0,0
1986-11-14 22:00:00,7.2,86,2.6,130,0,0,0
1986-11-14 23:00:00,6.7,86,2.6,120,0,0,0
1986-11-15 00:00:00,6.1,89,2.6,120,0,0,0
1986-11-15 01:00:00,6.7,89,0.0,0,0,0,0
1986-11-15 02:00:00,5.6,93,0.0,0,0,0,0
1986-11-15 03:00:00,5.0,93,2.1,180,0,0,0
1986-11-15 04:00:00,5.6,93,1.5,190,0,0,0
1986-11-15 05:00:00,6.1,93,2.1,180,0,0,0
1986-11-15 06:00:00,6.7,93,2.1,130,0,0,0
1986-11-15 07:00:00,6.7,93,2.6,180,0,0,0
1986-11-15 08:00:00,7.2,89,3.1,190,9,3,8
1986-11-15 09:00:00,7.8,86,4.1,220,41,5,40
1986-11-15 10:00:00,7.8,86,4.1,260,76,2,76
1986-11-15 11:00:00,7.8,89,3.1,180,152,8,149
1986-11-15 12:00:00,8.3,86,3.1,190,157,4,155
1986-11-15 13:00:00,8.9,83,2.1,250,182,3,180
1986-11-15 14:00:00,9.4,80,3.1,220,149,5,147
1986-11-15 15:00:00,9.4,80,3.1,220,103,2,102
1986-11-15 16:00:00,9.4,83,2.6,240,63,1,63
1986-11-15 17:00:00,8.9,86,2.1,210,18,0,18
1986-11-15 18:00:00,9.4,83,2.6,230,0,0,0
1986-11-15 19:00:00,9.4,83,1.5,180,0,0,0
1986-11-15 20:00:00,9.4,83,2.6,210,0,0,0
1986-11-15 21:00:00,9.4,83,5.7,200,0,0,0
1986-11-15 22:00:00,9.4,83,4.6,200,0,0,0
1986-11-15 23:00:00,8.9,89,5.2,190,0,0,0
1986-11-16 00:00:00,9.4,83,6.2,200,0,0,0
1986-11-16 01:00:00,9.4,83,7.2,190,0,0,0
1986-11-16 02:00:00,9.4,83,6.2,180,0,0,0
1986-11-16 03:00:00,9.4,83,3.1,200,0,0,0
1986-11-16 04:00:00,9.4,83,3.1,210,0,0,0
1986-11-16 05:00:00,9.4,83,5.2,200,0,0,0
1986-11-16 06:00:00,8.9,89,4.1,230,0,0,0
1986-11-16 07:00:00,8.9,93,2.6,230,0,0,0
1986-11-16 08:00:00,8.3,96,3.1,220,13,0,13
1986-11-16 09:00:00,8.3,96,0.0,0,57,0,57
1986-11-16 10:00:00,8.9,93,2.6,200,96,1,95
1986-11-16 11:00:00,9.4,90,4.1,190,199,1,199
1986-11-16 12:00:00,9.4,93,5.2,210,220,1,220
1986-11-16 13:00:00,10.0,90,4.1,180,203,0,203
1986-11-16 14:00:00,10.0,90,3.1,160,196,1,196
1986-11-16 15:00:00,10.0,86,5.2,200,138,0,138
1986-11-16 16:00:00,10.0,90,6.2,200,43,0,43
1986-11-16 17:00:00,10.0,93,5.2,220,12,0,12
1986-11-16 18:00:00,10.0,90,5.7,220,0,0,0
1986-11-16 19:00:00,9.4,93,6.2,220,0,0,0
1986-11-16 20:00:00,9.4,93,5.2,230,0,0,0
1986-11-16 21:00:00,9.4,93,5.7,220,0,0,0
1986-11-16 22:00:00,9.4,93,3.6,230,0,0,0
1986-11-16 23:00:00,9.4,96,4.1,240,0,0,0
1986-11-17 00:00:00,8.9,96,3.6,320,0,0,0
1986-11-17 01:00:00,8.9,93,2.1,300,0,0,0
1986-11-17 02:00:00,7.8,96,2.1,290,0,0,0
1986-11-17 03:00:00,7.2,96,0.0,0,0,0,0
1986-11-17 04:00:00,3.9,100,0.0,0,0,0,0
1986-11-17 05:00:00,4.4,100,0.0,0,0,0,0
1986-11-17 06:00:00,3.9,100,0.0,0,0,0,0
1986-11-17 07:00:00,3.9,96,0.0,0,0,0,0
1986-11-17 08:00:00,4.4,100,0.0,0,19,0,19
1986-11-17 09:00:00,6.1,100,2.1,160,83,1,82
1986-11-17 10:00:00,6.7,100,2.6,130,141,1,140
1986-11-17 11:00:00,7.8,96,0.0,0,207,127,158
1986-11-17 12:00:00,10.0,86,0.0,0,339,504,123
1986-11-17 13:00:00,12.2,67,0.0,0,366,527,142
1986-11-17 14:00:00,12.2,64,2.1,70,322,471,144
1986-11-17 15:00:00,11.1,72,2.1,70,158,109,127
1986-11-17 16:00:00,10.6,72,2.1,70,88,161,61
1986-11-17 17:00:00,9.4,83,0.0,0,17,36,14
1986-11-17 18:00:00,7.8,86,0.0,0,0,0,0
1986-11-17 19:00:00,7.2,89,3.1,130,0,0,0
1986-11-17 20:00:00,7.2,89,3.6,130,0,0,0
1986-11-17 21:00:00,8.3,77,5.7,130,0,0,0
1986-11-17 22:00:00,8.3,77,4.6,130,0,0,0
1986-11-17 23:00:00,8.9,71,4.6,130,0,0,0
1986-11-18 00:00:00,8.9,71,5.2,140,0,0,0
1986-11-18 01:00:00,8.9,71,4.1,150,0,0,0
1986-11-18 02:00:00,9.4,71,3.1,120,0,0,0
1986-11-18 03:00:00,9.4,77,3.1,120,0,0,0
1986-11-18 04:00:00,11.1,77,5.2,150,0,0,0
1986-11-18 05:00:00,12.2,77,6.2,170,0,0,0
1986-11-18 06:00:00,12.8,77,7.2,180,0,0,0
1986-11-18 07:00:00,13.3,75,8.2,190,0,0,0
1986-11-18 08:00:00,12.2,83,7.2,200,9,0,9
1986-11-18 09:00:00,12.2,86,9.8,200,45,10,43
1986-11-18 10:00:00,11.7,93,12.4,200,66,8,64
1986-11-18 11:00:00,12.2,90,3.1,200,90,5,89
1986-11-18 12:00:00,12.2,83,7.7,210,155,5,152
1986-11-18 13:00:00,12.2,86,5.2,200,98,6,96
1986-11-18 14:00:00,12.2,69,6.2,240,148,98,112
1986-11-18 15:00:00,13.3,67,4.1,210,187,176,137
1986-11-18 16:00:00,12.2,69,4.1,220,105,357,47
1986-11-18 17:00:00,11.1,74,3.6,200,20,46,16
1986-11-18 18:00:00,10.6,80,4.6,190,0,0,0
1986-11-18 19:00:00,11.7,74,4.6,220,0,0,0
1986-11-18 20:00:00,10.6,86,5.2,250,0,0,0
1986-11-18 21:00:00,10.6,86,6.2,230,0,0,0
1986-11-18 22:00:00,10.6,83,4.1,190,0,0,0
1986-11-18 23:00:00,10.0,93,4.1,220,0,0,0
1986-11-19 00:00:00,10.0,90,4.1,210,0,0,0
1986-11-19 01:00:00,9.4,93,2.1,210,0,0,0
1986-11-19 02:00:00,10.0,90,2.6,340,0,0,0
1986-11-19 03:00:00,9.4,93,1.5,190,0,0,0
1986-11-19 04:00:00,9.4,90,0.0,0,0,0,0
1986-11-19 05:00:00,8.3,93,0.0,0,0,0,0
1986-11-19 06:00:00,8.3,93,1.5,70,0,0,0
1986-11-19 07:00:00,7.8,96,3.1,170,0,0,0
1986-11-19 08:00:00,9.4,93,2.1,170,24,1,24
1986-11-19 09:00:00,10.0,93,4.1,190,66,6,65
1986-11-19 10:00:00,11.1,86,2.6,190,96,1,96
1986-11-19 11:00:00,11.1,90,3.1,190,103,9,100
1986-11-19 12:00:00,11.7,83,4.6,190,212,7,209
1986-11-19 13:00:00,12.2,80,5.2,190,172,4,170
1986-11-19 14:00:00,11.7,83,5.2,210,155,4,153
1986-11-19 15:00:00,12.2,75,5.2,180,123,3,122
1986-11-19 16:00:00,12.2,69,5.2,180,71,2,71
1986-11-19 17:00:00,12.2,72,6.2,190,15,0,15
1986-11-19 18:00:00,12.2,72,3.6,190,0,0,0
1986-11-19 19:00:00,12.8,69,4.1,170,0,0,0
1986-11-19 20:00:00,12.8,69,4.6,170,0,0,0
1986-11-19 21:00:00,13.3,69,3.6,160,0,0,0
1986-11-19 22:00:00,13.3,72,4.1,190,0,0,0
1986-11-19 23:00:00,13.9,72,3.6,200,0,0,0
1986-11-20 00:00:00,13.9,69,4.1,190,0,0,0
1986-11-20 01:00:00,14.4,67,7.2,190,0,0,0
1986-11-20 02:00:00,14.4,70,5.7,180,0,0,0
1986-11-20 03:00:00,15.0,65,9.3,200,0,0,0
1986-11-20 04:00:00,15.6,65,11.3,210,0,0,0
1986-11-20 05:00:00,16.1,60,8.8,200,0,0,0
1986-11-20 06:00:00,13.9,84,10.3,210,0,0,0
1986-11-20 07:00:00,12.2,96,4.6,310,0,0,0
1986-11-20 08:00:00,11.1,93,3.6,10,10,0,10
1986-11-20 09:00:00,10.6,93,0.0,0,45,1,45
1986-11-20 10:00:00,10.6,93,2.1,110,83,0,83
1986-11-20 11:00:00,10.6,93,3.6,140,109,1,109
1986-11-20 12:00:00,11.1,93,3.6,170,128,0,128
1986-11-20 13:00:00,10.6,90,3.1,170,203,1,202
1986-11-20 14:00:00,11.1,86,3.1,150,182,1,182
1986-11-20 15:00:00,11.1,86,2.1,170,82,1,81
1986-11-20 16:00:00,10.6,90,3.1,170,40,0,40
1986-11-20 17:00:00,10.6,90,2.1,170,10,0,10
1986-11-20 18:00:00,10.6,90,0.0,0,0,0,0
1986-11-20 19:00:00,10.6,90,2.6,270,0,0,0
1986-11-20 20:00:00,10.0,90,2.1,110,0,0,0
1986-11-20 21:00:00,10.0,90,2.6,100,0,0,0
1986-11-20 22:00:00,9.4,96,3.6,220,0,0,0
1986-11-20 23:00:00,9.4,93,0.0,0,0,0,0
1986-11-21 00:00:00,8.9,93,2.6,250,0,0,0
1986-11-21 01:00:00,9.4,90,3.1,230,0,0,0
1986-11-21 02:00:00,8.9,89,2.1,230,0,0,0
1986-11-21 03:00:00,8.3,89,2.1,160,0,0,0
1986-11-21 04:00:00,8.3,89,1.5,60,0,0,0
1986-11-21 05:00:00,8.3,89,4.6,220,0,0,0
1986-11-21 06:00:00,8.3,89,3.1,170,0,0,0
1986-11-21 07:00:00,8.3,93,1.5,160,0,0,0
1986-11-21 08:00:00,8.3,89,0.0,0,22,22,20
1986-11-21 09:00:00,8.9,86,4.1,210,104,290,55
1986-11-21 10:00:00,10.0,83,2.6,180,189,294,105
1986-11-21 11:00:00,11.7,77,5.2,200,323,505,136
1986-11-21 12:00:00,12.2,75,5.2,190,135,72,105
1986-11-21 13:00:00,10.6,83,5.7,200,138,13,132
1986-11-21 14:00:00,11.1,77,7.2,200,196,14,190
1986-11-21 15:00:00,11.1,77,6.7,200,81,8,79
1986-11-21 16:00:00,10.0,90,5.2,180,28,4,27
1986-11-21 17:00:00,10.0,86,5.2,180,8,1,7
1986-11-21 18:00:00,9.4,86,6.7,180,0,0,0
1986-11-21 19:00:00,9.4,86,4.6,160,0,0,0
1986-11-21 20:00:00,10.0,86,5.2,180,0,0,0
1986-11-21 21:00:00,10.0,86,5.7,210,0,0,0
1986-11-21 22:00:00,10.6,83,5.7,200,0,0,0
1986-11-21 23:00:00,10.0,86,5.7,210,0,0,0
1986-11-22 00:00:00,9.4,93,6.2,330,0,0,0
1986-11-22 01:00:00,7.2,93,2.1,170,0,0,0
1986-11-22 02:00:00,8.9,89,4.1,200,0,0,0
1986-11-22 03:00:00,7.8,89,2.6,210,0,0,0
1986-11-22 04:00:00,7.8,86,2.6,220,0,0,0
1986-11-22 05:00:00,6.7,93,1.5,160,0,0,0
1986-11-22 06:00:00,7.8,86,2.1,170,0,0,0
1986-11-22 07:00:00,7.2,89,1.5,200,0,0,0
1986-11-22 08:00:00,7.8,86,3.6,200,16,27,13
1986-11-22 09:00:00,8.3,86,3.6,230,90,25,86
1986-11-22 10:00:00,9.4,83,2.6,200,184,73,163
1986-11-22 11:00:00,11.1,77,4.6,220,235,200,161
1986-11-22 12:00:00,10.6,77,6.2,210,225,73,195
1986-11-22 13:00:00,11.1,74,4.6,210,181,13,176
1986-11-22 14:00:00,10.0,86,4.6,220,79,2,78
1986-11-22 15:00:00,10.0,86,4.1,200,68,6,67
1986-11-22 16:00:00,9.4,90,3.1,190,35,3,34
1986-11-22 17:00:00,9.4,90,3.6,180,6,0,6
1986-11-22 18:00:00,8.9,93,3.6,160,0,0,0
1986-11-22 19:00:00,8.9,89,3.6,140,0,0,0
1986-11-22 20:00:00,8.9,93,2.1,130,0,0,0
1986-11-22 21:00:00,8.3,93,3.1,130,0,0,0
1986-11-22 22:00:00,8.3,93,3.1,130,0,0,0
1986-11-22 23:00:00,8.9,93,3.1,140,0,0,0
1986-11-23 00:00:00,11.1,83,5.2,190,0,0,0
1986-11-23 01:00:00,11.1,86,4.6,220,0,0,0
1986-11-23 02:00:00,11.7,86,6.7,210,0,0,0
1986-11-23 03:00:00,11.7,86,6.2,200,0,0,0
1986-11-23 04:00:00,11.7,86,5.2,200,0,0,0
1986-11-23 05:00:00,11.1,93,6.7,200,0,0,0
1986-11-23 06:00:00,11.7,90,4.6,190,0,0,0
1986-11-23 07:00:00,12.2,83,6.7,190,0,0,0
1986-11-23 08:00:00,12.8,80,8.8,200,16,1,15
1986-11-23 09:00:00,12.8,80,5.2,220,59,4,58
1986-11-23 10:00:00,12.8,87,10.3,220,71,1,71
1986-11-23 11:00:00,12.8,87,5.7,210,92,2,91
1986-11-23 12:00:00,13.3,87,7.2,210,112,2,111
1986-11-23 13:00:00,13.3,87,6.2,200,123,1,123
1986-11-23 14:00:00,13.3,87,6.2,190,97,0,97
1986-11-23 15:00:00,13.3,87,5.7,210,78,0,78
1986-11-23 16:00:00,13.3,87,6.7,200,33,0,33
1986-11-23 17:00:00,12.8,90,5.7,200,8,0,8
1986-11-23 18:00:00,13.9,84,6.2,200,0,0,0
1986-11-23 19:00:00,13.3,87,6.7,210,0,0,0
1986-11-23 20:00:00,13.3,87,5.7,210,0,0,0
1986-11-23 21:00:00,13.3,80,7.2,200,0,0,0
1986-11-23 22:00:00,13.3,80,6.2,180,0,0,0
1986-11-23 23:00:00,13.9,75,5.2,190,0,0,0
1986-11-24 00:00:00,13.9,72,5.7,170,0,0,0
1986-11-24 01:00:00,13.9,72,7.2,190,0,0,0
1986-11-24 02:00:00,13.9,69,6.2,190,0,0,0
1986-11-24 03:00:00,12.8,77,4.6,190,0,0,0
1986-11-24 04:00:00,12.8,75,6.7,200,0,0,0
1986-11-24 05:00:00,11.1,93,4.1,180,0,0,0
1986-11-24 06:00:00,11.7,90,6.7,180,0,0,0
1986-11-24 07:00:00,11.1,93,6.2,190,0,0,0
1986-11-24 08:00:00,7.2,93,7.7,340,10,0,10
1986-11-24 09:00:00,6.1,93,7.2,320,39,0,39
1986-11-24 10:00:00,5.6,93,5.7,310,74,0,74
1986-11-24 11:00:00,5.6,93,2.6,200,104,1,104
1986-11-24 12:00:00,7.2,86,4.1,320,202,0,202
1986-11-24 13:00:00,8.3,83,3.1,310,166,81,133
1986-11-24 14:00:00,9.4,77,3.1,310,260,433,106
1986-11-24 15:00:00,9.4,77,2.6,300,132,25,125
1986-11-24 16:00:00,8.9,80,2.1,250,92,266,53
1986-11-24 17:00:00,7.8,80,2.6,210,18,84,11
1986-11-24 18:00:00,6.1,86,0.0,0,0,0,0
1986-11-24 19:00:00,6.1,89,3.6,190,0,0,0
1986-11-24 20:00:00,5.6,89,1.5,280,0,0,0
1986-11-24 21:00:00,6.1,89,0.0,0,0,0,0
1986-11-24 22:00:00,5.6,93,0.0,0,0,0,0
1986-11-24 23:00:00,5.0,89,2.6,140,0,0,0
1986-11-25 00:00:00,3.9,96,2.1,120,0,0,0
1986-11-25 01:00:00,3.3,96,2.6,140,0,0,0
1986-11-25 02:00:00,2.8,96,1.5,140,0,0,0
1986-11-25 03:00:00,2.8,96,2.1,170,0,0,0
1986-11-25 04:00:00,1.7,96,2.1,260,0,0,0
1986-11-25 05:00:00,2.2,100,1.5,160,0,0,0
1986-11-25 06:00:00,1.7,96,1.5,160,0,0,0
1986-11-25 07:00:00,1.1,96,1.5,110,0,0,0
1986-11-25 08:00:00,2.2,100,2.1,180,11,0,11
1986-11-25 09:00:00,2.2,100,1.5,180,65,5,64
1986-11-25 10:00:00,3.3,96,2.1,130,104,13,101
1986-11-25 11:00:00,6.7,83,4.1,140,227,104,189
1986-11-25 12:00:00,7.8,71,2.1,140,223,100,183
1986-11-25 13:00:00,8.3,68,2.1,220,161,3,159
1986-11-25 14:00:00,8.3,71,3.1,200,117,21,110
1986-11-25 15:00:00,6.7,80,4.1,180,94,13,90
1986-11-25 16:00:00,6.7,80,3.6,180,46,5,46
1986-11-25 17:00:00,5.0,86,3.6,230,11,0,11
1986-11-25 18:00:00,5.6,79,2.6,170,0,0,0
1986-11-25 19:00:00,6.7,74,4.1,130,0,0,0
1986-11-25 20:00:00,7.2,74,3.6,140,0,0,0
1986-11-25 21:00:00,6.7,83,3.6,120,0,0,0
1986-11-25 22:00:00,6.1,89,3.6,120,0,0,0
1986-11-25 23:00:00,7.2,83,4.1,130,0,0,0
1986-11-26 00:00:00,7.8,86,4.1,140,0,0,0
1986-11-26 01:00:00,7.8,89,5.7,190,0,0,0
1986-11-26 02:00:00,8.3,89,2.1,340,0,0,0
1986-11-26 03:00:00,8.3,93,3.6,290,0,0,0
1986-11-26 04:00:00,8.3,93,0.0,0,0,0,0
1986-11-26 05:00:00,7.8,96,0.0,0,0,0,0
1986-11-26 06:00:00,7.8,96,2.1,90,0,0,0
1986-11-26 07:00:00,7.8,96,1.5,20,0,0,0
1986-11-26 08:00:00,6.7,100,1.5,270,10,0,10
1986-11-26 09:00:00,7.8,96,2.1,300,59,3,58
1986-11-26 10:00:00,7.8,96,2.1,240,146,4,145
1986-11-26 11:00:00,7.8,100,2.1,270,103,2,102
1986-11-26 12:00:00,7.8,100,0.0,0,112,1,112
1986-11-26 13:00:00,8.3,96,3.6,140,118,0,118
1986-11-26 14:00:00,8.3,93,6.2,130,100,1,99
1986-11-26 15:00:00,8.3,96,7.7,130,82,1,82
1986-11-26 16:00:00,8.3,93,6.2,130,37,0,37
1986-11-26 17:00:00,8.3,93,6.7,140,8,0,8
1986-11-26 18:00:00,8.3,96,7.2,120,0,0,0
1986-11-26 19:00:00,8.9,93,6.2,120,0,0,0
1986-11-26 20:00:00,11.7,83,5.2,190,0,0,0
1986-11-26 21:00:00,11.1,86,6.2,190,0,0,0
1986-11-26 22:00:00,10.6,93,8.8,200,0,0,0
1986-11-26 23:00:00,10.6,90,10.3,210,0,0,0
1986-11-27 00:00:00,11.1,90,7.7,200,0,0,0
1986-11-27 01:00:00,11.1,90,4.1,210,0,0,0
1986-11-27 02:00:00,10.6,93,4.6,170,0,0,0
1986-11-27 03:00:00,10.0,90,3.1,110,0,0,0
1986-11-27 04:00:00,10.6,90,5.2,160,0,0,0
1986-11-27 05:00:00,10.0,93,2.6,90,0,0,0
1986-11-27 06:00:00,9.4,96,2.6,90,0,0,0
1986-11-27 07:00:00,10.0,93,5.7,180,0,0,0
1986-11-27 08:00:00,10.0,93,5.2,180,10,0,10
1986-11-27 09:00:00,10.0,86,2.6,120,60,0,60
1986-11-27 10:00:00,10.0,83,3.6,150,100,1,100
1986-11-27 11:00:00,8.3,93,4.6,90,98,1,98
1986-11-27 12:00:00,8.3,89,5.2,140,102,1,101
1986-11-27 13:00:00,8.3,89,4.1,170,102,1,102
1986-11-27 14:00:00,8.3,89,2.6,150,98,1,97
1986-11-27 15:00:00,7.8,96,2.1,130,62,1,61
1986-11-27 16:00:00,7.8,89,0.0,0,29,1,29
1986-11-27 17:00:00,7.8,93,1.5,50,6,0,6
1986-11-27 18:00:00,7.8,93,2.6,330,0,0,0
1986-11-27 19:00:00,7.8,93,2.6,310,0,0,0
1986-11-27 20:00:00,7.2,96,3.1,330,0,0,0
1986-11-27 21:00:00,7.2,96,2.6,280,0,0,0
1986-11-27 22:00:00,7.2,96,1.5,250,0,0,0
1986-11-27 23:00:00,7.2,96,0.0,0,0,0,0
1986-11-28 00:00:00,7.2,93,5.2,110,0,0,0
1986-11-28 01:00:00,6.7,96,2.6,130,0,0,0
1986-11-28 02:00:00,6.1,96,3.1,120,0,0,0
1986-11-28 03:00:00,6.7,93,4.1,130,0,0,0
1986-11-28 04:00:00,6.1,96,6.2,110,0,0,0
1986-11-28 05:00:00,6.1,93,4.1,120,0,0,0
1986-11-28 06:00:00,6.7,93,3.6,120,0,0,0
1986-11-28 07:00:00,6.1,96,4.1,120,0,0,0
1986-11-28 08:00:00,6.1,96,4.6,130,8,0,8
1986-11-28 09:00:00,6.1,96,4.1,130,32,0,32
1986-11-28 10:00:00,6.1,96,3.6,130,65,1,65
1986-11-28 11:00:00,6.7,96,3.6,130,84,1,84
1986-11-28 12:00:00,7.8,93,3.6,130,162,0,162
1986-11-28 13:00:00,7.8,93,2.1,180,155,1,155
1986-11-28 14:00:00,7.8,96,2.6,340,116,65,93
1986-11-28 15:00:00,8.3,89,3.6,310,128,145,91
1986-11-28 16:00:00,8.3,83,3.6,320,39,18,37
1986-11-28 17:00:00,6.7,89,3.6,320,10,1,10
1986-11-28 18:00:00,7.2,86,4.1,320,0,0,0
1986-11-28 19:00:00,7.2,83,4.6,310,0,0,0
1986-11-28 20:00:00,7.2,86,5.2,320,0,0,0
1986-11-28 21:00:00,7.2,86,4.6,330,0,0,0
1986-11-28 22:00:00,6.7,89,3.6,310,0,0,0
1986-11-28 23:00:00,6.1,89,2.6,310,0,0,0
1986-11-29 00:00:00,5.6,89,3.1,340,0,0,0
1986-11-29 01:00:00,4.4,96,0.0,0,0,0,0
1986-11-29 02:00:00,3.3,96,2.6,310,0,0,0
1986-11-29 03:00:00,3.3,96,2.6,290,0,0,0
1986-11-29 04:00:00,2.8,96,2.6,290,0,0,0
1986-11-29 05:00:00,2.8,100,1.5,280,0,0,0
1986-11-29 06:00:00,3.3,96,2.6,280,0,0,0
1986-11-29 07:00:00,2.2,96,2.1,290,0,0,0
1986-11-29 08:00:00,3.9,96,1.5,40,9,5,9
1986-11-29 09:00:00,4.4,96,2.1,60,64,41,58
1986-11-29 10:00:00,5.6,93,2.6,110,134,202,82
1986-11-29 11:00:00,7.8,83,2.6,120,269,459,112
1986-11-29 12:00:00,9.4,71,2.6,170,329,577,105
1986-11-29 13:00:00,8.3,77,2.6,120,182,57,160
1986-11-29 14:00:00,8.9,66,2.6,350,191,156,137
1986-11-29 15:00:00,8.3,66,0.0,0,126,154,87
1986-11-29 16:00:00,7.8,71,3.1,90,73,112,58
1986-11-29 17:00:00,7.8,68,1.5,120,8,6,7
1986-11-29 18:00:00,7.2,80,2.6,60,0,0,0
1986-11-29 19:00:00,4.4,89,4.1,90,0,0,0
1986-11-29 20:00:00,5.0,86,5.2,110,0,0,0
1986-11-29 21:00:00,3.9,93,3.1,130,0,0,0
1986-11-29 22:00:00,3.3,93,2.6,140,0,0,0
1986-11-29 23:00:00,3.3,89,3.1,120,0,0,0
1986-11-30 00:00:00,2.8,93,2.1,160,0,0,0
1986-11-30 01:00:00,2.8,93,2.6,130,0,0,0
1986-11-30 02:00:00,1.7,96,2.6,140,0,0,0
1986-11-30 03:00:00,0.6,96,0.0,0,0,0,0
1986-11-30 04:00:00,0.0,96,3.1,280,0,0,0
1986-11-30 05:00:00,0.6,100,2.1,230,0,0,0
1986-11-30 06:00:00,-0.6,100,0.0,0,0,0,0
1986-11-30 07:00:00,-0.6,100,2.1,280,0,0,0
1986-11-30 08:00:00,0.0,100,2.6,290,13,20,12
1986-11-30 09:00:00,1.7,100,2.6,10,79,107,64
1986-11-30 10:00:00,1.7,100,1.5,220,81,16,77
1986-11-30 11:00:00,3.3,100,4.6,320,207,248,122
1986-11-30 12:00:00,4.4,89,4.1,10,271,298,156
1986-11-30 13:00:00,5.0,86,1.5,350,260,339,130
1986-11-30 14:00:00,6.1,80,1.5,290,210,81,183
1986-11-30 15:00:00,6.7,77,2.1,290,185,229,127
1986-11-30 16:00:00,6.1,83,2.1,280,76,48,69
1986-11-30 17:00:00,5.6,86,0.0,0,9,1,9
1986-11-30 18:00:00,5.6,86,0.0,0,0,0,0
1986-11-30 19:00:00,5.0,86,0.0,0,0,0,0
1986-11-30 20:00:00,5.0,89,0.0,0,0,0,0
1986-11-30 21:00:00,4.4,93,2.1,250,0,0,0
1986-11-30 22:00:00,3.5,93,2.3,0,0,0,0
1986-11-30 23:00:00,2.5,83,2.5,130,0,0,0
1986-12-01 00:00:00,1.6,93,2.7,170,0,0,0
1976-12-01 01:00:00,0.6,100,3.0,280,0,0,0
1976-12-01 02:00:00,-0.2,100,3.2,260,0,0,0
1976-12-01 03:00:00,-1.2,100,3.4,260,0,0,0
1976-12-01 04:00:00,-2.2,100,3.6,300,0,0,0
1976-12-01 05:00:00,-1.7,100,2.6,330,0,0,0
1976-12-01 06:00:00,-2.2,100,3.6,310,0,0,0
1976-12-01 07:00:00,-1.7,100,0.0,0,0,0,0
1976-12-01 08:00:00,-1.7,100,2.1,340,7,17,5
1976-12-01 09:00:00,-1.7,96,0.0,0,84,320,42
1976-12-01 10:00:00,-1.1,100,3.1,290,77,2,77
1976-12-01 11:00:00,-0.6,100,3.6,280,144,2,144
1976-12-01 12:00:00,1.7,96,4.1,300,355,814,47
1976-12-01 13:00:00,3.9,82,3.1,280,362,826,49
1976-12-01 14:00:00,6.1,73,3.1,290,310,792,45
1976-12-01 15:00:00,6.7,74,3.1,290,211,686,39
1976-12-01 16:00:00,6.1,73,0.0,0,90,443,32
1976-12-01 17:00:00,3.9,86,2.1,300,17,91,8
1976-12-01 18:00:00,1.7,89,2.6,280,0,0,0
1976-12-01 19:00:00,0.0,96,2.1,290,0,0,0
1976-12-01 20:00:00,-1.1,100,2.1,260,0,0,0
1976-12-01 21:00:00,0.0,100,2.1,240,0,0,0
1976-12-01 22:00:00,-0.6,96,0.0,0,0,0,0
1976-12-01 23:00:00,-3.3,100,2.1,270,0,0,0
1976-12-02 00:00:00,-1.1,100,2.6,290,0,0,0
1976-12-02 01:00:00,-0.6,100,2.6,290,0,0,0
1976-12-02 02:00:00,-2.2,100,2.6,220,0,0,0
1976-12-02 03:00:00,-2.2,100,1.5,250,0,0,0
1976-12-02 04:00:00,-2.2,100,1.5,260,0,0,0
1976-12-02 05:00:00,-2.2,100,2.6,240,0,0,0
1976-12-02 06:00:00,-2.8,100,0.0,0,0,0,0
1976-12-02 07:00:00,-2.8,100,1.5,270,0,0,0
1976-12-02 08:00:00,-2.8,100,2.1,250,7,1,7
1976-12-02 09:00:00,-2.8,100,1.5,270,36,5,35
1976-12-02 10:00:00,-1.7,100,2.1,290,106,41,95
1976-12-02 11:00:00,0.0,89,2.1,250,271,574,81
1976-12-02 12:00:00,3.3,89,2.1,290,346,592,123
1976-12-02 13:00:00,5.0,73,2.1,350,289,489,106
1976-12-02 14:00:00,6.1,65,0.0,0,197,175,139
1976-12-02 15:00:00,6.1,68,2.6,270,120,75,102
1976-12-02 16:00:00,3.3,89,3.6,280,65,85,54
1976-12-02 17:00:00,0.6,96,2.6,260,12,15,11
1976-12-02 18:00:00,0.0,96,2.6,260,0,0,0
1976-12-02 19:00:00,1.1,92,0.0,0,0,0,0
1976-12-02 20:00:00,1.1,92,0.0,0,0,0,0
1976-12-02 21:00:00,0.0,96,2.1,270,0,0,0
1976-12-02 22:00:00,0.6,96,0.0,0,0,0,0
1976-12-02 23:00:00,-0.6,96,2.6,260,0,0,0
1976-12-03 00:00:00,0.0,96,2.6,290,0,0,0
1976-12-03 01:00:00,-1.1,100,0.0,0,0,0,0
1976-12-03 02:00:00,-0.6,100,0.0,0,0,0,0
1976-12-03 03:00:00,-1.1,100,0.0,0,0,0,0
1976-12-03 04:00:00,-1.7,100,0.0,0,0,0,0
1976-12-03 05:00:00,-0.6,100,0.0,0,0,0,0
1976-12-03 06:00:00,0.0,100,2.1,350,0,0,0
1976-12-03 07:00:00,0.0,100,1.5,360,0,0,0
1976-12-03 08:00:00,0.0,100,2.6,20,2,1,1
1976-12-03 09:00:00,0.6,96,2.6,320,39,4,39
1976-12-03 10:00:00,1.1,96,2.6,310,79,6,77
1976-12-03 11:00:00,1.7,92,1.5,330,115,56,97
1976-12-03 12:00:00,2.2,89,2.6,290,278,143,224
1976-12-03 13:00:00,3.3,86,2.6,280,207,66,182
1976-12-03 14:00:00,3.3,89,3.1,290,131,8,128
1976-12-03 15:00:00,3.3,86,1.5,250,115,7,114
1976-12-03 16:00:00,3.3,89,2.6,260,60,4,59
1976-12-03 17:00:00,2.8,92,2.6,260,7,1,7
1976-12-03 18:00:00,2.8,92,2.1,230,0,0,0
1976-12-03 19:00:00,3.3,89,2.1,10,0,0,0
1976-12-03 20:00:00,3.9,86,2.1,50,0,0,0
1976-12-03 21:00:00,3.3,89,2.6,320,0,0,0
1976-12-03 22:00:00,3.9,86,2.1,350,0,0,0
1976-12-03 23:00:00,3.3,89,2.6,300,0,0,0
1976-12-04 00:00:00,2.8,92,2.1,20,0,0,0
1976-12-04 01:00:00,2.8,92,2.1,350,0,0,0
1976-12-04 02:00:00,2.8,96,0.0,0,0,0,0
1976-12-04 03:00:00,3.3,93,2.1,160,0,0,0
1976-12-04 04:00:00,2.8,92,2.6,120,0,0,0
1976-12-04 05:00:00,2.8,92,0.0,0,0,0,0
1976-12-04 06:00:00,3.3,93,0.0,0,0,0,0
1976-12-04 07:00:00,3.3,89,0.0,0,0,0,0
1976-12-04 08:00:00,3.3,93,2.1,130,8,0,8
1976-12-04 09:00:00,3.3,93,2.6,90,23,1,23
1976-12-04 10:00:00,3.9,86,2.6,300,64,12,61
1976-12-04 11:00:00,3.9,86,0.0,0,109,4,108
1976-12-04 12:00:00,3.9,86,0.0,0,157,6,155
1976-12-04 13:00:00,4.4,82,2.6,340,131,5,129
1976-12-04 14:00:00,4.4,82,0.0,0,118,3,117
1976-12-04 15:00:00,4.4,82,3.1,40,84,3,83
1976-12-04 16:00:00,3.9,86,2.6,30,40,1,40
1976-12-04 17:00:00,3.9,82,2.1,10,9,0,9
1976-12-04 18:00:00,3.9,86,2.6,50,0,0,0
1976-12-04 19:00:00,3.9,82,3.1,60,0,0,0
1976-12-04 20:00:00,3.3,89,2.6,80,0,0,0
1976-12-04 21:00:00,3.3,89,1.5,80,0,0,0
1976-12-04 22:00:00,3.9,86,2.1,320,0,0,0
1976-12-04 23:00:00,3.3,93,2.1,250,0,0,0
1976-12-05 00:00:00,3.3,93,0.0,0,0,0,0
1976-12-05 01:00:00,3.9,89,0.0,0,0,0,0
1976-12-05 02:00:00,3.3,93,0.0,0,0,0,0
1976-12-05 03:00:00,3.3,86,2.6,170,0,0,0
1976-12-05 04:00:00,3.3,82,0.0,0,0,0,0
1976-12-05 05:00:00,3.3,82,0.0,0,0,0,0
1976-12-05 06:00:00,3.9,86,0.0,0,0,0,0
1976-12-05 07:00:00,3.3,79,3.6,130,0,0,0
1976-12-05 08:00:00,3.3,82,2.6,110,3,0,3
1976-12-05 09:00:00,3.9,82,3.1,150,55,18,53
1976-12-05 10:00:00,4.4,79,0.0,0,133,143,98
1976-12-05 11:00:00,5.6,73,3.1,110,143,50,126
1976-12-05 12:00:00,6.1,68,4.6,130,196,41,181
1976-12-05 13:00:00,7.2,63,3.6,130,113,6,111
1976-12-05 14:00:00,7.2,65,3.1,100,193,129,151
1976-12-05 15:00:00,6.7,68,3.1,120,101,4,100
1976-12-05 16:00:00,5.6,68,3.6,130,43,5,42
1976-12-05 17:00:00,5.0,70,3.6,110,0,2,0
1976-12-05 18:00:00,5.0,70,4.1,120,0,0,0
1976-12-05 19:00:00,4.4,73,2.6,110,0,0,0
1976-12-05 20:00:00,4.4,73,4.1,120,0,0,0
1976-12-05 21:00:00,4.4,73,4.1,130,0,0,0
1976-12-05 22:00:00,4.4,73,3.1,120,0,0,0
1976-12-05 23:00:00,4.4,73,2.6,110,0,0,0
1976-12-06 00:00:00,4.4,76,3.1,110,0,0,0
1976-12-06 01:00:00,4.4,76,2.6,140,0,0,0
1976-12-06 02:00:00,4.4,79,2.1,110,0,0,0
1976-12-06 03:00:00,4.4,79,2.6,120,0,0,0
1976-12-06 04:00:00,4.4,79,3.1,100,0,0,0
1976-12-06 05:00:00,4.4,82,2.6,100,0,0,0
1976-12-06 06:00:00,3.9,79,3.6,140,0,0,0
1976-12-06 07:00:00,3.9,82,2.6,110,0,0,0
1976-12-06 08:00:00,4.4,82,0.0,0,3,1,3
1976-12-06 09:00:00,4.4,86,2.1,190,38,3,37
1976-12-06 10:00:00,4.4,86,1.5,160,93,13,90
1976-12-06 11:00:00,5.6,83,1.5,150,84,1,84
1976-12-06 12:00:00,5.0,93,3.1,150,86,6,84
1976-12-06 13:00:00,5.0,89,2.6,210,149,4,148
1976-12-06 14:00:00,6.1,83,2.6,180,132,4,131
1976-12-06 15:00:00,6.7,80,2.6,130,102,1,102
1976-12-06 16:00:00,6.7,83,2.6,120,47,2,47
1976-12-06 17:00:00,6.1,86,2.1,120,8,0,8
1976-12-06 18:00:00,6.7,80,0.0,0,0,0,0
1976-12-06 19:00:00,6.7,80,2.6,180,0,0,0
1976-12-06 20:00:00,6.1,83,1.5,190,0,0,0
1976-12-06 21:00:00,6.1,83,1.5,200,0,0,0
1976-12-06 22:00:00,6.1,86,2.6,200,0,0,0
1976-12-06 23:00:00,6.1,83,2.1,200,0,0,0
1976-12-07 00:00:00,6.1,86,0.0,0,0,0,0
1976-12-07 01:00:00,6.1,86,0.0,0,0,0,0
1976-12-07 02:00:00,6.1,86,0.0,0,0,0,0
1976-12-07 03:00:00,6.1,86,3.1,160,0,0,0
1976-12-07 04:00:00,6.1,86,2.1,160,0,0,0
1976-12-07 05:00:00,5.6,86,3.1,160,0,0,0
1976-12-07 06:00:00,5.6,86,3.6,140,0,0,0
1976-12-07 07:00:00,5.6,86,2.1,130,0,0,0
1976-12-07 08:00:00,5.6,86,2.6,160,4,0,4
1976-12-07 09:00:00,5.6,89,4.1,160,39,0,39
1976-12-07 10:00:00,6.1,89,3.6,90,97,1,97
1976-12-07 11:00:00,7.8,83,2.1,160,141,0,141
1976-12-07 12:00:00,8.9,77,2.6,160,160,1,160
1976-12-07 13:00:00,8.9,89,1.5,180,165,1,165
1976-12-07 14:00:00,8.9,83,3.6,180,146,1,145
1976-12-07 15:00:00,8.9,89,4.1,180,61,1,60
1976-12-07 16:00:00,8.9,89,1.5,180,46,0,46
1976-12-07 17:00:00,8.3,96,2.6,100,5,0,5
1976-12-07 18:00:00,8.3,93,1.5,90,0,0,0
1976-12-07 19:00:00,8.3,96,2.1,170,0,0,0
1976-12-07 20:00:00,8.9,93,2.6,170,0,0,0
1976-12-07 21:00:00,8.9,89,1.5,80,0,0,0
1976-12-07 22:00:00,7.8,96,2.6,60,0,0,0
1976-12-07 23:00:00,8.3,96,2.6,100,0,0,0
1976-12-08 00:00:00,8.9,89,2.6,110,0,0,0
1976-12-08 01:00:00,9.4,86,4.1,190,0,0,0
1976-12-08 02:00:00,9.4,86,4.1,170,0,0,0
1976-12-08 03:00:00,9.4,86,3.1,150,0,0,0
1976-12-08 04:00:00,9.4,83,5.2,200,0,0,0
1976-12-08 05:00:00,10.0,83,6.2,180,0,0,0
1976-12-08 06:00:00,10.6,80,7.2,180,0,0,0
1976-12-08 07:00:00,11.1,74,6.7,180,0,0,0
1976-12-08 08:00:00,11.1,74,6.7,180,3,0,3
1976-12-08 09:00:00,11.1,72,8.2,170,44,0,44
1976-12-08 10:00:00,10.6,83,9.3,190,57,0,57
1976-12-08 11:00:00,10.0,83,6.7,250,88,0,88
1976-12-08 12:00:00,8.9,93,5.7,230,95,1,95
1976-12-08 13:00:00,5.6,100,4.1,240,107,1,106
1976-12-08 14:00:00,7.8,89,3.6,230,87,0,87
1976-12-08 15:00:00,8.3,86,3.6,230,111,1,111
1976-12-08 16:00:00,8.3,89,4.1,220,29,17,27
1976-12-08 17:00:00,7.2,89,3.6,230,8,7,7
1976-12-08 18:00:00,6.7,89,2.6,290,0,0,0
1976-12-08 19:00:00,6.7,89,2.1,200,0,0,0
1976-12-08 20:00:00,5.6,86,2.6,200,0,0,0
1976-12-08 21:00:00,6.1,86,4.6,210,0,0,0
1976-12-08 22:00:00,6.7,80,6.2,250,0,0,0
1976-12-08 23:00:00,6.7,80,4.6,310,0,0,0
1976-12-09 00:00:00,3.3,89,3.1,160,0,0,0
1976-12-09 01:00:00,5.0,89,3.1,210,0,0,0
1976-12-09 02:00:00,5.6,86,2.1,220,0,0,0
1976-12-09 03:00:00,5.0,89,0.0,0,0,0,0
1976-12-09 04:00:00,5.0,89,5.2,190,0,0,0
1976-12-09 05:00:00,5.6,83,2.6,300,0,0,0
1976-12-09 06:00:00,4.4,89,3.1,180,0,0,0
1976-12-09 07:00:00,5.0,89,4.6,180,0,0,0
1976-12-09 08:00:00,5.6,86,3.1,200,0,1,0
1976-12-09 09:00:00,5.6,86,2.6,170,56,23,54
1976-12-09 10:00:00,6.1,86,5.2,190,140,192,96
1976-12-09 11:00:00,7.2,83,5.2,220,123,35,112
1976-12-09 12:00:00,8.3,80,3.6,220,148,36,135
1976-12-09 13:00:00,8.9,77,2.6,230,204,212,127
1976-12-09 14:00:00,9.4,71,3.6,200,155,73,131
1976-12-09 15:00:00,10.0,69,4.1,240,88,34,80
1976-12-09 16:00:00,8.9,71,3.1,230,31,9,30
1976-12-09 17:00:00,8.3,80,1.5,250,6,2,6
1976-12-09 18:00:00,8.3,80,1.5,10,0,0,0
1976-12-09 19:00:00,7.8,83,2.1,170,0,0,0
1976-12-09 20:00:00,7.8,83,0.0,0,0,0,0
1976-12-09 21:00:00,6.7,86,2.6,180,0,0,0
1976-12-09 22:00:00,7.2,86,2.6,100,0,0,0
1976-12-09 23:00:00,6.7,89,2.6,100,0,0,0
1976-12-10 00:00:00,6.1,89,3.1,100,0,0,0
1976-12-10 01:00:00,5.6,93,3.1,110,0,0,0
1976-12-10 02:00:00,5.6,89,3.6,130,0,0,0
1976-12-10 03:00:00,5.0,89,2.6,120,0,0,0
1976-12-10 04:00:00,4.4,93,2.1,120,0,0,0
1976-12-10 05:00:00,2.8,92,2.1,140,0,0,0
1976-12-10 06:00:00,2.8,92,0.0,0,0,0,0
1976-12-10 07:00:00,1.1,96,1.5,110,0,0,0
1976-12-10 08:00:00,0.6,100,0.0,0,7,16,6
1976-12-10 09:00:00,1.1,100,0.0,0,52,22,50
1976-12-10 10:00:00,2.8,100,0.0,0,87,8,85
1976-12-10 11:00:00,3.3,100,1.5,320,126,2,126
1976-12-10 12:00:00,3.9,96,1.5,180,166,53,147
1976-12-10 13:00:00,6.1,83,0.0,0,328,594,113
1976-12-10 14:00:00,7.2,71,0.0,0,264,578,78
1976-12-10 15:00:00,7.8,74,0.0,0,175,465,63
1976-12-10 16:00:00,7.2,83,3.1,300,83,385,35
1976-12-10 17:00:00,3.9,100,4.6,290,4,1,4
1976-12-10 18:00:00,3.9,96,3.1,300,0,0,0
1976-12-10 19:00:00,3.3,100,2.1,250,0,0,0
1976-12-10 20:00:00,2.8,100,0.0,0,0,0,0
1976-12-10 21:00:00,2.8,100,0.0,0,0,0,0
1976-12-10 22:00:00,2.8,100,1.5,80,0,0,0
1976-12-10 23:00:00,2.8,100,1.5,60,0,0,0
1976-12-11 00:00:00,2.2,100,1.5,10,0,0,0
1976-12-11 01:00:00,2.2,100,0.0,0,0,0,0
1976-12-11 02:00:00,2.2,100,2.1,100,0,0,0
1976-12-11 03:00:00,2.2,100,2.1,120,0,0,0
1976-12-11 04:00:00,1.7,100,1.5,110,0,0,0
1976-12-11 05:00:00,1.7,100,0.0,0,0,0,0
1976-12-11 06:00:00,1.7,100,2.6,360,0,0,0
1976-12-11 07:00:00,1.7,100,0.0,0,0,0,0
1976-12-11 08:00:00,1.7,100,0.0,0,1,2,1
1976-12-11 09:00:00,1.7,100,2.1,320,36,2,36
1976-12-11 10:00:00,1.1,100,2.6,360,78,2,77
1976-12-11 11:00:00,1.7,100,2.6,360,133,7,131
1976-12-11 12:00:00,1.7,100,0.0,0,157,4,156
1976-12-11 13:00:00,2.2,96,1.5,50,174,1,174
1976-12-11 14:00:00,2.2,96,2.1,290,143,1,142
1976-12-11 15:00:00,2.2,96,2.1,100,126,2,125
1976-12-11 16:00:00,1.7,100,2.1,90,56,0,56
1976-12-11 17:00:00,1.7,100,1.5,60,10,0,10
1976-12-11 18:00:00,2.2,96,1.5,90,0,0,0
1976-12-11 19:00:00,2.2,96,3.1,40,0,0,0
1976-12-11 20:00:00,2.2,96,3.1,30,0,0,0
1976-12-11 21:00:00,2.2,96,0.0,0,0,0,0
1976-12-11 22:00:00,2.2,96,2.6,10,0,0,0
1976-12-11 23:00:00,2.2,96,0.0,0,0,0,0
1976-12-12 00:00:00,1.7,96,0.0,0,0,0,0
1976-12-12 01:00:00,1.7,100,1.5,110,0,0,0
1976-12-12 02:00:00,1.7,100,2.1,30,0,0,0
1976-12-12 03:00:00,1.7,96,0.0,0,0,0,0
1976-12-12 04:00:00,1.7,96,2.1,140,0,0,0
1976-12-12 05:00:00,1.1,96,3.6,190,0,0,0
1976-12-12 06:00:00,0.6,100,2.6,220,0,0,0
1976-12-12 07:00:00,1.1,100,2.1,190,0,0,0
1976-12-12 08:00:00,0.6,100,2.6,170,5,0,5
1976-12-12 09:00:00,0.6,96,2.6,150,42,1,42
1976-12-12 10:00:00,1.1,92,0.0,0,106,1,106
1976-12-12 11:00:00,1.7,92,0.0,0,149,0,149
1976-12-12 12:00:00,2.2,89,2.6,60,266,396,125
1976-12-12 13:00:00,2.8,89,2.1,240,280,300,173
1976-12-12 14:00:00,3.9,86,3.6,160,205,193,143
1976-12-12 15:00:00,3.9,82,2.1,250,133,180,90
1976-12-12 16:00:00,2.8,89,3.1,210,72,79,62
1976-12-12 17:00:00,2.2,89,3.6,170,9,5,8
1976-12-12 18:00:00,1.1,92,3.1,160,0,0,0
1976-12-12 19:00:00,1.1,96,3.6,90,0,0,0
1976-12-12 20:00:00,0.6,96,3.6,100,0,0,0
1976-12-12 21:00:00,0.6,96,0.0,0,0,0,0
1976-12-12 22:00:00,0.0,100,2.6,150,0,0,0
1976-12-12 23:00:00,0.6,96,0.0,0,0,0,0
1976-12-13 00:00:00,1.1,92,2.1,80,0,0,0
1976-12-13 01:00:00,1.7,92,1.5,110,0,0,0
1976-12-13 02:00:00,1.7,96,1.5,120,0,0,0
1976-12-13 03:00:00,1.7,96,2.1,110,0,0,0
1976-12-13 04:00:00,2.2,89,2.6,100,0,0,0
1976-12-13 05:00:00,2.2,92,2.6,140,0,0,0
1976-12-13 06:00:00,2.2,92,0.0,0,0,0,0
1976-12-13 07:00:00,2.8,89,0.0,0,0,0,0
1976-12-13 08:00:00,2.8,89,2.6,120,0,0,0
1976-12-13 09:00:00,2.8,89,2.1,100,33,7,32
1976-12-13 10:00:00,3.9,86,2.1,330,75,41,65
1976-12-13 11:00:00,5.0,79,0.0,0,144,83,119
1976-12-13 12:00:00,6.7,74,2.6,120,300,469,133
1976-12-13 13:00:00,7.8,71,2.1,90,297,601,82
1976-12-13 14:00:00,8.9,68,2.1,320,265,596,74
1976-12-13 15:00:00,8.3,71,2.6,320,175,480,61
1976-12-13 16:00:00,7.2,77,1.5,270,71,226,43
1976-12-13 17:00:00,6.1,79,0.0,0,9,13,8
1976-12-13 18:00:00,5.0,93,2.1,70,0,0,0
1976-12-13 19:00:00,3.9,93,3.6,90,0,0,0
1976-12-13 20:00:00,4.4,89,3.1,100,0,0,0
1976-12-13 21:00:00,3.9,93,1.5,90,0,0,0
1976-12-13 22:00:00,3.3,96,3.1,120,0,0,0
1976-12-13 23:00:00,3.3,96,1.5,120,0,0,0
1976-12-14 00:00:00,1.7,100,3.1,110,0,0,0
1976-12-14 01:00:00,1.1,100,2.6,120,0,0,0
1976-12-14 02:00:00,2.2,96,1.5,320,0,0,0
1976-12-14 03:00:00,1.1,100,2.1,230,0,0,0
1976-12-14 04:00:00,1.7,100,1.5,290,0,0,0
1976-12-14 05:00:00,2.2,100,2.1,150,0,0,0
1976-12-14 06:00:00,2.2,96,1.5,150,0,0,0
1976-12-14 07:00:00,1.7,100,0.0,0,0,0,0
1976-12-14 08:00:00,2.2,96,0.0,0,2,1,2
1976-12-14 09:00:00,2.8,96,3.1,110,33,6,33
1976-12-14 10:00:00,3.9,93,0.0,0,71,54,59
1976-12-14 11:00:00,4.4,89,3.6,110,146,9,143
1976-12-14 12:00:00,5.6,86,3.6,140,155,8,152
1976-12-14 13:00:00,6.7,83,2.6,70,137,2,136
1976-12-14 14:00:00,7.2,77,2.6,110,86,3,85
1976-12-14 15:00:00,7.2,83,2.6,80,55,1,55
1976-12-14 16:00:00,6.7,86,2.6,140,42,3,42
1976-12-14 17:00:00,6.7,86,1.5,190,6,0,6
1976-12-14 18:00:00,6.7,89,0.0,0,0,0,0
1976-12-14 19:00:00,6.7,86,1.5,120,0,0,0
1976-12-14 20:00:00,6.7,89,2.6,110,0,0,0
1976-12-14 21:00:00,6.7,89,4.1,100,0,0,0
1976-12-14 22:00:00,6.7,89,2.6,170,0,0,0
1976-12-14 23:00:00,6.7,89,1.5,100,0,0,0
1976-12-15 00:00:00,6.7,89,0.0,0,0,0,0
1976-12-15 01:00:00,7.2,89,2.1,150,0,0,0
1976-12-15 02:00:00,7.2,89,0.0,0,0,0,0
1976-12-15 03:00:00,7.2,89,0.0,0,0,0,0
1976-12-15 04:00:00,7.8,86,2.6,160,0,0,0
1976-12-15 05:00:00,7.8,83,4.1,100,0,0,0
1976-12-15 06:00:00,7.8,86,3.1,120,0,0,0
1976-12-15 07:00:00,7.8,80,5.7,120,0,0,0
1976-12-15 08:00:00,7.8,80,4.1,120,4,0,4
1976-12-15 09:00:00,7.8,77,4.6,110,42,0,42
1976-12-15 10:00:00,8.3,77,3.6,90,103,0,103
1976-12-15 11:00:00,8.9,80,3.1,120,150,1,150
1976-12-15 12:00:00,9.4,77,5.2,120,154,69,130
1976-12-15 13:00:00,10.6,74,5.2,100,186,125,141
1976-12-15 14:00:00,10.6,77,2.1,90,184,146,137
1976-12-15 15:00:00,11.1,74,3.1,100,162,380,72
1976-12-15 16:00:00,10.0,77,3.1,90,74,187,51
1976-12-15 17:00:00,8.3,86,1.5,120,15,62,9
1976-12-15 18:00:00,6.7,89,4.1,120,0,0,0
1976-12-15 19:00:00,5.6,93,2.1,110,0,0,0
1976-12-15 20:00:00,6.1,93,0.0,0,0,0,0
1976-12-15 21:00:00,5.0,93,2.1,90,0,0,0
1976-12-15 22:00:00,5.6,93,2.1,100,0,0,0
1976-12-15 23:00:00,5.0,96,0.0,0,0,0,0
1976-12-16 00:00:00,2.8,100,0.0,0,0,0,0
1976-12-16 01:00:00,4.4,96,2.1,50,0,0,0
1976-12-16 02:00:00,2.8,100,0.0,0,0,0,0
1976-12-16 03:00:00,1.7,100,3.1,260,0,0,0
1976-12-16 04:00:00,2.2,100,2.1,250,0,0,0
1976-12-16 05:00:00,2.2,100,0.0,0,0,0,0
1976-12-16 06:00:00,1.1,100,0.0,0,0,0,0
1976-12-16 07:00:00,1.7,100,2.1,210,0,0,0
1976-12-16 08:00:00,2.2,100,0.0,0,1,0,1
1976-12-16 09:00:00,3.3,100,2.1,100,35,2,35
1976-12-16 10:00:00,4.4,100,1.5,80,95,3,94
1976-12-16 11:00:00,5.6,100,2.6,350,160,4,159
1976-12-16 12:00:00,6.7,100,2.6,270,141,7,138
1976-12-16 13:00:00,6.7,96,1.5,250,199,0,199
1976-12-16 14:00:00,6.7,96,2.6,320,150,0,150
1976-12-16 15:00:00,6.7,96,0.0,0,110,3,109
1976-12-16 16:00:00,5.6,100,1.5,290,63,43,58
1976-12-16 17:00:00,6.7,96,0.0,0,13,19,11
1976-12-16 18:00:00,5.0,100,1.5,60,0,0,0
1976-12-16 19:00:00,3.9,100,0.0,0,0,0,0
1976-12-16 20:00:00,5.0,100,0.0,0,0,0,0
1976-12-16 21:00:00,5.0,100,2.1,70,0,0,0
1976-12-16 22:00:00,5.0,100,0.0,0,0,0,0
1976-12-16 23:00:00,5.0,100,2.1,160,0,0,0
1976-12-17 00:00:00,3.9,100,2.6,120,0,0,0
1976-12-17 01:00:00,2.8,100,0.0,0,0,0,0
1976-12-17 02:00:00,4.4,96,3.1,270,0,0,0
1976-12-17 03:00:00,4.4,100,0.0,0,0,0,0
1976-12-17 04:00:00,3.9,100,2.6,110,0,0,0
1976-12-17 05:00:00,2.8,100,2.1,150,0,0,0
1976-12-17 06:00:00,3.3,100,3.1,120,0,0,0
1976-12-17 07:00:00,3.3,100,2.6,150,0,0,0
1976-12-17 08:00:00,2.8,100,3.1,110,1,2,1
1976-12-17 09:00:00,2.8,100,3.1,110,39,7,38
1976-12-17 10:00:00,3.3,100,4.6,100,71,6,70
1976-12-17 11:00:00,6.1,89,3.6,170,106,4,105
1976-12-17 12:00:00,7.2,89,2.6,130,215,117,174
1976-12-17 13:00:00,7.2,86,1.5,350,163,158,107
1976-12-17 14:00:00,7.8,86,3.6,130,79,44,65
1976-12-17 15:00:00,7.8,89,3.6,100,58,8,56
1976-12-17 16:00:00,6.7,100,2.6,80,25,3,24
1976-12-17 17:00:00,7.8,93,2.6,180,6,4,6
1976-12-17 18:00:00,7.8,96,2.6,340,0,0,0
1976-12-17 19:00:00,7.8,93,1.5,20,0,0,0
1976-12-17 20:00:00,5.6,96,0.0,0,0,0,0
1976-12-17 21:00:00,2.8,100,0.0,0,0,0,0
1976-12-17 22:00:00,3.9,96,2.1,110,0,0,0
1976-12-17 23:00:00,5.6,96,1.5,60,0,0,0
1976-12-18 00:00:00,3.3,96,1.5,130,0,0,0
1976-12-18 01:00:00,2.8,100,0.0,0,0,0,0
1976-12-18 02:00:00,2.8,100,1.5,260,0,0,0
1976-12-18 03:00:00,3.9,100,0.0,0,0,0,0
1976-12-18 04:00:00,4.4,96,0.0,0,0,0,0
1976-12-18 05:00:00,4.4,100,0.0,0,0,0,0
1976-12-18 06:00:00,4.4,100,0.0,0,0,0,0
1976-12-18 07:00:00,5.0,100,2.6,300,0,0,0
1976-12-18 08:00:00,4.4,100,1.5,260,1,0,1
1976-12-18 09:00:00,5.0,100,0.0,0,26,5,26
1976-12-18 10:00:00,5.0,100,1.5,330,62,3,61
1976-12-18 11:00:00,5.0,100,2.1,340,116,8,114
1976-12-18 12:00:00,5.6,96,2.1,360,134,5,132
1976-12-18 13:00:00,5.6,100,2.6,310,129,3,128
1976-12-18 14:00:00,6.1,96,3.1,280,111,1,111
1976-12-18 15:00:00,6.1,96,3.1,290,81,1,81
1976-12-18 16:00:00,5.6,96,3.1,280,41,1,41
1976-12-18 17:00:00,5.6,96,2.1,280,8,0,8
1976-12-18 18:00:00,5.6,100,0.0,0,0,0,0
1976-12-18 19:00:00,5.6,100,2.6,320,0,0,0
1976-12-18 20:00:00,5.6,100,2.6,320,0,0,0
1976-12-18 21:00:00,5.0,100,2.1,330,0,0,0
1976-12-18 22:00:00,4.4,96,2.6,10,0,0,0
1976-12-18 23:00:00,4.4,96,3.6,300,0,0,0
1976-12-19 00:00:00,4.4,96,2.6,330,0,0,0
1976-12-19 01:00:00,3.9,100,2.6,290,0,0,0
1976-12-19 02:00:00,2.8,100,2.6,310,0,0,0
1976-12-19 03:00:00,2.8,100,2.1,310,0,0,0
1976-12-19 04:00:00,1.7,100,2.1,320,0,0,0
1976-12-19 05:00:00,1.1,100,2.6,10,0,0,0
1976-12-19 06:00:00,1.1,100,3.1,340,0,0,0
1976-12-19 07:00:00,0.0,100,3.1,320,0,0,0
1976-12-19 08:00:00,0.0,100,3.1,300,1,2,1
1976-12-19 09:00:00,0.6,100,2.6,290,36,39,32
1976-12-19 10:00:00,2.2,96,3.1,280,155,443,61
1976-12-19 11:00:00,5.0,89,3.1,290,256,671,53
1976-12-19 12:00:00,7.8,77,4.1,290,326,773,55
1976-12-19 13:00:00,10.6,61,3.1,90,327,762,56
1976-12-19 14:00:00,11.1,55,4.6,150,287,748,49
1976-12-19 15:00:00,11.1,53,5.2,140,198,645,43
1976-12-19 16:00:00,10.0,54,5.2,150,84,417,31
1976-12-19 17:00:00,7.8,61,4.1,130,15,59,9
1976-12-19 18:00:00,7.2,60,4.6,120,0,0,0
1976-12-19 19:00:00,7.2,60,5.7,130,0,0,0
1976-12-19 20:00:00,5.6,68,4.1,120,0,0,0
1976-12-19 21:00:00,5.6,68,4.1,120,0,0,0
1976-12-19 22:00:00,5.0,70,3.1,120,0,0,0
1976-12-19 23:00:00,3.9,73,1.5,130,0,0,0
1976-12-20 00:00:00,2.8,79,3.1,120,0,0,0
1976-12-20 01:00:00,0.6,92,1.5,350,0,0,0
1976-12-20 02:00:00,2.8,76,6.2,130,0,0,0
1976-12-20 03:00:00,1.7,79,2.6,100,0,0,0
1976-12-20 04:00:00,3.3,76,5.7,140,0,0,0
1976-12-20 05:00:00,0.6,89,3.6,180,0,0,0
1976-12-20 06:00:00,0.0,89,3.1,160,0,0,0
1976-12-20 07:00:00,-1.1,92,2.1,170,0,0,0
1976-12-20 08:00:00,-1.7,92,2.1,220,6,39,2
1976-12-20 09:00:00,0.0,96,3.1,190,57,340,26
1976-12-20 10:00:00,2.2,85,4.1,120,177,689,31
1976-12-20 11:00:00,2.8,82,4.1,200,276,794,38
1976-12-20 12:00:00,5.0,70,2.6,180,331,825,42
1976-12-20 13:00:00,5.0,73,4.1,190,341,838,42
1976-12-20 14:00:00,5.0,73,2.6,160,294,792,42
1976-12-20 15:00:00,4.4,76,5.2,170,206,713,35
1976-12-20 16:00:00,2.2,85,5.7,180,63,122,48
1976-12-20 17:00:00,1.1,92,2.1,160,17,98,8
1976-12-20 18:00:00,1.1,92,3.1,140,0,0,0
1976-12-20 19:00:00,1.1,92,3.1,150,0,0,0
1976-12-20 20:00:00,1.1,96,3.1,160,0,0,0
1976-12-20 21:00:00,1.1,92,3.6,140,0,0,0
1976-12-20 22:00:00,1.1,96,2.1,140,0,0,0
1976-12-20 23:00:00,0.6,96,0.0,0,0,0,0
1976-12-21 00:00:00,0.6,96,1.5,110,0,0,0
1976-12-21 01:00:00,0.6,92,2.6,180,0,0,0
1976-12-21 02:00:00,0.6,92,1.5,160,0,0,0
1976-12-21 03:00:00,0.6,92,2.6,180,0,0,0
1976-12-21 04:00:00,0.0,96,1.5,120,0,0,0
1976-12-21 05:00:00,0.0,96,2.6,100,0,0,0
1976-12-21 06:00:00,-0.6,96,2.1,100,0,0,0
1976-12-21 07:00:00,-0.6,96,2.1,180,0,0,0
1976-12-21 08:00:00,-0.6,100,2.1,250,0,0,0
1976-12-21 09:00:00,-0.6,100,1.5,270,18,2,17
1976-12-21 10:00:00,0.0,96,2.6,150,76,4,75
1976-12-21 11:00:00,1.1,89,1.5,200,108,9,105
1976-12-21 12:00:00,1.7,85,1.5,90,134,6,132
1976-12-21 13:00:00,2.8,79,3.1,160,163,2,162
1976-12-21 14:00:00,2.8,79,2.6,160,115,3,114
1976-12-21 15:00:00,2.8,79,3.6,180,95,1,95
1976-12-21 16:00:00,2.2,85,1.5,190,44,1,43
1976-12-21 17:00:00,2.2,85,0.0,0,9,0,9
1976-12-21 18:00:00,1.7,89,2.6,100,0,0,0
1976-12-21 19:00:00,0.0,92,1.5,290,0,0,0
1976-12-21 20:00:00,0.0,92,2.6,290,0,0,0
1976-12-21 21:00:00,0.6,92,2.1,240,0,0,0
1976-12-21 22:00:00,-0.6,96,1.5,250,0,0,0
1976-12-21 23:00:00,1.1,89,3.6,100,0,0,0
1976-12-22 00:00:00,1.1,85,0.0,0,0,0,0
1976-12-22 01:00:00,1.1,85,3.6,110,0,0,0
1976-12-22 02:00:00,0.0,92,0.0,0,0,0,0
1976-12-22 03:00:00,0.0,92,1.5,90,0,0,0
1976-12-22 04:00:00,-0.6,92,0.0,0,0,0,0
1976-12-22 05:00:00,-0.6,92,0.0,0,0,0,0
1976-12-22 06:00:00,0.6,85,2.1,120,0,0,0
1976-12-22 07:00:00,-0.6,92,3.6,60,0,0,0
1976-12-22 08:00:00,-1.1,92,2.1,330,0,1,0
1976-12-22 09:00:00,0.6,89,0.0,0,31,48,27
1976-12-22 10:00:00,1.1,89,3.1,140,108,49,98
1976-12-22 11:00:00,2.2,85,1.5,190,130,65,111
1976-12-22 12:00:00,3.9,76,2.6,50,205,135,158
1976-12-22 13:00:00,5.0,70,2.1,300,163,106,125
1976-12-22 14:00:00,5.6,68,2.1,360,110,6,109
1976-12-22 15:00:00,5.0,79,4.6,100,70,2,69
1976-12-22 16:00:00,5.0,79,4.6,100,48,2,47
1976-12-22 17:00:00,3.3,82,6.2,120,7,0,7
1976-12-22 18:00:00,3.3,67,5.2,110,0,0,0
1976-12-22 19:00:00,2.8,67,5.7,130,0,0,0
1976-12-22 20:00:00,2.8,73,7.7,100,0,0,0
1976-12-22 21:00:00,2.8,79,4.6,160,0,0,0
1976-12-22 22:00:00,1.7,89,4.1,110,0,0,0
1976-12-22 23:00:00,2.2,92,3.1,110,0,0,0
1976-12-23 00:00:00,1.7,92,4.6,120,0,0,0
1976-12-23 01:00:00,1.7,92,4.6,130,0,0,0
1976-12-23 02:00:00,1.1,96,3.1,110,0,0,0
1976-12-23 03:00:00,1.1,100,3.1,130,0,0,0
1976-12-23 04:00:00,2.2,96,3.1,110,0,0,0
1976-12-23 05:00:00,2.2,92,3.1,110,0,0,0
1976-12-23 06:00:00,2.8,96,2.6,40,0,0,0
1976-12-23 07:00:00,3.3,93,2.1,120,0,0,0
1976-12-23 08:00:00,3.3,93,2.1,120,2,1,2
1976-12-23 09:00:00,3.9,93,2.1,70,33,5,32
1976-12-23 10:00:00,5.0,89,3.1,160,72,7,71
1976-12-23 11:00:00,5.0,93,4.1,150,200,106,168
1976-12-23 12:00:00,6.7,86,3.1,180,214,169,155
1976-12-23 13:00:00,6.7,86,1.5,290,158,11,154
1976-12-23 14:00:00,6.1,89,3.1,280,89,5,87
1976-12-23 15:00:00,6.7,86,0.0,0,103,2,102
1976-12-23 16:00:00,6.7,86,0.0,0,60,20,58
1976-12-23 17:00:00,5.6,89,2.1,290,13,2,13
1976-12-23 18:00:00,6.1,86,3.1,230,0,0,0
1976-12-23 19:00:00,5.6,86,0.0,0,0,0,0
1976-12-23 20:00:00,3.3,96,0.0,0,0,0,0
1976-12-23 21:00:00,4.4,93,0.0,0,0,0,0
1976-12-23 22:00:00,3.3,96,0.0,0,0,0,0
1976-12-23 23:00:00,2.8,96,2.1,70,0,0,0
1976-12-24 00:00:00,0.6,100,3.1,280,0,0,0
1976-12-24 01:00:00,1.7,96,2.1,280,0,0,0
1976-12-24 02:00:00,0.6,96,2.6,270,0,0,0
1976-12-24 03:00:00,0.6,100,3.6,290,0,0,0
1976-12-24 04:00:00,1.7,100,3.1,270,0,0,0
1976-12-24 05:00:00,1.7,100,0.0,0,0,0,0
1976-12-24 06:00:00,1.1,100,2.6,60,0,0,0
1976-12-24 07:00:00,1.1,96,2.6,270,0,0,0
1976-12-24 08:00:00,1.1,96,1.5,270,1,0,1
1976-12-24 09:00:00,1.7,92,0.0,0,17,2,17
1976-12-24 10:00:00,2.2,92,2.1,40,62,6,61
1976-12-24 11:00:00,2.2,92,0.0,0,110,6,108
1976-12-24 12:00:00,2.8,82,0.0,0,117,1,117
1976-12-24 13:00:00,3.3,82,2.1,50,154,2,153
1976-12-24 14:00:00,3.9,86,1.5,330,144,1,143
1976-12-24 15:00:00,4.4,76,0.0,0,90,2,89
1976-12-24 16:00:00,4.4,79,0.0,0,51,0,51
1976-12-24 17:00:00,4.4,86,1.5,50,9,0,9
1976-12-24 18:00:00,3.9,89,3.1,90,0,0,0
1976-12-24 19:00:00,3.9,82,2.1,100,0,0,0
1976-12-24 20:00:00,3.9,86,0.0,0,0,0,0
1976-12-24 21:00:00,3.9,89,0.0,0,0,0,0
1976-12-24 22:00:00,3.9,89,2.1,220,0,0,0
1976-12-24 23:00:00,2.8,92,0.0,0,0,0,0
1976-12-25 00:00:00,3.3,89,0.0,0,0,0,0
1976-12-25 01:00:00,3.3,93,2.1,130,0,0,0
1976-12-25 02:00:00,3.3,93,0.0,0,0,0,0
1976-12-25 03:00:00,3.3,93,2.6,150,0,0,0
1976-12-25 04:00:00,3.9,89,1.5,110,0,0,0
1976-12-25 05:00:00,3.9,89,3.1,120,0,0,0
1976-12-25 06:00:00,3.9,86,4.6,120,0,0,0
1976-12-25 07:00:00,3.9,86,4.6,120,0,0,0
1976-12-25 08:00:00,3.9,86,2.1,140,1,0,1
1976-12-25 09:00:00,4.4,82,3.6,100,33,0,33
1976-12-25 10:00:00,5.0,79,5.2,100,98,1,98
1976-12-25 11:00:00,5.0,86,4.6,120,133,1,132
1976-12-25 12:00:00,5.6,86,4.6,100,106,1,106
1976-12-25 13:00:00,5.6,89,3.6,130,105,1,105
1976-12-25 14:00:00,5.6,93,5.2,100,87,1,87
1976-12-25 15:00:00,5.6,93,5.7,110,69,1,69
1976-12-25 16:00:00,5.6,96,4.6,110,29,0,29
1976-12-25 17:00:00,5.6,96,4.6,120,6,0,6
1976-12-25 18:00:00,6.1,93,4.1,110,0,0,0
1976-12-25 19:00:00,6.1,96,3.6,120,0,0,0
1976-12-25 20:00:00,5.6,96,5.2,120,0,0,0
1976-12-25 21:00:00,5.6,96,5.7,120,0,0,0
1976-12-25 22:00:00,6.1,93,5.2,120,0,0,0
1976-12-25 23:00:00,6.1,96,5.2,130,0,0,0
1976-12-26 00:00:00,6.7,93,5.7,110,0,0,0
1976-12-26 01:00:00,6.1,93,5.7,130,0,0,0
1976-12-26 02:00:00,6.1,93,6.2,120,0,0,0
1976-12-26 03:00:00,6.1,93,5.2,110,0,0,0
1976-12-26 04:00:00,7.8,89,5.2,110,0,0,0
1976-12-26 05:00:00,10.0,77,5.2,170,0,0,0
1976-12-26 06:00:00,10.6,71,6.7,190,0,0,0
1976-12-26 07:00:00,8.9,83,7.2,190,0,0,0
1976-12-26 08:00:00,8.9,83,8.8,180,1,0,1
1976-12-26 09:00:00,8.9,86,8.2,140,19,0,19
1976-12-26 10:00:00,8.9,83,7.7,160,142,327,74
1976-12-26 11:00:00,10.6,74,12.4,190,118,88,92
1976-12-26 12:00:00,10.0,83,9.8,180,109,76,82
1976-12-26 13:00:00,10.6,83,9.3,180,108,48,90
1976-12-26 14:00:00,11.1,83,7.7,170,80,9,78
1976-12-26 15:00:00,10.6,86,5.2,210,54,27,48
1976-12-26 16:00:00,10.6,86,4.6,210,44,1,44
1976-12-26 17:00:00,9.4,89,4.1,230,11,12,9
1976-12-26 18:00:00,10.0,86,4.6,210,0,0,0
1976-12-26 19:00:00,10.0,89,7.2,210,0,0,0
1976-12-26 20:00:00,9.4,89,5.2,210,0,0,0
1976-12-26 21:00:00,8.3,93,4.1,190,0,0,0
1976-12-26 22:00:00,8.3,93,4.6,200,0,0,0
1976-12-26 23:00:00,6.7,93,2.6,170,0,0,0
1976-12-27 00:00:00,7.2,93,3.6,190,0,0,0
1976-12-27 01:00:00,7.8,89,0.0,0,0,0,0
1976-12-27 02:00:00,6.7,96,2.1,120,0,0,0
1976-12-27 03:00:00,6.7,96,1.5,30,0,0,0
1976-12-27 04:00:00,5.6,93,0.0,0,0,0,0
1976-12-27 05:00:00,4.4,96,0.0,0,0,0,0
1976-12-27 06:00:00,4.4,96,0.0,0,0,0,0
1976-12-27 07:00:00,5.6,93,0.0,0,0,0,0
1976-12-27 08:00:00,5.6,96,2.1,270,1,0,1
1976-12-27 09:00:00,5.6,96,2.1,310,31,5,31
1976-12-27 10:00:00,6.7,96,2.1,300,96,2,95
1976-12-27 11:00:00,7.2,96,3.1,290,121,2,120
1976-12-27 12:00:00,7.2,96,2.6,310,141,3,140
1976-12-27 13:00:00,7.8,96,3.1,270,139,1,139
1976-12-27 14:00:00,7.8,96,3.1,270,134,6,132
1976-12-27 15:00:00,7.2,96,3.1,300,114,3,113
1976-12-27 16:00:00,7.2,96,1.5,290,56,1,56
1976-12-27 17:00:00,7.2,96,0.0,0,13,0,13
1976-12-27 18:00:00,7.2,96,0.0,0,0,0,0
1976-12-27 19:00:00,6.1,100,0.0,0,0,0,0
1976-12-27 20:00:00,5.0,100,0.0,0,0,0,0
1976-12-27 21:00:00,4.4,100,0.0,0,0,0,0
1976-12-27 22:00:00,4.4,96,2.6,280,0,0,0
1976-12-27 23:00:00,3.9,100,2.6,300,0,0,0
1976-12-28 00:00:00,3.3,100,3.1,300,0,0,0
1976-12-28 01:00:00,2.2,100,3.1,270,0,0,0
1976-12-28 02:00:00,1.7,100,2.1,320,0,0,0
1976-12-28 03:00:00,1.1,100,1.5,360,0,0,0
1976-12-28 04:00:00,1.1,100,1.5,310,0,0,0
1976-12-28 05:00:00,0.6,100,2.1,350,0,0,0
1976-12-28 06:00:00,0.0,100,4.1,290,0,0,0
1976-12-28 07:00:00,-0.6,100,0.0,0,0,0,0
1976-12-28 08:00:00,-0.6,100,0.0,0,1,0,1
1976-12-28 09:00:00,-0.6,100,2.1,290,24,1,24
1976-12-28 10:00:00,0.6,100,2.6,300,111,142,81
1976-12-28 11:00:00,5.0,93,2.6,20,224,381,110
1976-12-28 12:00:00,8.3,71,8.2,140,233,227,153
1976-12-28 13:00:00,7.8,68,7.7,130,186,109,147
1976-12-28 14:00:00,7.8,66,8.2,150,130,27,122
1976-12-28 15:00:00,7.8,63,7.2,130,119,92,96
1976-12-28 16:00:00,6.7,68,7.2,140,41,1,41
1976-12-28 17:00:00,6.1,71,6.2,120,8,0,8
1976-12-28 18:00:00,5.6,73,8.2,120,0,0,0
1976-12-28 19:00:00,5.6,71,6.7,120,0,0,0
1976-12-28 20:00:00,5.6,71,6.2,120,0,0,0
1976-12-28 21:00:00,5.6,68,7.2,120,0,0,0
1976-12-28 22:00:00,6.1,68,3.1,110,0,0,0
1976-12-28 23:00:00,5.6,71,4.1,160,0,0,0
1976-12-29 00:00:00,5.0,79,6.7,120,0,0,0
1976-12-29 01:00:00,5.0,79,5.7,100,0,0,0
1976-12-29 02:00:00,4.4,86,5.7,100,0,0,0
1976-12-29 03:00:00,5.0,82,6.2,100,0,0,0
1976-12-29 04:00:00,5.0,86,5.7,100,0,0,0
1976-12-29 05:00:00,4.4,86,3.6,90,0,0,0
1976-12-29 06:00:00,4.4,86,3.6,130,0,0,0
1976-12-29 07:00:00,4.4,89,2.1,340,0,0,0
1976-12-29 08:00:00,4.4,86,0.0,0,3,2,2
1976-12-29 09:00:00,4.4,93,0.0,0,42,51,37
1976-12-29 10:00:00,5.0,89,1.5,330,127,221,81
1976-12-29 11:00:00,5.6,86,2.6,310,225,274,142
1976-12-29 12:00:00,6.1,83,0.0,0,292,497,118
1976-12-29 13:00:00,7.8,80,0.0,0,196,83,166
1976-12-29 14:00:00,7.8,77,1.5,270,228,254,145
1976-12-29 15:00:00,7.8,74,2.1,250,189,367,97
1976-12-29 16:00:00,7.2,71,2.6,180,82,173,58
1976-12-29 17:00:00,6.1,71,5.2,130,19,61,14
1976-12-29 18:00:00,5.6,71,4.6,130,0,0,0
1976-12-29 19:00:00,5.6,71,5.2,130,0,0,0
1976-12-29 20:00:00,5.6,71,6.2,120,0,0,0
1976-12-29 21:00:00,6.1,68,4.1,130,0,0,0
1976-12-29 22:00:00,5.6,71,5.7,120,0,0,0
1976-12-29 23:00:00,5.6,65,5.7,120,0,0,0
1976-12-30 00:00:00,3.3,73,4.1,120,0,0,0
1976-12-30 01:00:00,3.9,70,4.6,100,0,0,0
1976-12-30 02:00:00,3.3,73,5.7,100,0,0,0
1976-12-30 03:00:00,3.9,70,6.2,100,0,0,0
1976-12-30 04:00:00,4.4,65,6.2,100,0,0,0
1976-12-30 05:00:00,3.9,65,5.7,100,0,0,0
1976-12-30 06:00:00,5.0,58,6.7,80,0,0,0
1976-12-30 07:00:00,3.3,67,3.1,80,0,0,0
1976-12-30 08:00:00,2.8,70,6.2,90,6,23,1
1976-12-30 09:00:00,3.9,67,6.2,110,55,448,17
1976-12-30 10:00:00,5.6,60,5.7,90,174,700,28
1976-12-30 11:00:00,7.2,54,6.7,120,275,799,35
1976-12-30 12:00:00,8.3,48,6.7,110,340,853,39
1976-12-30 13:00:00,8.9,48,6.2,120,349,853,40
1976-12-30 14:00:00,8.9,48,6.2,120,311,835,37
1976-12-30 15:00:00,8.3,52,6.7,120,224,763,32
1976-12-30 16:00:00,7.2,51,7.2,120,106,589,23
1976-12-30 17:00:00,5.0,60,7.2,120,24,164,9
1976-12-30 18:00:00,4.4,62,6.2,120,0,0,0
1976-12-30 19:00:00,4.4,62,7.7,130,0,0,0
1976-12-30 20:00:00,3.3,65,5.7,110,0,0,0
1976-12-30 21:00:00,2.8,67,3.6,90,0,0,0
1976-12-30 22:00:00,1.7,70,5.2,110,0,0,0
1976-12-30 23:00:00,1.1,79,1.5,100,0,0,0
1976-12-31 00:00:00,0.6,85,1.5,80,0,0,0
1976-12-31 01:00:00,-1.1,92,1.5,300,0,0,0
1976-12-31 02:00:00,-1.7,85,0.0,0,0,0,0
1976-12-31 03:00:00,-1.7,85,0.0,0,0,0,0
1976-12-31 04:00:00,-2.2,92,0.0,0,0,0,0
1976-12-31 05:00:00,-3.9,92,1.5,260,0,0,0
1976-12-31 06:00:00,-3.9,96,3.1,260,0,0,0
1976-12-31 07:00:00,-4.4,92,1.5,280,0,0,0
1976-12-31 08:00:00,-4.4,96,0.0,0,0,0,0
1976-12-31 09:00:00,-3.9,96,1.5,250,30,52,26
1976-12-31 10:00:00,-0.6,100,3.1,270,143,401,59
1976-12-31 11:00:00,1.7,85,3.1,300,240,546,76
1976-12-31 12:00:00,3.9,70,2.1,300,302,610,86
1976-12-31 13:00:00,5.6,53,2.6,300,312,619,88
1976-12-31 14:00:00,6.7,49,2.1,340,273,582,81
1976-12-31 15:00:00,6.7,53,3.1,130,189,479,68
1976-12-31 16:00:00,5.0,58,5.7,120,83,264,46
1976-12-31 17:00:00,2.8,65,6.7,120,13,19,11
1976-12-31 18:00:00,1.7,70,6.2,120,0,0,0
1976-12-31 19:00:00,1.7,70,5.2,120,0,0,0
1976-12-31 20:00:00,1.1,70,6.7,130,0,0,0
1976-12-31 21:00:00,1.7,67,6.2,130,0,0,0
1976-12-31 22:00:00,1.1,67,4.6,120,0,0,0
1976-12-31 23:00:00,1.7,62,6.7,110,0,0,0
1977-01-01 00:00:00,0.6,70,3.1,80,0,0,0
