House,Total Electric Power (kW),Total Reactive Power (kVAR),Total Gas Power (therms/hour),Other Electric Power (kW),Lighting Electric Power (kW),Water Heating Electric Power (kW),HVAC Heating Electric Power (kW),HVAC Cooling Electric Power (kW),Hot Water Unmet Demand (kW),Hot Water Outlet Temperature (C),Temperature - Indoor (C),Unmet HVAC Load (C),Water Heating Gas Power (therms/hour),HVAC Heating Gas Power (therms/hour)
bldg0112631/up00,115.53113857628995,43.06396575259921,28.004151146763583,70.15103829173731,12.008089153749298,0.0,25.222011130803317,8.15,0.0,51.63658783554809,20.880592504110286,0.0,3.074286863035203,24.92986428372837
bldg0112631/up11,463.4373362496721,278.1107107400781,0.0,70.15103829173731,12.008089153749298,15.102652187026045,358.02555661715945,8.15,0.0,50.80780707793775,20.806930356000606,0.0,0.0,0.0
