,Total Electric Energy (kWh),Total Gas Energy (therms),Average Electric Power (kW),Peak Electric Power (kW),Other Electric Energy (kWh),Lighting Electric Energy (kWh),Water Heating Electric Energy (kWh),HVAC Heating Electric Energy (kWh),HVAC Cooling Electric Energy (kWh),Average Temperature - Indoor (C),Unmet Heating Load (C-hours),Unmet Cooling Load (C-hours),Total Hot Water Unmet Demand (kWh),Water Heating Gas Energy (therms),HVAC Heating Gas Energy (therms)
bldg0112631/up11,463.4373362496721,0.0,2.758555572914715,7.971876920365115,70.15103829173731,12.008089153749308,15.102652187026052,358.02555661715945,8.149999999999999,20.806930356000606,0.0,0.0,0.0,,
bldg0112631/up00,115.53113857628996,28.00415114676359,0.6876853486683926,3.3510270957498727,70.15103829173731,12.008089153749308,,25.222011130803324,8.149999999999999,20.88059250411029,0.0,0.0,0.0,3.074286863035211,24.929864283728374
